mode_bin,cost_bin,capacity_bin,reliability_bin,lane_count,capacity,unit_cost,transit_days,reliability,source_count,confidence_count,segment_id,mode,allocation,allocated_value,utilization,weighted_cost,weighted_time,weighted_reliability,objective_score
truck,cost_1,cap_1,rel_1,43,0.013289779619999999,0.0925082494008288,1.0,0.0,2,1,truck|cost_1|cap_1|rel_1,truck,0.013289779619999999,0.013289779619999999,1.0,0.0012294142475690118,0.013289779619999999,0.0,0.22562732584070666
truck,cost_1,cap_1,rel_2,131,0.02991446371,0.08068421192364225,1.0,0.000395218282428942,2,1,truck|cost_1|cap_1|rel_2,truck,0.02991446371,0.02991446371,1.0,0.002413624929559745,0.02991446371,1.1822742967249116e-05,0.19991291899525135
truck,cost_1,cap_1,rel_3,130,0.12307870615,0.13609917936387791,1.0,0.059278071084675574,2,1,truck|cost_1|cap_1|rel_3,truck,0.12307870615,0.12307870615,1.0,0.016750910904182872,0.12307870615,0.007295868292169596,0.30704484317307146
truck,cost_1,cap_1,rel_4,32,0.0358638284,0.13541487713908948,1.0,0.3864879922005065,2,1,truck|cost_1|cap_1|rel_4,truck,0.0358638284,0.0358638284,1.0,0.004856495916523388,0.0358638284,0.013860939030939504,0.2334654100316687
truck,cost_1,cap_1,rel_5,12,0.011491888,0.14119100867584755,1.0,0.7481136056960556,1,1,truck|cost_1|cap_1|rel_5,truck,0.011491888,0.011491888,1.0,0.0016225512583098684,0.011491888,0.008597237767935233,0.16630523774051734
truck,cost_1,cap_2,rel_1,16,0.14685871,0.13356308017508184,1.0,0.0,2,1,truck|cost_1|cap_2|rel_1,truck,0.14685871,0.14685871,1.0,0.019614901658139092,0.14685871,0.0,0.31460924319481165
truck,cost_1,cap_2,rel_2,18,0.14220105,0.1367604167910855,1.0,0.0004317288130126778,2,1,truck|cost_1|cap_2|rel_2,truck,0.14220105,0.14220105,1.0,0.019447474866129986,0.14220105,6.139229052565644e-05,0.32144399982513966
truck,cost_1,cap_2,rel_3,75,0.69046039,0.136291530758712,1.0,0.06165981353680897,2,1,truck|cost_1|cap_2|rel_3,truck,0.69046039,0.69046039,1.0,0.09410390348135729,0.69046039,0.0425736589019524,0.3069369593279749
truck,cost_1,cap_2,rel_4,37,0.32109775,0.13868944329983704,1.0,0.3759255773764016,2,1,truck|cost_1|cap_2|rel_4,truck,0.32109775,0.32109775,1.0,0.04453286819233025,0.32109775,0.12070885706301346,0.24288996426748216
truck,cost_1,cap_2,rel_5,20,0.22571643,0.1378725334882202,1.0,0.7579471403312645,2,1,truck|cost_1|cap_2|rel_5,truck,0.22571643,0.22571643,1.0,0.03112009605401651,0.22571643,0.17108112264428205,0.1569461143195206
truck,cost_1,cap_3,rel_1,12,0.60689665,0.13818997857450763,1.0,0.0,2,1,truck|cost_1|cap_3|rel_1,truck,0.60689665,0.60689665,1.0,0.08386703506044046,0.60689665,0.0,0.32463754639857845
truck,cost_1,cap_3,rel_2,26,0.98360145,0.13579046696816705,1.0,0.00010105304533723846,2,1,truck|cost_1|cap_3|rel_2,truck,0.98360145,0.98360145,1.0,0.1335637002060662,0.98360145,9.93959219206235e-05,0.3194145981411956
truck,cost_1,cap_3,rel_3,63,2.39090315,0.13927990313122235,1.0,0.08300273659024344,2,1,truck|cost_1|cap_3|rel_3,truck,2.39090315,2.39090315,1.0,0.33300475912813443,2.39090315,0.19845150437223333,0.30871130959170534
truck,cost_1,cap_3,rel_4,48,1.8654479,0.13788651062926324,1.0,0.40946809631511544,2,1,truck|cost_1|cap_3|rel_4,truck,1.8654479,1.8654479,1.0,0.2572201016916868,1.8654479,0.7638414003880298,0.23375905379524703
truck,cost_1,cap_3,rel_5,26,1.0838481,0.13633120041734026,1.0,0.8225198975475027,2,1,truck|cost_1|cap_3|rel_5,truck,1.0838481,1.0838481,1.0,0.14776231254305344,1.0838481,0.8914866281690554,0.1393777071850334
truck,cost_1,cap_4,rel_1,21,2.966254,0.13973057759845742,1.0,0.0,2,1,truck|cost_1|cap_4|rel_1,truck,2.966254,2.966254,1.0,0.4144763847237347,2.966254,0.0,0.32797662860741045
truck,cost_1,cap_4,rel_2,10,0.8218995,0.12907783166536319,1.0,0.00060124948196424,2,1,truck|cost_1|cap_4|rel_2,truck,0.8218995,0.8218995,1.0,0.10608900530684617,0.8218995,0.0004941666486016679,0.3047554736542255
truck,cost_1,cap_4,rel_3,34,3.7888197999999997,0.13372299701273593,1.0,0.11998754919498757,2,1,truck|cost_1|cap_4|rel_3,truck,3.7888197999999997,3.7888197999999997,1.0,0.5066523387971947,3.7888197999999997,0.4546112021434429,0.28851821158924007
truck,cost_1,cap_4,rel_4,33,3.8485158,0.14017190161360193,1.0,0.38981234959061273,2,1,truck|cost_1|cap_4|rel_4,truck,3.8485158,3.8485158,1.0,0.5394537780759925,3.8485158,1.5001989864345966,0.24304327026528003
truck,cost_1,cap_4,rel_5,23,2.6421178,0.12768381571731324,1.0,0.7747416728273047,2,1,truck|cost_1|cap_4|rel_5,truck,2.6421178,2.6421178,1.0,0.33735568227863305,2.6421178,2.046958764178798,0.13116271939461246
truck,cost_1,cap_5,rel_1,15,4.9332545,0.14175712744948113,1.0,0.0,1,1,truck|cost_1|cap_5|rel_1,truck,4.9332545,4.9332545,1.0,0.6993239868972263,4.9332545,0.0,0.332368956817197
truck,cost_1,cap_5,rel_2,17,6.1310995,0.14398905018066377,1.0,0.00021627914388174706,2,1,truck|cost_1|cap_5|rel_2,truck,6.1310995,6.1310995,1.0,0.8828111935681426,6.1310995,0.0013260289509138075,0.33715875440731047
truck,cost_1,cap_5,rel_3,13,4.531014,0.13326867106083473,1.0,0.12891783492630746,2,1,truck|cost_1|cap_5|rel_3,truck,4.531014,4.531014,1.0,0.603842214338037,4.531014,0.584128514900788,0.28556584138038793
truck,cost_1,cap_5,rel_4,41,13.942093,0.13947786819127547,1.0,0.39923548129232705,2,1,truck|cost_1|cap_5|rel_4,truck,13.942093,13.942093,1.0,1.9446134097645045,13.942093,5.566178209077384,0.23946276802439248
truck,cost_1,cap_5,rel_5,27,9.130753,0.13976017845588126,1.0,0.7787139277660485,2,1,truck|cost_1|cap_5|rel_5,truck,9.130753,9.130753,1.0,1.2761156687165733,9.130753,7.110244532091631,0.1564617003559754
truck,cost_1,cap_6,rel_1,15,12.6558,0.14201365098648344,1.0,0.0,1,1,truck|cost_1|cap_6|rel_1,truck,12.6558,12.6558,1.0,1.797296364154737,12.6558,0.0,0.33292494391392713
truck,cost_1,cap_6,rel_2,7,4.67969,0.13662599069381268,1.0,0.0,1,1,truck|cost_1|cap_6|rel_2,truck,4.67969,4.67969,1.0,0.6393672823899282,4.67969,0.0,0.3212477713655732
truck,cost_1,cap_6,rel_3,24,20.196064,0.12802738716813164,1.0,0.08921881725374452,2,1,truck|cost_1|cap_6|rel_3,truck,20.196064,20.196064,1.0,2.5856493050003655,20.196064,1.8018689432609285,0.28295306566007866
truck,cost_1,cap_6,rel_4,22,21.455101,0.13525077227301055,1.0,0.3661531583220274,2,1,truck|cost_1|cap_6|rel_4,truck,21.455101,21.455101,1.0,2.9018189794454408,21.455101,7.855852993268088,0.23759023613136332
truck,cost_1,cap_6,rel_5,26,25.084083,0.13181258514200736,1.0,0.743668118103372,2,1,truck|cost_1|cap_6|rel_5,truck,25.084083,25.084083,1.0,3.3063978261466795,25.084083,18.654232798958784,0.14695801941084763
truck,cost_1,cap_7,rel_1,25,49.74033,0.14355195202990945,1.0,0.0,1,1,truck|cost_1|cap_7|rel_1,truck,49.74033,49.74033,1.0,7.140321466111866,49.74033,0.0,0.33625904549784374
truck,cost_1,cap_7,rel_2,25,55.73139,0.1398830461384183,1.0,0.000184463713282008,1,1,truck|cost_1|cap_7|rel_2,truck,55.73139,55.73139,1.0,7.795876598728183,55.73139,0.010280419145767767,0.3282664436367988
truck,cost_1,cap_7,rel_3,18,35.1428,0.14262014755160599,1.0,0.07377219618776948,2,1,truck|cost_1|cap_7|rel_3,truck,35.1428,35.1428,1.0,5.012071321376579,35.1428,2.5925615361875454,0.3179847538505391
truck,cost_1,cap_7,rel_4,17,38.23268,0.13532774013297905,1.0,0.38650763636353525,2,1,truck|cost_1|cap_7|rel_4,truck,38.23268,38.23268,1.0,5.173942183627346,38.23268,14.777222778643408,0.2332722216441806
truck,cost_1,cap_7,rel_5,9,17.80801,0.13324128038455876,1.0,0.7852019040793888,2,1,truck|cost_1|cap_7|rel_5,truck,17.80801,17.80801,1.0,2.372762053501026,17.80801,13.982883359864797,0.14090315408643359
truck,cost_1,cap_8,rel_1,14,83.48835,0.14302470395937833,1.0,0.0,2,1,truck|cost_1|cap_8|rel_1,truck,83.48835,83.48835,1.0,11.940896542806964,83.48835,0.0,0.33511629217619243
truck,cost_1,cap_8,rel_2,46,198.23656,0.1418323169657394,1.0,0.0,1,1,truck|cost_1|cap_8|rel_2,truck,198.23656,198.23656,1.0,28.116350612117813,198.23656,0.0,0.33253192198342496
truck,cost_1,cap_8,rel_3,4,16.07845,0.1409419723492344,1.0,0.0441691067763305,2,1,truck|cost_1|cap_8|rel_3,truck,16.07845,16.07845,1.0,2.266128455318548,16.07845,0.7101707748478912,0.32087013060011077
truck,cost_1,cap_8,rel_4,7,49.83414,0.14558098489220167,1.0,0.3963965783556175,2,1,truck|cost_1|cap_8|rel_4,truck,49.83414,49.83414,1.0,7.2549031824558625,49.83414,19.75408258129481,0.2533161290424846
truck,cost_1,cap_8,rel_5,15,87.33931,0.1439095840651426,1.0,0.798338244623075,2,1,truck|cost_1|cap_8|rel_5,truck,87.33931,87.33931,1.0,12.568963774636549,87.33931,69.72631143199058,0.1611311365643066
truck,cost_1,cap_9,rel_1,37,645.56705,0.14258441210898748,1.0,0.0,2,1,truck|cost_1|cap_9|rel_1,truck,645.56705,645.56705,1.0,92.04779830118332,645.56705,0.0,0.33416200708222643
truck,cost_1,cap_9,rel_2,26,367.58215,0.14167088977310316,1.0,0.00011073970623516922,2,1,truck|cost_1|cap_9|rel_2,truck,367.58215,367.58215,1.0,52.075690255210276,367.58215,0.04070593930829191,0.3321576459586646
truck,cost_1,cap_9,rel_3,10,190.57965000000002,0.14480069299936318,1.0,0.08607347079493319,2,1,truck|cost_1|cap_9|rel_3,truck,190.57965000000002,190.57965000000002,1.0,27.596065391576087,190.57965000000002,16.40385193838359,0.3200004313726573
truck,cost_1,cap_9,rel_4,8,111.3674,0.14144267862138754,1.0,0.30827413941232484,2,1,truck|cost_1|cap_9|rel_4,truck,111.3674,111.3674,1.0,15.752103367099515,111.3674,34.33168939358815,0.2637633844850005
truck,cost_1,cap_9,rel_5,7,137.7766,0.1363461642796485,1.0,0.7843150982150204,1,1,truck|cost_1|cap_9|rel_5,truck,137.7766,137.7766,1.0,18.785310937491417,137.7766,108.06026756073159,0.14782805070465152
truck,cost_1,cap_10,rel_1,18,2661.6615,0.14749617678110755,1.0,0.0,2,1,truck|cost_1|cap_10|rel_1,truck,2661.6615,2661.6615,1.0,392.5848951354679,2661.6615,0.0,0.3448077272051674
truck,cost_1,cap_10,rel_2,15,2248.7515,0.1478423602774071,1.0,0.0,2,1,truck|cost_1|cap_10|rel_2,truck,2248.7515,2248.7515,1.0,332.4607294373596,2248.7515,0.0,0.3455580425925688
truck,cost_1,cap_10,rel_4,2,262.566,0.1455565457827746,1.0,0.5444569112325268,1,1,truck|cost_1|cap_10|rel_4,truck,262.566,262.566,1.0,38.218199999999996,262.566,142.95587335467962,0.22064006749754084
truck,cost_1,cap_10,rel_5,5,259.2767,0.14444793746702891,1.0,0.753928035290143,1,1,truck|cost_1|cap_10|rel_5,truck,259.2767,259.2767,1.0,37.45198454825761,259.2767,195.47597302751183,0.17208314864558422
truck,cost_2,cap_1,rel_1,17,0.026247336700000002,0.15626900754473433,1.0,0.0,2,1,truck|cost_2|cap_1|rel_1,truck,0.026247336700000002,0.026247336700000002,1.0,0.004101645256801483,0.026247336700000002,0.0,0.36382189161039846
truck,cost_2,cap_1,rel_2,23,0.01436099472,0.15310698157630187,1.0,0.0006825953701303695,2,1,truck|cost_2|cap_1|rel_2,truck,0.01436099472,0.01436099472,1.0,0.0021987685540124087,0.01436099472,9.802748506338682e-06,0.3568181407330534
truck,cost_2,cap_1,rel_3,42,0.03558549613,0.15490077263722324,1.0,0.06080636722753278,2,1,truck|cost_2|cap_1|rel_3,truck,0.03558549613,0.03558549613,1.0,0.005512220845215917,0.03558549613,0.0021638247456547263,0.3474585291821958
truck,cost_2,cap_1,rel_4,14,0.026289436,0.1545993554663884,1.0,0.37488157721931736,1,1,truck|cost_2|cap_1|rel_4,truck,0.026289436,0.026289436,1.0,0.004064329861174868,0.026289436,0.009855425231886301,0.27760301409610905
truck,cost_2,cap_1,rel_5,2,0.000476154,0.1536834721539669,1.0,0.6240640428630033,1,1,truck|cost_2|cap_1|rel_5,truck,0.000476154,0.000476154,1.0,7.317699999999997e-05,0.000476154,0.0002971505902653905,0.2207139487231113
truck,cost_2,cap_2,rel_1,15,0.11539957,0.15400493485811628,1.0,0.0,1,1,truck|cost_2|cap_2|rel_1,truck,0.11539957,0.11539957,1.0,0.017772103260504633,0.11539957,0.0,0.35891475827468694
truck,cost_2,cap_2,rel_2,18,0.18933105,0.15640441452573892,1.0,3.438614013271111e-05,1,1,truck|cost_2|cap_2|rel_2,truck,0.18933105,0.18933105,1.0,0.0296122120267934,0.18933105,6.510364016773334e-06,0.3641077951151117
truck,cost_2,cap_2,rel_3,47,0.40776367,0.1544707689742219,1.0,0.06765357941995319,2,1,truck|cost_2|cap_2|rel_3,truck,0.40776367,0.40776367,1.0,0.06298756766465086,0.40776367,0.027586671832916587,0.3450178519998863
truck,cost_2,cap_2,rel_4,33,0.34964767,0.15343756610158524,1.0,0.356708058000109,2,1,truck|cost_2|cap_2|rel_4,truck,0.34964767,0.34964767,1.0,0.05364908747789027,0.34964767,0.12472214134996298,0.2790892501974966
truck,cost_2,cap_2,rel_5,18,0.14625224,0.15473852139297142,1.0,0.767785474127775,1,1,truck|cost_2|cap_2|rel_5,truck,0.14625224,0.14625224,1.0,0.022630855368009992,0.14625224,0.11229034543064914,0.19133358003870407
truck,cost_2,cap_3,rel_1,15,0.56264005,0.15683770355251206,1.0,0.0,1,1,truck|cost_2|cap_3|rel_1,truck,0.56264005,0.56264005,1.0,0.08824317336867056,0.56264005,0.0,0.36505447886528064
truck,cost_2,cap_3,rel_2,5,0.20488204999999998,0.15547375150071313,1.0,0.0013335346069914401,2,1,truck|cost_2|cap_3|rel_2,truck,0.20488204999999998,0.20488204999999998,1.0,0.03185378092865668,0.20488204999999998,0.00027321730402635056,0.36180443359488973
truck,cost_2,cap_3,rel_3,27,0.98515905,0.15605078838528344,1.0,0.11185169426835756,1,1,truck|cost_2|cap_3|rel_3,truck,0.98515905,0.98515905,1.0,0.15373484643739688,0.98515905,0.11019170886630558,0.3387039166458654
truck,cost_2,cap_3,rel_4,26,0.9708427,0.1561766216057103,1.0,0.3423582244831065,2,1,truck|cost_2|cap_3|rel_4,truck,0.9708427,0.9708427,1.0,0.15162293299656612,0.9708427,0.3323759830243852,0.28818764934646945
truck,cost_2,cap_3,rel_5,29,1.0248443,0.15487753205505456,1.0,0.809524511716596,2,1,truck|cost_2|cap_3|rel_5,truck,1.0248443,1.0248443,1.0,0.15872535592468995,1.0248443,0.8296365815430367,0.18243823807934806
truck,cost_2,cap_4,rel_1,38,4.5749755,0.15615670700794326,1.0,0.0,1,1,truck|cost_2|cap_4|rel_1,truck,4.5749755,4.5749755,1.0,0.7144131087220187,4.5749755,0.0,0.3635784923101185
truck,cost_2,cap_4,rel_2,24,2.787085,0.15512618627542288,1.0,0.00013634727644933398,1,1,truck|cost_2|cap_4|rel_2,truck,2.787085,2.787085,1.0,0.4323498668754369,2.787085,0.00038001144898279195,0.3613149074999396
truck,cost_2,cap_4,rel_3,33,4.287936,0.15588288107324103,1.0,0.07252817073704579,2,1,truck|cost_2|cap_4|rel_3,truck,4.287936,4.287936,1.0,0.6684158175376689,4.287936,0.3109961543175252,0.34700440237117725
truck,cost_2,cap_4,rel_4,32,4.80169,0.1549980922097011,1.0,0.38645246123409577,2,1,truck|cost_2|cap_4|rel_4,truck,4.80169,4.80169,1.0,0.7442527893823996,4.80169,1.8556249185831453,0.27591774513617795
truck,cost_2,cap_4,rel_5,27,4.1754226,0.15494591174663327,1.0,0.7765011881076147,2,1,truck|cost_2|cap_4|rel_5,truck,4.1754226,4.1754226,1.0,0.6469646616844981,4.1754226,3.242220609751386,0.18986268653081112
truck,cost_2,cap_5,rel_1,28,11.0449495,0.15678988670933292,1.0,0.0,2,1,truck|cost_2|cap_5|rel_1,truck,11.0449495,11.0449495,1.0,1.7317363808153032,11.0449495,0.0,0.3649508410154184
truck,cost_2,cap_5,rel_2,22,7.289524,0.15381322751277218,1.0,0.00018668008055839093,1,1,truck|cost_2|cap_5|rel_2,truck,7.289524,7.289524,1.0,1.1212252134718133,7.289524,0.001360808927552324,0.3584581208503936
truck,cost_2,cap_5,rel_3,37,13.227966,0.15428208188631035,1.0,0.11225595015217266,2,1,truck|cost_2|cap_5|rel_3,truck,13.227966,13.227966,1.0,2.040838133601329,13.227966,1.4849178919106347,0.33478136377154943
truck,cost_2,cap_5,rel_4,30,9.878149,0.1558041823100134,1.0,0.40679661547613377,2,1,truck|cost_2|cap_5|rel_4,truck,9.878149,9.878149,1.0,1.5390569276814765,9.878149,4.018397580368956,0.273182299168331
truck,cost_2,cap_5,rel_5,19,6.866134,0.1545885247309816,1.0,0.7825803805883015,2,1,truck|cost_2|cap_5|rel_5,truck,6.866134,6.866134,1.0,1.0614255256652336,6.866134,5.3733017588902765,0.18774862085790273
truck,cost_2,cap_6,rel_1,12,8.66552,0.15293574357196538,1.0,0.0,1,1,truck|cost_2|cap_6|rel_1,truck,8.66552,8.66552,1.0,1.3252677446377374,8.66552,0.0,0.3565974014894856
truck,cost_2,cap_6,rel_2,16,15.176345000000001,0.1533098756398989,1.0,0.0,2,1,truck|cost_2|cap_6|rel_2,truck,15.176345000000001,15.176345000000001,1.0,2.3266835646182016,15.176345000000001,0.0,0.3574082923912515
truck,cost_2,cap_6,rel_3,29,23.079853,0.15541278368721992,1.0,0.12677284742561118,2,1,truck|cost_2|cap_6|rel_3,truck,23.079853,23.079853,1.0,3.5869042018218336,23.079853,2.9258986829745344,0.3340334359328717
truck,cost_2,cap_6,rel_4,29,23.585389,0.1547912791997028,1.0,0.3989434448251392,2,1,truck|cost_2|cap_6|rel_4,truck,23.585389,23.585389,1.0,3.6508125337325996,23.585389,9.409236335200944,0.2727172809022487
truck,cost_2,cap_6,rel_5,25,20.722599,0.15437028074882528,1.0,0.7308996483068283,2,1,truck|cost_2|cap_6|rel_5,truck,20.722599,20.722599,1.0,3.1989534254753256,20.722599,15.146140321103431,0.1986627511453556
truck,cost_2,cap_7,rel_1,31,64.787225,0.1547197908143098,1.0,0.0,2,1,truck|cost_2|cap_7|rel_1,truck,64.787225,64.787225,1.0,10.023865899439624,64.787225,0.0,0.3604641314523251
truck,cost_2,cap_7,rel_2,22,47.020255,0.1536126113813561,1.0,0.0,1,1,truck|cost_2|cap_7|rel_2,truck,47.020255,47.020255,1.0,7.222904158367266,47.020255,0.0,0.35806443945649213
truck,cost_2,cap_7,rel_3,19,37.657045000000004,0.15372947303949705,1.0,0.12511561443123517,2,1,truck|cost_2|cap_7|rel_3,truck,37.657045000000004,37.657045000000004,1.0,5.788997684074627,37.657045000000004,4.711484322839673,0.33075019055569915
truck,cost_2,cap_7,rel_4,30,70.58463,0.15416429677322274,1.0,0.355711456105256,2,1,truck|cost_2|cap_7|rel_4,truck,70.58463,70.58463,1.0,10.881629846948123,70.58463,25.107761515950738,0.28088394829238256
truck,cost_2,cap_7,rel_5,26,56.285920000000004,0.15550425665031542,1.0,0.7745709558053527,2,1,truck|cost_2|cap_7|rel_5,truck,56.285920000000004,56.285920000000004,1.0,8.752700149479123,56.285920000000004,43.597438852783625,0.19149813947302635
truck,cost_2,cap_8,rel_1,21,118.821685,0.15645220663795292,1.0,0.0,2,1,truck|cost_2|cap_8|rel_1,truck,118.821685,118.821685,1.0,18.589914814689752,118.821685,0.0,0.3642189558843145
truck,cost_2,cap_8,rel_2,40,185.67459,0.15599149365534443,1.0,2.7150670685615e-05,2,1,truck|cost_2|cap_8|rel_2,truck,185.67459,185.67459,1.0,28.963656627943678,185.67459,0.005041189647776584,0.36321442790579844
truck,cost_2,cap_8,rel_3,10,46.14434,0.1543627396217006,1.0,0.09663895183141132,2,1,truck|cost_2|cap_8|rel_3,truck,46.14434,46.14434,1.0,7.122966740435224,46.14434,4.459340650552266,0.33839717513395784
truck,cost_2,cap_8,rel_4,22,120.74906,0.15513447574470465,1.0,0.35262329806561166,2,1,truck|cost_2|cap_8|rel_4,truck,120.74906,120.74906,1.0,18.732342119765885,120.74906,42.57893177552243,0.2836671404341818
truck,cost_2,cap_8,rel_5,16,76.57316,0.15527124290499034,1.0,0.8519985383289149,2,1,truck|cost_2|cap_8|rel_5,truck,76.57316,76.57316,1.0,11.88960972636269,76.57316,65.24022039522613,0.17393298641064428
truck,cost_2,cap_9,rel_1,59,1158.0570500000001,0.15397634139336833,1.0,0.0,2,1,truck|cost_2|cap_9|rel_1,truck,1158.0570500000001,1158.0570500000001,1.0,178.31338768379703,1158.0570500000001,0.0,0.3588527850240587
truck,cost_2,cap_9,rel_2,35,724.23095,0.15464278131692244,1.0,4.412163635788e-05,2,1,truck|cost_2|cap_9|rel_2,truck,724.23095,724.23095,1.0,111.997088423797,724.23095,0.03195425461502197,0.36028750006731214
truck,cost_2,cap_9,rel_3,8,106.66434,0.15357565183808067,1.0,0.19879944337774277,2,1,truck|cost_2|cap_9|rel_3,truck,106.66434,106.66434,1.0,16.38104554337866,106.66434,21.204811420254302,0.3141815642712441
truck,cost_2,cap_9,rel_4,19,330.01516,0.15671158952595085,1.0,0.4257520806470414,2,1,truck|cost_2|cap_9|rel_4,truck,330.01516,330.01516,1.0,51.717200291260994,330.01516,140.50464101506626,0.27097242598033
truck,cost_2,cap_9,rel_5,24,506.595,0.15521317530702886,1.0,0.7549890461678773,2,1,truck|cost_2|cap_9|rel_5,truck,506.595,506.595,1.0,78.63021854466429,506.595,382.47367584341583,0.1951818610784538
truck,cost_2,cap_10,rel_1,92,14227.62765,0.15602518227000745,1.0,0.0,2,1,truck|cost_2|cap_10|rel_1,truck,14227.62765,14227.62765,1.0,2219.868197361048,14227.62765,0.0,0.36329342662746167
truck,cost_2,cap_10,rel_2,90,12962.6732,0.15513242871013752,1.0,5.371910980585778e-05,2,1,truck|cost_2|cap_10|rel_2,truck,12962.6732,12962.6732,1.0,2010.9309760918102,12962.6732,0.6963432650082498,0.3613466433031444
truck,cost_2,cap_10,rel_3,1,106.155,0.157817342565117,1.0,0.1787705950927771,1,1,truck|cost_2|cap_10|rel_3,truck,106.155,106.155,1.0,16.753099999999996,106.155,18.977392522073753,0.3277880573028489
truck,cost_2,cap_10,rel_4,8,499.8102,0.1565050064971535,1.0,0.3851359878920925,1,1,truck|cost_2|cap_10|rel_4,truck,499.8102,499.8102,1.0,78.22279859834359,499.8102,192.49489513554434,0.2794738864127783
truck,cost_2,cap_10,rel_5,20,1735.1914,0.15483225936435613,1.0,0.8202370857583956,1,1,truck|cost_2|cap_10|rel_5,truck,1735.1914,1735.1914,1.0,268.6636048916002,1735.1914,1423.2683371690305,0.1799797435612023
truck,cost_3,cap_1,rel_1,19,0.0172849646,0.16185906503711248,1.0,0.0,2,1,truck|cost_3|cap_1|rel_1,truck,0.0172849646,0.0172849646,1.0,0.002797728209355587,0.0172849646,0.0,0.3759377382576933
truck,cost_3,cap_1,rel_2,38,0.01287702135,0.1617208684615509,1.0,0.0004482002107972431,2,1,truck|cost_3|cap_1|rel_2,truck,0.01287702135,0.01287702135,1.0,0.0020824830759199327,0.01287702135,5.7714836835106e-06,0.37553945723034454
truck,cost_3,cap_1,rel_3,65,0.05102222864,0.16155177054883016,1.0,0.05558531616976084,2,1,truck|cost_3|cap_1|rel_3,truck,0.05102222864,0.05102222864,1.0,0.008242731374139231,0.05102222864,0.0028360867106402266,0.3630242377568563
truck,cost_3,cap_1,rel_4,15,0.012020496,0.16043618486289485,1.0,0.42554960046805973,2,1,truck|cost_3|cap_1|rel_4,truck,0.012020496,0.012020496,1.0,0.0019285225183996882,0.012020496,0.005115317270227911,0.2790896983921075
truck,cost_3,cap_1,rel_5,8,0.0076611202,0.1611448355012307,1.0,0.787150287942457,2,1,truck|cost_3|cap_1|rel_5,truck,0.0076611202,0.0076611202,1.0,0.0012345499543841556,0.0076611202,0.006030452971391774,0.20095179996545498
truck,cost_3,cap_2,rel_1,11,0.07424373,0.16136877852646275,1.0,0.0,1,1,truck|cost_3|cap_2|rel_1,truck,0.07424373,0.07424373,1.0,0.011980620023348498,0.07424373,0.0,0.3748750951302534
truck,cost_3,cap_2,rel_2,15,0.105003445,0.1614344793067191,1.0,0.0008853008031066133,2,1,truck|cost_3|cap_2|rel_2,truck,0.105003445,0.105003445,1.0,0.016951176468986716,0.105003445,9.29596341874611e-05,0.3748224304229658
truck,cost_3,cap_2,rel_3,46,0.404565365,0.16111035453835593,1.0,0.06842486396703158,2,1,truck|cost_3|cap_2|rel_3,truck,0.404565365,0.404565365,1.0,0.06517966938908937,0.404565365,0.02768233006589748,0.3592384954148035
truck,cost_3,cap_2,rel_4,27,0.21885949,0.1624297595693198,1.0,0.4064136297465524,2,1,truck|cost_3|cap_2|rel_4,truck,0.21885949,0.21885949,1.0,0.03554929434016395,0.21885949,0.08894747973537928,0.28762690894199183
truck,cost_3,cap_2,rel_5,15,0.15871756,0.16084159985629293,1.0,0.8016208889504093,2,1,truck|cost_3|cap_2|rel_5,truck,0.15871756,0.15871756,1.0,0.025528386275687164,0.15871756,0.12723131153923992,0.19710616813963336
truck,cost_3,cap_3,rel_1,10,0.31814395,0.16102091167750704,1.0,0.0,1,1,truck|cost_3|cap_3|rel_1,truck,0.31814395,0.31814395,1.0,0.05122782887368322,0.31814395,0.0,0.37412113125754337
truck,cost_3,cap_3,rel_2,18,0.82770895,0.16075665037186432,1.0,0.0007191339834430611,2,1,truck|cost_3|cap_3|rel_2,truck,0.82770895,0.82770895,1.0,0.13305971828481292,0.82770895,0.0005952336343449735,0.37338992193214227
truck,cost_3,cap_3,rel_3,31,1.4147222,0.16043170224262246,1.0,0.09387234447719285,2,1,truck|cost_3|cap_3|rel_3,truck,1.4147222,1.4147222,1.0,0.22696629074642777,1.4147222,0.13280328969793212,0.3521605815135589
truck,cost_3,cap_3,rel_4,17,0.6498678999999999,0.16132582249834684,1.0,0.35170981919008554,2,1,truck|cost_3|cap_3|rel_4,truck,0.6498678999999999,0.6498678999999999,1.0,0.10484047348277341,0.6498678999999999,0.22856492160644057,0.2972874894166291
truck,cost_3,cap_3,rel_5,19,0.7094803000000001,0.1616074669859436,1.0,0.7978644204221078,2,1,truck|cost_3|cap_3|rel_5,truck,0.7094803000000001,0.7094803000000001,1.0,0.11465731415942738,0.7094803000000001,0.5660690883604033,0.19959378958209473
truck,cost_3,cap_4,rel_1,17,1.96535,0.16145234471649392,1.0,0.0,2,1,truck|cost_3|cap_4|rel_1,truck,1.96535,1.96535,1.0,0.3173103656885613,1.96535,0.0,0.37505621583334037
truck,cost_3,cap_4,rel_2,8,0.9333505,0.16001501311871916,1.0,0.0004584334908310625,2,1,truck|cost_3|cap_4|rel_2,truck,0.9333505,0.9333505,1.0,0.14935009250186307,0.9333505,0.0004278791278839176,0.37183994501069684
truck,cost_3,cap_4,rel_3,27,3.6071946,0.16103955572741005,1.0,0.10826778885737084,2,1,truck|cost_3|cap_4|rel_3,truck,3.6071946,3.6071946,1.0,0.5809010158063126,3.6071946,0.3905429833202483,0.35030619684918896
truck,cost_3,cap_4,rel_4,23,2.9477587,0.16017377999372354,1.0,0.3673576622705139,2,1,truck|cost_3|cap_4|rel_4,truck,2.9477587,2.9477587,1.0,0.4721536534883845,2.9477587,1.0828817449695691,0.29134277090529953
truck,cost_3,cap_4,rel_5,34,4.9452838,0.16079500726228946,1.0,0.7266791313703642,2,1,truck|cost_3|cap_4|rel_5,truck,4.9452838,4.9452838,1.0,0.7951769445350825,4.9452838,3.5936345361639344,0.2135175867058278
truck,cost_3,cap_5,rel_1,17,5.821635,0.16225420844942529,1.0,0.0,2,1,truck|cost_3|cap_5|rel_1,truck,5.821635,5.821635,1.0,0.94458477880647,5.821635,0.0,0.3767941689820281
truck,cost_3,cap_5,rel_2,12,3.916348,0.16197637996931094,1.0,0.00048698012737888335,2,1,truck|cost_3|cap_5|rel_2,truck,3.916348,3.916348,1.0,0.634355871740051,3.916348,0.001907183647900035,0.37608470623258206
truck,cost_3,cap_5,rel_3,27,9.1618075,0.1610730192058272,1.0,0.09153125083300961,2,1,truck|cost_3|cap_5|rel_3,truck,9.1618075,9.1618075,1.0,1.4757199954075917,9.1618075,0.8385917003662487,0.3540663951864657
truck,cost_3,cap_5,rel_4,32,9.903516,0.1609634421070246,1.0,0.36282459853261073,2,1,truck|cost_3|cap_5|rel_4,truck,9.903516,9.903516,1.0,1.5941040243219917,9.903516,3.5932392167612868,0.2940530776622116
truck,cost_3,cap_5,rel_5,28,9.409184,0.16003306358458277,1.0,0.7391426131892167,2,1,truck|cost_3|cap_5|rel_5,truck,9.409184,9.409184,1.0,1.5057805413510388,9.409184,6.954728849738166,0.20911999627204947
truck,cost_3,cap_6,rel_1,20,13.113199999999999,0.16182097424778508,1.0,0.0,2,1,truck|cost_3|cap_6|rel_1,truck,13.113199999999999,13.113199999999999,1.0,2.121990799506055,13.113199999999999,0.0,0.3758551805804611
truck,cost_3,cap_6,rel_2,16,13.837195,0.16093537473252512,1.0,4.250560428104011e-06,2,1,truck|cost_3|cap_6|rel_2,truck,13.837195,13.837195,1.0,2.2268941625720227,13.837195,5.881583350295868e-05,0.3739348026021565
truck,cost_3,cap_6,rel_3,26,22.553947,0.16169213185004963,1.0,0.068645425126069,2,1,truck|cost_3|cap_6|rel_3,truck,22.553947,22.553947,1.0,3.6467957720630313,22.553947,1.5482252800858285,0.3604508373157531
truck,cost_3,cap_6,rel_4,37,32.429066,0.16110281005269478,1.0,0.41359340926059335,2,1,truck|cost_3|cap_6|rel_4,truck,32.429066,32.429066,1.0,5.224413659984302,32.429066,13.412447966076792,0.28316892165771285
truck,cost_3,cap_6,rel_5,15,13.754172,0.1613275465986423,1.0,0.7962064975757414,2,1,truck|cost_3|cap_6|rel_5,truck,13.754172,13.754172,1.0,2.218926824255741,13.754172,10.95116111517433,0.1993523932182875
truck,cost_3,cap_7,rel_1,21,56.235845,0.16065811113072323,1.0,0.0,2,1,truck|cost_3|cap_7|rel_1,truck,56.235845,56.235845,1.0,9.034744635540125,56.235845,0.0,0.3733348002056033
truck,cost_3,cap_7,rel_2,9,21.11119,0.16291862165366122,1.0,0.000814515444504211,1,1,truck|cost_3|cap_7|rel_2,truck,21.11119,21.11119,1.0,3.4394059762685565,21.11119,0.017195390306862856,0.37805474547071394
truck,cost_3,cap_7,rel_3,13,29.14338,0.16152787239657557,1.0,0.15503530639050228,2,1,truck|cost_3|cap_7|rel_3,truck,29.14338,29.14338,1.0,4.7074681658449125,29.14338,4.5182528475548365,0.34105998041738295
truck,cost_3,cap_7,rel_4,26,52.59223,0.1613890014110241,1.0,0.4212818406224582,2,1,truck|cost_3|cap_7|rel_4,truck,52.59223,52.59223,1.0,8.487807481678905,52.59223,22.156151456839666,0.2820951686625076
truck,cost_3,cap_7,rel_5,44,105.02835,0.1612120074576386,1.0,0.7756045563410758,2,1,truck|cost_3|cap_7|rel_5,truck,105.02835,105.02835,1.0,16.93183114346348,105.02835,81.46046680498523,0.2036413337829278
truck,cost_3,cap_8,rel_1,12,66.51988,0.16137259810537172,1.0,0.0,1,1,truck|cost_3|cap_8|rel_1,truck,66.51988,66.51988,1.0,10.734485861257554,66.51988,0.0,0.3748833736555425
truck,cost_3,cap_8,rel_2,39,216.00477,0.16102640843427188,1.0,1.614667415869219e-07,2,1,truck|cost_3|cap_8|rel_2,truck,216.00477,216.00477,1.0,34.78247231777096,216.00477,3.4877586379132504e-05,0.37413300930791427
truck,cost_3,cap_8,rel_3,13,71.41697,0.16080059293702942,1.0,0.1546081178875065,2,1,truck|cost_3|cap_8|rel_3,truck,71.41697,71.41697,1.0,11.483891121766042,71.41697,11.041643316928516,0.33957780584685815
truck,cost_3,cap_8,rel_4,19,115.7578,0.16103978185001197,1.0,0.4298666543691268,2,1,truck|cost_3|cap_8|rel_4,truck,115.7578,115.7578,1.0,18.641610859437318,115.7578,49.760418203130506,0.27944672529934195
truck,cost_3,cap_8,rel_5,37,188.34392,0.161792587218023,1.0,0.783341765196016,2,1,truck|cost_3|cap_8|rel_5,truck,188.34392,188.34392,1.0,30.472650103584346,188.34392,147.53765875673722,0.2031948884341148
truck,cost_3,cap_9,rel_1,62,942.4621999999999,0.16143601587438666,1.0,0.0,2,1,truck|cost_3|cap_9|rel_1,truck,942.4621999999999,942.4621999999999,1.0,152.14734268020936,942.4621999999999,0.0,0.3750208248293715
truck,cost_3,cap_9,rel_2,21,485.06,0.16144740017787101,1.0,0.0,2,1,truck|cost_3|cap_9|rel_2,truck,485.06,485.06,1.0,78.31167593027811,485.06,0.0,0.37504549907921425
truck,cost_3,cap_9,rel_3,22,373.83103,0.1603462266902467,1.0,0.14549078803497825,2,1,truck|cost_3|cap_9|rel_3,truck,373.83103,373.83103,1.0,59.942395080228415,373.83103,54.3889711466276,0.3406018963735443
truck,cost_3,cap_9,rel_4,26,354.87575,0.16048125762319604,1.0,0.41826441096553324,2,1,truck|cost_3|cap_9|rel_4,truck,354.87575,354.87575,1.0,56.95090665997491,354.87575,148.43189653970182,0.28079258174145105
truck,cost_3,cap_9,rel_5,17,390.02244,0.16193751934704642,1.0,0.7841137363072855,2,1,truck|cost_3|cap_9|rel_5,truck,390.02244,390.02244,1.0,63.159266423282254,390.02244,305.8219526720841,0.20333891979430338
truck,cost_3,cap_10,rel_1,105,17656.6686,0.16136731716784034,1.0,0.0,2,1,truck|cost_3|cap_10|rel_1,truck,17656.6686,17656.6686,1.0,2849.2092421036477,17656.6686,0.0,0.37487192779306766
truck,cost_3,cap_10,rel_2,112,21278.2515,0.16086622284784843,1.0,0.0,2,1,truck|cost_3|cap_10|rel_2,truck,21278.2515,21278.2515,1.0,3422.951947611565,21278.2515,0.0,0.37378585990465507
truck,cost_3,cap_10,rel_3,2,195.8492,0.1624341585260496,1.0,0.1820250977171303,1,1,truck|cost_3|cap_10|rel_3,truck,195.8492,195.8492,1.0,31.81259999999999,195.8492,35.64946976782179,0.3370774222598846
truck,cost_3,cap_10,rel_4,14,1873.3445000000002,0.15962958363892804,1.0,0.44571695271700235,1,1,truck|cost_3|cap_10|rel_4,truck,1873.3445000000002,1873.3445000000002,1.0,299.0412025472759,1873.3445000000002,834.9814019291565,0.27289787385926945
truck,cost_3,cap_10,rel_5,18,1416.1038,0.16072381125971963,1.0,0.8089990593300471,1,1,truck|cost_3|cap_10|rel_5,truck,1416.1038,1416.1038,1.0,227.60159987537176,1416.1038,1145.6266421137052,0.19522519397954202
truck,cost_4,cap_1,rel_1,8,0.010984355,0.16664983983471998,1.0,0.0,2,1,truck|cost_4|cap_1|rel_1,truck,0.010984355,0.010984355,1.0,0.0018305410014377056,0.010984355,0.0,0.3863212258781119
truck,cost_4,cap_1,rel_2,37,0.015145209199999999,0.16659634094248324,1.0,0.000642265648722699,2,1,truck|cost_4|cap_1|rel_2,truck,0.015145209199999999,0.015145209199999999,1.0,0.0025231364355284337,0.015145209199999999,9.727247611878989e-06,0.38606375824824724
truck,cost_4,cap_1,rel_3,30,0.0230338915,0.16762948066448585,1.0,0.050982354945897305,1,1,truck|cost_4|cap_1|rel_3,truck,0.0230338915,0.0230338915,1.0,0.003861159269827115,0.0230338915,0.001174322032238287,0.37721121913340916
truck,cost_4,cap_1,rel_4,3,0.002351641,0.16823312655821065,1.0,0.47623386336595036,1,1,truck|cost_4|cap_1|rel_4,truck,0.002351641,0.002351641,1.0,0.000395623917972477,0.002351641,0.0011199310786797667,0.28482113648259355
truck,cost_4,cap_1,rel_5,2,0.00244264,0.168035404316641,1.0,0.7613544453036852,1,1,truck|cost_4|cap_1|rel_5,truck,0.00244264,0.00244264,1.0,0.0004104499999999999,0.00244264,0.0018597148222765935,0.22157012976409954
truck,cost_4,cap_2,rel_1,11,0.09929432,0.16663720567634036,1.0,0.0,2,1,truck|cost_4|cap_2|rel_1,truck,0.09929432,0.09929432,1.0,0.016546128024332356,0.09929432,0.0,0.38629384270259826
truck,cost_4,cap_2,rel_2,11,0.09591086,0.16678187083712484,1.0,0.0005421562679660364,2,1,truck|cost_4|cap_2|rel_2,truck,0.09591086,0.09591086,1.0,0.015996192664397564,0.09591086,5.1998673915013006e-05,0.38648793203129855
truck,cost_4,cap_2,rel_3,48,0.433711655,0.16658341079711228,1.0,0.08069907639581755,2,1,truck|cost_4|cap_2|rel_3,truck,0.433711655,0.433711655,1.0,0.07224916679236043,0.433711655,0.035000129980601466,0.36839629776060356
truck,cost_4,cap_2,rel_4,13,0.11835770000000001,0.1669380693918693,1.0,0.3119709003654742,2,1,truck|cost_4|cap_2|rel_4,truck,0.11835770000000001,0.11835770000000001,1.0,0.01975840593566205,0.11835770000000001,0.03692415823418669,0.31820736264670463
truck,cost_4,cap_2,rel_5,18,0.23689696,0.1681768271431837,1.0,0.7984443643062618,2,1,truck|cost_4|cap_2|rel_5,truck,0.23689696,0.23689696,1.0,0.039840579092665696,0.23689696,0.1891490426332859,0.2137043863303209
truck,cost_4,cap_3,rel_1,7,0.2453766,0.16838569109224197,1.0,0.0,1,1,truck|cost_4|cap_3|rel_1,truck,0.2453766,0.2453766,1.0,0.04131790836886462,0.2453766,0.0,0.39008349624247324
truck,cost_4,cap_3,rel_2,14,0.49109095,0.1671653098449531,1.0,0.0,2,1,truck|cost_4|cap_3|rel_2,truck,0.49109095,0.49109095,1.0,0.08209337081880237,0.49109095,0.0,0.38743845152449913
truck,cost_4,cap_3,rel_3,32,1.30009505,0.16680900606972437,1.0,0.08471304017138062,2,1,truck|cost_4|cap_3|rel_3,truck,1.30009505,1.30009505,1.0,0.2168675630866686,1.30009505,0.11013500419726309,0.36800082853556887
truck,cost_4,cap_3,rel_4,24,1.0340553000000001,0.16595222375949173,1.0,0.3628616650974223,2,1,truck|cost_4|cap_3|rel_4,truck,1.0340553000000001,1.0340553000000001,1.0,0.17160377652528838,1.0340553000000001,0.3752190279608146,0.3048575566662994
truck,cost_4,cap_3,rel_5,19,0.8411668999999999,0.16570151796143137,1.0,0.8203646615516327,2,1,truck|cost_4|cap_3|rel_5,truck,0.8411668999999999,0.8411668999999999,1.0,0.13938263218891153,0.8411668999999999,0.690063599226936,0.20350957956471333
truck,cost_4,cap_4,rel_1,9,1.2513305,0.16680050458365117,1.0,0.0,2,1,truck|cost_4|cap_4|rel_1,truck,1.2513305,1.2513305,1.0,0.2087225588009125,1.2513305,0.0,0.3866477754700781
truck,cost_4,cap_4,rel_2,10,1.462283,0.16498103134749992,1.0,0.0,2,1,truck|cost_4|cap_4|rel_2,truck,1.462283,1.462283,1.0,0.2412489574619162,1.462283,0.0,0.382704263486861
truck,cost_4,cap_4,rel_3,49,6.8793383,0.1678157754058287,1.0,0.11322725490774606,2,1,truck|cost_4|cap_4|rel_3,truck,6.8793383,6.8793383,1.0,1.1544614910935154,6.8793383,0.7789285912907203,0.36390017080343506
truck,cost_4,cap_4,rel_4,30,3.70417,0.1671400440407602,1.0,0.3967359032289057,2,1,truck|cost_4|cap_4|rel_4,truck,3.70417,3.70417,1.0,0.6191151369344626,3.70417,1.4695772306634156,0.2999682986471617
truck,cost_4,cap_4,rel_5,19,2.1297461,0.16642647668023133,1.0,0.8096038608273586,2,1,truck|cost_4|cap_4|rel_5,truck,2.1297461,2.1297461,1.0,0.35444613964646365,2.1297461,1.72425066514201,0.2074518463323419
truck,cost_4,cap_5,rel_1,12,4.93122,0.16611945280436652,1.0,0.0,2,1,truck|cost_4|cap_5|rel_1,truck,4.93122,4.93122,1.0,0.8191715680579482,4.93122,0.0,0.3851716691996272
truck,cost_4,cap_5,rel_2,15,5.080508,0.16624668735559844,1.0,0.00018659266654773082,2,1,truck|cost_4|cap_5|rel_2,truck,5.080508,5.080508,1.0,0.8446176250836167,5.080508,0.0009479855351370788,0.38540632319422496
truck,cost_4,cap_5,rel_3,26,9.8001395,0.1668885279652665,1.0,0.1218674669769572,2,1,truck|cost_4|cap_5|rel_3,truck,9.8001395,9.8001395,1.0,1.6355308550092627,9.8001395,1.194318176885824,0.35998670808857
truck,cost_4,cap_5,rel_4,30,9.968679,0.16614053905577356,1.0,0.36196023242282466,2,1,truck|cost_4|cap_5|rel_4,truck,9.968679,9.968679,1.0,1.6562017027339697,9.968679,3.608265367788531,0.3054643282599888
truck,cost_4,cap_5,rel_5,29,10.412567,0.16741069739358708,1.0,0.7662304914162622,2,1,truck|cost_4|cap_5|rel_5,truck,10.412567,10.412567,1.0,1.7431751031274507,10.412567,7.978426329314755,0.2191417740605165
truck,cost_4,cap_6,rel_1,4,3.96863,0.16820706226123455,1.0,0.0,2,1,truck|cost_4|cap_6|rel_1,truck,3.96863,3.96863,1.0,0.6675515935018033,3.96863,0.0,0.38969633751893196
truck,cost_4,cap_6,rel_2,22,18.77321,0.1664857804964089,1.0,2.1921955010263292e-06,2,1,truck|cost_4|cap_6|rel_2,truck,18.77321,18.77321,1.0,3.1254725192729884,18.77321,4.1154546501822494e-05,0.3859651619378246
truck,cost_4,cap_6,rel_3,22,18.551245,0.16648693703008477,1.0,0.14521464709187556,2,1,truck|cost_4|cap_6|rel_3,truck,18.551245,18.551245,1.0,3.088539958144675,18.551245,2.693912495789921,0.3539720675950289
truck,cost_4,cap_6,rel_4,39,32.940314,0.16666126840402384,1.0,0.3608991220751048,2,1,truck|cost_4|cap_6|rel_4,truck,32.940314,32.940314,1.0,5.489874512866824,32.940314,11.888130403478282,0.3068267542719782
truck,cost_4,cap_6,rel_5,25,21.893533,0.16676817815868472,1.0,0.7871452669986898,2,1,truck|cost_4|cap_6|rel_5,truck,21.893533,21.893533,1.0,3.6511446118670436,21.893533,17.233390878829628,0.21314089491484234
truck,cost_4,cap_7,rel_1,18,36.761245,0.16675353498471884,1.0,0.0,2,1,truck|cost_4|cap_7|rel_1,truck,36.761245,36.761245,1.0,6.1300675541893215,36.761245,0.0,0.3865459739307334
truck,cost_4,cap_7,rel_2,10,19.36125,0.1671482729302726,1.0,0.0,2,1,truck|cost_4|cap_7|rel_2,truck,19.36125,19.36125,1.0,3.23619949927124,19.36125,0.0,0.3874015258496034
truck,cost_4,cap_7,rel_3,16,31.73032,0.1666780669547401,1.0,0.17497478770864855,1,1,truck|cost_4|cap_7|rel_3,truck,31.73032,31.73032,1.0,5.2887484014553285,31.73032,5.552006005927485,0.34782907649546024
truck,cost_4,cap_7,rel_4,27,57.86601,0.16713950009149028,1.0,0.42137944378224934,2,1,truck|cost_4|cap_7|rel_4,truck,57.86601,57.86601,1.0,9.671695983689178,57.86601,24.383547107698078,0.2945372487425543
truck,cost_4,cap_7,rel_5,36,75.76505,0.16688302667683386,1.0,0.7618372056052022,2,1,truck|cost_4|cap_7|rel_5,truck,75.76505,75.76505,1.0,12.64390086032165,75.76505,57.72063397453842,0.2189661058251925
truck,cost_4,cap_8,rel_1,21,131.5014,0.16676830331539066,1.0,0.0,2,1,truck|cost_4|cap_8|rel_1,truck,131.5014,131.5014,1.0,21.93026536159851,131.5014,0.0,0.3865779826944895
truck,cost_4,cap_8,rel_2,18,106.183575,0.16655057501990234,1.0,0.0,2,1,truck|cost_4|cap_8|rel_2,truck,106.183575,106.183575,1.0,17.684935473918927,106.183575,0.0,0.38610608009912084
truck,cost_4,cap_8,rel_3,13,70.19179,0.16740817770474786,1.0,0.16152777322428802,2,1,truck|cost_4|cap_8|rel_3,truck,70.19179,70.19179,1.0,11.750679653734343,70.19179,11.337923537326848,0.35237438061649107
truck,cost_4,cap_8,rel_4,28,163.12354,0.1658904929517475,1.0,0.4520150199437135,2,1,truck|cost_4|cap_8|rel_4,truck,163.12354,163.12354,1.0,27.060644462634098,163.12354,73.73429018638915,0.2850800255098025
truck,cost_4,cap_8,rel_5,39,236.98642,0.1672748304567921,1.0,0.799252546343677,1,1,truck|cost_4|cap_8|rel_5,truck,236.98642,236.98642,1.0,39.64186322606212,236.98642,189.4119996338721,0.21157133382133836
truck,cost_4,cap_9,rel_1,34,643.0144,0.1675249479777637,1.0,0.0,2,1,truck|cost_4|cap_9|rel_1,truck,643.0144,643.0144,1.0,107.72095390895295,643.0144,0.0,0.3882179283852638
truck,cost_4,cap_9,rel_2,32,650.4353,0.1670628790489869,1.0,0.00015704866430711875,2,1,truck|cost_4|cap_9|rel_2,truck,650.4353,650.4353,1.0,108.6635938530915,650.4353,0.10214999508320007,0.3871818402731549
truck,cost_4,cap_9,rel_3,11,130.77535,0.16757424064656543,1.0,0.057780400523789625,2,1,truck|cost_4|cap_9|rel_3,truck,130.77535,130.77535,1.0,21.91457997153882,130.77535,7.556252101638772,0.3755936349269327
truck,cost_4,cap_9,rel_4,19,346.49036,0.16551897269463386,1.0,0.44057896572005295,1,1,truck|cost_4|cap_9|rel_4,truck,346.49036,346.49036,1.0,57.35072843579386,346.49036,152.6563644407688,0.2867945753464577
truck,cost_4,cap_9,rel_5,27,358.05174,0.16673107704291182,1.0,0.7831610555840023,1,1,truck|cost_4|cap_9|rel_5,truck,358.05174,358.05174,1.0,59.69835224728863,358.05174,280.41217865208876,0.2139383493626082
truck,cost_4,cap_10,rel_1,152,29081.2779,0.16715803159677517,1.0,0.0,2,1,truck|cost_4|cap_10|rel_1,truck,29081.2779,29081.2779,1.0,4861.1691700828,29081.2779,0.0,0.3874226767066364
truck,cost_4,cap_10,rel_2,151,30675.0536,0.16708577509941858,1.0,0.0,2,1,truck|cost_4|cap_10|rel_2,truck,30675.0536,30675.0536,1.0,5125.36510697221,30675.0536,0.0,0.38726606854250983
truck,cost_4,cap_10,rel_3,3,232.3016,0.16711993878192954,1.0,0.19845617326495724,2,1,truck|cost_4|cap_10|rel_3,truck,232.3016,232.3016,1.0,38.82222917094428,232.3016,46.10168657932679,0.3436129802054634
truck,cost_4,cap_10,rel_4,21,1264.2957,0.1682630197277349,1.0,0.3616026517378355,1,1,truck|cost_4|cap_10|rel_4,truck,1264.2957,1264.2957,1.0,212.7342123107904,1264.2957,457.17267770074295,0.3101433642457047
truck,cost_4,cap_10,rel_5,31,2475.1536,0.16699332124007965,1.0,0.7508404534710945,1,1,truck|cost_4|cap_10|rel_5,truck,2475.1536,2475.1536,1.0,413.3341202433396,2475.1536,1858.445451434612,0.22162814303878886
truck,cost_5,cap_1,rel_1,5,0.004747344,0.17313125007029304,1.0,0.0,2,1,truck|cost_5|cap_1|rel_1,truck,0.004747344,0.004747344,1.0,0.0008219136012337051,0.004747344,0.0,0.4003689834511744
truck,cost_5,cap_1,rel_2,29,0.00688333116,0.17354303139589106,1.0,0.0005086671428659689,2,1,truck|cost_5|cap_1|rel_2,truck,0.00688333116,0.00688333116,1.0,0.0011945541556081952,0.00688333116,3.5013243945574955e-06,0.4011493971307257
truck,cost_5,cap_1,rel_3,28,0.01491657915,0.1738928358056619,1.0,0.05006247516244132,2,1,truck|cost_5|cap_1|rel_3,truck,0.01491657915,0.01491657915,1.0,0.0025938862489131094,0.01491657915,0.000746760873205465,0.3909890488822194
truck,cost_5,cap_1,rel_4,6,0.009070786,0.17449876035130177,1.0,0.4368324886118508,2,1,truck|cost_5|cap_1|rel_4,truck,0.009070786,0.009070786,1.0,0.0015828409124119434,0.009070786,0.0039624140220455364,0.3070827820684161
truck,cost_5,cap_1,rel_5,5,0.009419299999999999,0.176028821340724,1.0,0.9077026237115378,1,1,truck|cost_5|cap_1|rel_5,truck,0.009419299999999999,0.009419299999999999,1.0,0.0016580682768546813,0.009419299999999999,0.008549923323526087,0.20664915663544223
truck,cost_5,cap_2,rel_1,24,0.202556195,0.1731160194194734,1.0,0.0,1,1,truck|cost_5|cap_2|rel_1,truck,0.202556195,0.202556195,1.0,0.03506572218715464,0.202556195,0.0,0.40033597265836585
truck,cost_5,cap_2,rel_2,27,0.22120721999999998,0.17483808888954405,1.0,0.00016735415863533334,2,1,truck|cost_5|cap_2|rel_2,truck,0.22120721999999998,0.22120721999999998,1.0,0.038675447593368925,0.22120721999999998,3.701994818716108e-05,0.40403149825894513
truck,cost_5,cap_2,rel_3,29,0.259581435,0.1741872643675996,1.0,0.06443382441419829,2,1,truck|cost_5|cap_2|rel_3,truck,0.259581435,0.259581435,1.0,0.045215780043265874,0.259581435,0.016725824603975627,0.3884606585406759
truck,cost_5,cap_2,rel_4,19,0.24025091,0.1740238609919459,1.0,0.39325906214866485,1,1,truck|cost_5|cap_2|rel_4,truck,0.24025091,0.24025091,1.0,0.0418093909650285,0.24025091,0.09448084754696329,0.31565430429233754
truck,cost_5,cap_2,rel_5,15,0.15817186,0.1746914524322508,1.0,0.7627823520594116,1,1,truck|cost_5|cap_2|rel_5,truck,0.15817186,0.15817186,1.0,0.02763127195731063,0.15817186,0.12065070340041197,0.23568177615819616
truck,cost_5,cap_3,rel_1,6,0.1511544,0.17536667874523146,1.0,0.0,1,1,truck|cost_5|cap_3|rel_1,truck,0.1511544,0.1511544,1.0,0.026507445105728212,0.1511544,0.0,0.40521403398123557
truck,cost_5,cap_3,rel_2,19,0.73364485,0.17296121487076582,1.0,0.00010314245758213685,2,1,truck|cost_5|cap_3|rel_2,truck,0.73364485,0.73364485,1.0,0.12689210453968075,0.73364485,7.566993282147815e-05,0.39997772445099167
truck,cost_5,cap_3,rel_3,43,1.63966325,0.17435168429443312,1.0,0.08978923045023718,2,1,truck|cost_5|cap_3|rel_3,truck,1.63966325,1.63966325,1.0,0.28587804931318417,1.63966325,0.14722410141503484,0.3832303001099058
truck,cost_5,cap_3,rel_4,25,0.8724959,0.17329933306456596,1.0,0.362386353727642,2,1,truck|cost_5|cap_3|rel_4,truck,0.8724959,0.8724959,1.0,0.15120295757156824,0.8724959,0.31618060784331736,0.3208863520281132
truck,cost_5,cap_3,rel_5,26,1.1873074,0.17362608959668047,1.0,0.6874860650803009,2,1,truck|cost_5|cap_3|rel_5,truck,1.1873074,1.1873074,1.0,0.20614754101120172,1.1873074,0.8162572924667227,0.24996323587415423
truck,cost_5,cap_4,rel_1,16,1.9581485,0.1731553849046862,1.0,0.0,2,1,truck|cost_5|cap_4|rel_1,truck,1.9581485,1.9581485,1.0,0.33906395721803395,1.9581485,0.0,0.4004212931014355
truck,cost_5,cap_4,rel_2,11,1.282589,0.17368648768126604,1.0,0.00023162071094474544,2,1,truck|cost_5|cap_4|rel_2,truck,1.282589,1.282589,1.0,0.22276837854862733,1.282589,0.0002970741760299101,0.4015213665907717
truck,cost_5,cap_4,rel_3,52,5.3197545,0.17390827254099073,1.0,0.06923436357160849,2,1,truck|cost_5|cap_4|rel_3,truck,5.3197545,5.3197545,1.0,0.9251493154371618,5.3197545,0.36830981716470035,0.3867982399549673
truck,cost_5,cap_4,rel_4,24,3.2320248,0.1735109631305165,1.0,0.4099292630727726,2,1,truck|cost_5|cap_4|rel_4,truck,3.2320248,3.2320248,1.0,0.560791735909715,3.2320248,1.3249015444969252,0.310869600126809
truck,cost_5,cap_4,rel_5,18,2.3737556,0.17375945296871537,1.0,0.7766354209441192,2,1,truck|cost_5|cap_4|rel_5,truck,2.3737556,2.3737556,1.0,0.41246247453742474,2.3737556,1.8435426796244603,0.2306094314303559
truck,cost_5,cap_5,rel_1,8,2.036448,0.17370114685168989,1.0,0.0,2,1,truck|cost_5|cap_5|rel_1,truck,2.036448,2.036448,1.0,0.3537333531038302,2.036448,0.0,0.4016041732533554
truck,cost_5,cap_5,rel_2,9,2.255806,0.17292734825841471,1.0,0.0007081259659697111,1,1,truck|cost_5|cap_5|rel_2,truck,2.255806,2.255806,1.0,0.3900905497654215,2.255806,0.0015973948027902703,0.39977102228568506
truck,cost_5,cap_5,rel_3,23,6.689357,0.17323771889892403,1.0,0.10814137664758962,2,1,truck|cost_5|cap_5|rel_3,truck,6.689357,6.689357,1.0,1.15884894758055,6.689357,0.7233962748671902,0.3767722529987514
truck,cost_5,cap_5,rel_4,37,12.919357,0.17365750113341483,1.0,0.3887502044803785,2,1,truck|cost_5|cap_5|rel_4,truck,12.919357,12.919357,1.0,2.2435432528704906,12.919357,5.022402675505009,0.3158537246386147
truck,cost_5,cap_5,rel_5,26,8.893111,0.17459504291810157,1.0,0.8042349786217791,2,1,truck|cost_5|cap_5|rel_5,truck,8.893111,8.893111,1.0,1.552693096720441,8.893111,7.152150934966108,0.22633929315736842
truck,cost_5,cap_6,rel_1,31,23.614415,0.17472564343459582,1.0,0.0,2,1,truck|cost_5|cap_6|rel_1,truck,23.614415,23.614415,1.0,4.1260438552065715,23.614415,0.0,0.4038246590902346
truck,cost_5,cap_6,rel_2,10,11.02751,0.17200246913296882,1.0,1.2394842104801462e-06,2,1,truck|cost_5|cap_6|rel_2,truck,11.02751,11.02751,1.0,1.896758948388505,11.02751,1.3668424525911917e-05,0.39792219942106216
truck,cost_5,cap_6,rel_3,19,14.1106,0.1741018349548832,1.0,0.09774545453496364,2,1,truck|cost_5|cap_6|rel_3,truck,14.1106,14.1106,1.0,2.456681352314375,14.1106,1.379247010761058,0.38093573221605115
truck,cost_5,cap_6,rel_4,27,22.830940000000002,0.1739667437624105,1.0,0.3878588484796151,2,1,truck|cost_5|cap_6|rel_4,truck,22.830940000000002,22.830940000000002,1.0,3.9718242888349686,22.830940000000002,8.855182098107184,0.31672037292339206
truck,cost_5,cap_6,rel_5,23,20.660514,0.17445925679296,1.0,0.8314286098849507,2,1,truck|cost_5|cap_6|rel_5,truck,20.660514,20.660514,1.0,3.604417917400545,20.660514,17.17774243452856,0.22005324241646915
truck,cost_5,cap_7,rel_1,9,22.159725,0.17203020506670694,1.0,0.0,2,1,truck|cost_5|cap_7|rel_1,truck,22.159725,22.159725,1.0,3.8121420359718328,22.159725,0.0,0.39798258716931
truck,cost_5,cap_7,rel_2,9,19.490565,0.17465310051706334,1.0,0.0,2,1,truck|cost_5|cap_7|rel_2,truck,19.490565,19.490565,1.0,3.4040876080793567,19.490565,0.0,0.4036674301412713
truck,cost_5,cap_7,rel_3,21,39.398255,0.17396457070825871,1.0,0.09557862596896514,2,1,truck|cost_5|cap_7|rel_3,truck,39.398255,39.398255,1.0,6.853900517729508,39.398255,3.765631078474911,0.38111565814401893
truck,cost_5,cap_7,rel_4,54,111.841,0.1738617209483681,1.0,0.3871431815516104,2,1,truck|cost_5|cap_7|rel_4,truck,111.841,111.841,1.0,19.444868732586436,111.841,43.29848056791366,0.3166504348331478
truck,cost_5,cap_7,rel_5,36,84.86653,0.17417374104273514,1.0,0.7619175412815723,2,1,truck|cost_5|cap_7|rel_5,truck,84.86653,84.86653,1.0,14.781521019415512,84.86653,64.66129787469879,0.23475024192568567
truck,cost_5,cap_8,rel_1,29,152.69999,0.1739864438341578,1.0,0.0,2,1,truck|cost_5|cap_8|rel_1,truck,152.69999,152.69999,1.0,26.567728233611458,152.69999,0.0,0.4022225236895057
truck,cost_5,cap_8,rel_2,11,51.661705,0.1736860233025144,1.0,0.0,2,1,truck|cost_5|cap_8|rel_2,truck,51.661705,51.661705,1.0,8.972916098477624,51.661705,0.0,0.401571394591808
truck,cost_5,cap_8,rel_3,15,93.37302,0.1725460062643172,1.0,0.10270461281109135,2,1,truck|cost_5|cap_8|rel_3,truck,93.37302,93.37302,1.0,16.111141693838217,93.37302,9.589839866102288,0.37647095787467855
truck,cost_5,cap_8,rel_4,38,189.41465,0.17438078042410968,1.0,0.4241411921680209,2,1,truck|cost_5|cap_8|rel_4,truck,189.41465,189.41465,1.0,33.03027449075959,189.41465,80.33855546508842,0.3096234288731982
truck,cost_5,cap_8,rel_5,50,276.23047,0.17446872545870482,1.0,0.7961995176463371,2,1,truck|cost_5|cap_8|rel_5,truck,276.23047,276.23047,1.0,48.193578033759,276.23047,219.93456697322102,0.2278360188669604
truck,cost_5,cap_9,rel_1,55,932.86055,0.1738774097328977,1.0,0.0,2,1,truck|cost_5|cap_9|rel_1,truck,932.86055,932.86055,1.0,162.2033760760063,932.86055,0.0,0.40198620403590746
truck,cost_5,cap_9,rel_2,38,768.4585500000001,0.17392502800637055,1.0,0.0,2,1,truck|cost_5|cap_9|rel_2,truck,768.4585500000001,768.4585500000001,1.0,133.65417483048492,768.4585500000001,0.0,0.4020894115073499
truck,cost_5,cap_9,rel_3,4,38.0316,0.17209089550821516,1.0,0.10257471437718813,1,1,truck|cost_5|cap_9|rel_3,truck,38.0316,38.0316,1.0,6.544892101610235,38.0316,3.9010805073074675,0.3755131757645553
truck,cost_5,cap_9,rel_4,21,288.8449,0.17411184257360096,1.0,0.4038546761750042,1,1,truck|cost_5|cap_9|rel_4,truck,288.8449,288.8449,1.0,50.29131775698751,288.8449,116.65136355430147,0.3135103945941231
truck,cost_5,cap_9,rel_5,62,1066.96649,0.17364221387236053,1.0,0.7648982794310719,1,1,truck|cost_5|cap_9|rel_5,truck,1066.96649,1066.96649,1.0,185.27042345122183,1066.96649,816.12083241161,0.23294144876829165
truck,cost_5,cap_10,rel_1,89,13271.7305,0.17385753288882477,1.0,0.0,2,1,truck|cost_5|cap_10|rel_1,truck,13271.7305,13271.7305,1.0,2307.3903218953687,13271.7305,0.0,0.40194312312038055
truck,cost_5,cap_10,rel_2,122,22051.78375,0.17372143542613924,1.0,0.0,2,1,truck|cost_5|cap_10|rel_2,truck,22051.78375,22051.78375,1.0,3830.8675267568115,22051.78375,0.0,0.40164814655006226
truck,cost_5,cap_10,rel_4,7,1100.8986,0.17294758223181633,1.0,0.4139033373188338,1,1,truck|cost_5|cap_10|rel_4,truck,1100.8986,1100.8986,1.0,190.39775115239146,1100.8986,455.66560458963187,0.30877289927126417
truck,cost_5,cap_10,rel_5,15,871.7413,0.17270736074923285,1.0,0.8258098457886877,1,1,truck|cost_5|cap_10|rel_5,truck,871.7413,871.7413,1.0,150.55613917910523,871.7413,719.8925485206302,0.21749421540542677
truck,cost_6,cap_1,rel_1,16,0.00496734605,0.18147049511695,1.0,0.0,2,1,truck|cost_6|cap_1|rel_1,truck,0.00496734605,0.00496734605,1.0,0.0009014267471107258,0.00496734605,0.0,0.4184433975832775
truck,cost_6,cap_1,rel_2,34,0.0155396395,0.18082449906201783,1.0,0.00028207746651466765,2,1,truck|cost_6|cap_1|rel_2,truck,0.0155396395,0.0155396395,1.0,0.0028099475281918454,0.0155396395,4.383382140711257e-06,0.41698111885835093
truck,cost_6,cap_1,rel_3,20,0.013414354199999999,0.1806454223170944,1.0,0.05372037229269801,2,1,truck|cost_6|cap_1|rel_3,truck,0.013414354199999999,0.013414354199999999,1.0,0.002423241679570089,0.013414354199999999,0.000720624101690117,0.40481858360910633
truck,cost_6,cap_1,rel_4,1,0.000277569,0.1853200465469847,1.0,0.484293173163742,1,1,truck|cost_6|cap_1|rel_4,truck,0.000277569,0.000277569,1.0,5.14391e-05,0.000277569,0.0001344247717818867,0.3200794325469823
truck,cost_6,cap_1,rel_5,6,0.01154136,0.18233334209120436,1.0,0.7583175861166763,1,1,truck|cost_6|cap_1|rel_5,truck,0.01154136,0.01154136,1.0,0.0021043747410777426,0.01154136,0.008752016255703564,0.2532284985141277
truck,cost_6,cap_2,rel_1,23,0.24520398,0.18246372690186055,1.0,0.0,2,1,truck|cost_6|cap_2|rel_1,truck,0.24520398,0.24520398,1.0,0.044740832041969276,0.24520398,0.0,0.42059612034285604
truck,cost_6,cap_2,rel_2,20,0.21586115,0.18035232200349469,1.0,0.00020423157786114997,2,1,truck|cost_6|cap_2|rel_2,truck,0.21586115,0.21586115,1.0,0.03893105963284467,0.21586115,4.408566326342237e-05,0.4159748783040357
truck,cost_6,cap_2,rel_3,49,0.423413085,0.18206929153743945,1.0,0.08798078029921294,2,1,truck|cost_6|cap_2|rel_3,truck,0.423413085,0.423413085,1.0,0.07709052041363164,0.423413085,0.03725221360719698,0.4003558488936491
truck,cost_6,cap_2,rel_4,20,0.23047542,0.18147787694540823,1.0,0.3587792817549363,2,1,truck|cost_6|cap_2|rel_4,truck,0.23047542,0.23047542,1.0,0.04182618990970128,0.23047542,0.08268980564976727,0.339407233254843
truck,cost_6,cap_2,rel_5,17,0.19121495,0.1824310566847622,1.0,0.8112009079447681,2,1,truck|cost_6|cap_2|rel_5,truck,0.19121495,0.19121495,1.0,0.03488354538242397,0.19121495,0.1551137410526134,0.24178815943143336
truck,cost_6,cap_3,rel_1,11,0.3734214,0.18010300086331996,1.0,0.0,2,1,truck|cost_6|cap_3|rel_1,truck,0.3734214,0.3734214,1.0,0.06725431472658215,0.3734214,0.0,0.415479501292295
truck,cost_6,cap_3,rel_2,11,0.37294375,0.1822287388438901,1.0,0.00041979637181080003,2,1,truck|cost_6|cap_3|rel_2,truck,0.37294375,0.37294375,1.0,0.06796106922221104,0.37294375,0.00015656043313951406,0.41999431261959774
truck,cost_6,cap_3,rel_3,37,1.29419485,0.1828058527959661,1.0,0.11184405206050468,2,1,truck|cost_6|cap_3|rel_3,truck,1.29419485,1.29419485,1.0,0.23658639323839742,1.29419485,0.14474799617983705,0.3966943166978693
truck,cost_6,cap_3,rel_4,37,1.6183687,0.18170524679110378,1.0,0.3826069499884049,2,1,truck|cost_6|cap_3|rel_4,truck,1.6183687,1.6183687,1.0,0.2940660840324978,1.6183687,0.6191991122636998,0.33464992835126567
truck,cost_6,cap_3,rel_5,21,0.8792606000000001,0.1802175475644559,1.0,0.743304303158075,2,1,truck|cost_6|cap_3|rel_5,truck,0.8792606000000001,0.8792606000000001,1.0,0.15845818900205205,0.8792606000000001,0.653558187577351,0.251950715999898
truck,cost_6,cap_4,rel_1,17,2.17976,0.18173327774498133,1.0,0.0,2,1,truck|cost_6|cap_4|rel_1,truck,2.17976,2.17976,1.0,0.3961349294974005,2.17976,0.0,0.4190129505846807
truck,cost_6,cap_4,rel_2,6,0.818336,0.18330653841985825,1.0,0.0001636318986771333,1,1,truck|cost_6|cap_4|rel_2,truck,0.818336,0.818336,1.0,0.15000633942435312,0.818336,0.00013390587343585055,0.42238676932248154
truck,cost_6,cap_4,rel_3,33,3.9713043,0.18188555574831164,1.0,0.08982838983748656,2,1,truck|cost_6|cap_4|rel_3,truck,3.9713043,3.9713043,1.0,0.7223228896511598,3.9713043,0.3567358708236867,0.3995505256091886
truck,cost_6,cap_4,rel_4,27,4.3359286,0.18345967001013663,1.0,0.37896526670908165,2,1,truck|cost_6|cap_4|rel_4,truck,4.3359286,4.3359286,1.0,0.7954680301435137,4.3359286,1.643166338330535,0.3392548471099984
truck,cost_6,cap_4,rel_5,31,3.9390202,0.1820207253493505,1.0,0.7360955508216257,2,1,truck|cost_6|cap_4|rel_5,truck,3.9390202,3.9390202,1.0,0.7169833139697436,3.9390202,2.89949524381651,0.25744726045731314
truck,cost_6,cap_5,rel_1,19,7.157171,0.18366271487705946,1.0,0.0,2,1,truck|cost_6|cap_5|rel_1,truck,7.157171,7.157171,1.0,1.3145054566993586,7.157171,0.0,0.42319479745114463
truck,cost_6,cap_5,rel_2,20,6.4104325,0.18153756909618315,1.0,0.0004521094428334916,2,1,truck|cost_6|cap_5|rel_2,truck,6.4104325,6.4104325,1.0,1.1637343329051681,6.4104325,0.0028982170658967063,0.418489156995667
truck,cost_6,cap_5,rel_3,26,10.4962775,0.1831839036682144,1.0,0.11041964261024366,2,1,truck|cost_6|cap_5|rel_3,truck,10.4962775,10.4962775,1.0,1.9227490864348462,10.4962775,1.1589952102879417,0.39782755054807584
truck,cost_6,cap_5,rel_4,40,14.527854,0.18065095475633447,1.0,0.33542761247316505,2,1,truck|cost_6|cap_5|rel_4,truck,14.527854,14.527854,1.0,2.6244706956606327,14.527854,4.873043381578721,0.34276019319144135
truck,cost_6,cap_5,rel_5,34,13.937786,0.181874869118525,1.0,0.8014495356566672,2,1,truck|cost_6|cap_5|rel_5,truck,13.937786,13.937786,1.0,2.53493300455201,13.937786,11.170432117781996,0.24273126590881303
truck,cost_6,cap_6,rel_1,11,9.27943,0.18174443530299078,1.0,0.0,2,1,truck|cost_6|cap_6|rel_1,truck,9.27943,9.27943,1.0,1.6864847652836317,9.27943,0.0,0.41903713338816445
truck,cost_6,cap_6,rel_2,22,22.42633,0.1795795981458615,1.0,1.3074056346400001e-05,2,1,truck|cost_6|cap_6|rel_2,truck,22.42633,22.42633,1.0,4.027311329286478,22.42633,0.00029320310206296075,0.4143422016671121
truck,cost_6,cap_6,rel_3,17,13.454439,0.1802797527656322,1.0,0.05985159990495738,2,1,truck|cost_6|cap_6|rel_3,truck,13.454439,13.454439,1.0,2.42556293652028,13.454439,0.8052696999736549,0.4026751011955482
truck,cost_6,cap_6,rel_4,37,34.014876,0.18113698811427237,1.0,0.3827525897458071,2,1,truck|cost_6|cap_6|rel_4,truck,34.014876,34.014876,1.0,6.161352189720448,34.014876,13.0192818788825,0.33338619921270296
truck,cost_6,cap_6,rel_5,44,35.119438,0.18278364590879229,1.0,0.7925485920940538,2,1,truck|cost_6|cap_6|rel_5,truck,35.119438,35.119438,1.0,6.419258919907785,35.119438,27.833861142034415,0.2466621441406825
truck,cost_6,cap_7,rel_1,17,42.642830000000004,0.1828558189859851,1.0,0.0,2,1,truck|cost_6|cap_7|rel_1,truck,42.642830000000004,42.642830000000004,1.0,7.797489603530136,42.642830000000004,0.0,0.42144593764247207
truck,cost_6,cap_7,rel_2,4,7.687810000000001,0.17900176325278,1.0,0.0,2,1,truck|cost_6|cap_7|rel_2,truck,7.687810000000001,7.687810000000001,1.0,1.3761315455523548,7.687810000000001,0.0,0.41309268755563355
truck,cost_6,cap_7,rel_3,27,63.638415,0.18095529264280089,1.0,0.10015353043002985,1,1,truck|cost_6|cap_7|rel_3,truck,63.638415,63.638415,1.0,11.51570800964901,63.638415,6.373611933221368,0.39525927554779505
truck,cost_6,cap_7,rel_4,43,86.69132,0.1819232709700174,1.0,0.4528883745399079,2,1,truck|cost_6|cap_7|rel_4,truck,86.69132,86.69132,1.0,15.771168499108489,86.69132,39.26149100151901,0.31963691062404864
truck,cost_6,cap_7,rel_5,51,105.61323,0.1820944094748353,1.0,0.7978178688087587,2,1,truck|cost_6|cap_7|rel_5,truck,105.61323,105.61323,1.0,19.23157874957996,105.61323,84.26012207660926,0.24400728463637522
truck,cost_6,cap_8,rel_1,56,286.97202,0.18256998702490163,1.0,0.0,2,1,truck|cost_6|cap_8|rel_1,truck,286.97202,286.97202,1.0,52.392477967909805,286.97202,0.0,0.42082642769787765
truck,cost_6,cap_8,rel_2,10,68.67214,0.18116728129074086,1.0,0.0,2,1,truck|cost_6|cap_8|rel_2,truck,68.67214,68.67214,1.0,12.441144904217136,68.67214,0.0,0.41778621432090524
truck,cost_6,cap_8,rel_3,18,88.014855,0.18285415313760175,1.0,0.10128182419174718,2,1,truck|cost_6|cap_8|rel_3,truck,88.014855,88.014855,1.0,16.093881774553815,88.014855,8.91430507037212,0.39912624657646145
truck,cost_6,cap_8,rel_4,41,223.80223,0.18218913042876939,1.0,0.4389029987163332,1,1,truck|cost_6|cap_8|rel_4,truck,223.80223,223.80223,1.0,40.77433367171945,223.80223,98.22746986640252,0.32329462078926635
truck,cost_6,cap_8,rel_5,66,353.37702,0.18202053610123173,1.0,0.7940437173543553,1,1,truck|cost_6|cap_8|rel_5,truck,353.37702,353.37702,1.0,64.32187462625569,353.37702,280.5968025884044,0.24467875530969802
truck,cost_6,cap_9,rel_1,40,727.99465,0.18171686035147494,1.0,0.0,2,1,truck|cost_6|cap_9|rel_1,truck,727.99465,727.99465,1.0,132.28890215067088,727.99465,0.0,0.4189773676551057
truck,cost_6,cap_9,rel_2,31,813.6886999999999,0.18121910893502088,1.0,0.0,2,1,truck|cost_6|cap_9|rel_2,truck,813.6886999999999,813.6886999999999,1.0,147.45594116449553,813.6886999999999,0.0,0.4178985451495315
truck,cost_6,cap_9,rel_3,10,157.0804,0.18194875482292744,1.0,0.16092982926318192,1,1,truck|cost_6|cap_9|rel_3,truck,157.0804,157.0804,1.0,28.58058318708737,157.0804,25.27892195259232,0.38402126197847386
truck,cost_6,cap_9,rel_4,32,509.3044,0.18322373759328714,1.0,0.4289382344515089,1,1,truck|cost_6|cap_9|rel_4,truck,509.3044,509.3044,1.0,93.31665574070655,509.3044,218.46013013438508,0.3277326212924327
truck,cost_6,cap_9,rel_5,60,948.6824300000001,0.18209084652032337,1.0,0.8380887159282973,1,1,truck|cost_6|cap_9|rel_5,truck,948.6824300000001,948.6824300000001,1.0,172.74638675765743,948.6824300000001,795.0800395824368,0.23512642566000883
truck,cost_6,cap_10,rel_1,71,8859.0218,0.1808427024777515,1.0,0.0,2,1,truck|cost_6|cap_10|rel_1,truck,8859.0218,8859.0218,1.0,1602.0894436213146,8859.0218,0.0,0.4170827247542055
truck,cost_6,cap_10,rel_2,35,2778.4535,0.18194222636599727,1.0,0.0,2,1,truck|cost_6|cap_10|rel_2,truck,2778.4535,2778.4535,1.0,505.5180156443974,2778.4535,0.0,0.41946582418264367
truck,cost_6,cap_10,rel_4,3,168.0169,0.18103525767747788,1.0,0.46927128381860816,1,1,truck|cost_6|cap_10|rel_4,truck,168.0169,168.0169,1.0,30.41698278567103,168.0169,78.84550636622271,0.314102485052706
truck,cost_6,cap_10,rel_5,2,129.5394,0.1784028643022895,1.0,0.5969423729915029,1,1,truck|cost_6|cap_10|rel_5,truck,129.5394,129.5394,1.0,23.1102,129.5394,77.32755683189549,0.28026645810703743
truck,cost_7,cap_1,rel_1,10,0.00679462145,0.1926154060743954,1.0,0.0,1,1,truck|cost_7|cap_1|rel_1,truck,0.00679462145,0.00679462145,1.0,0.0013087487697135472,0.00679462145,0.0,0.44259878994592716
truck,cost_7,cap_1,rel_2,27,0.00355147185,0.19100707408122947,1.0,6.641320805887407e-05,2,1,truck|cost_7|cap_1|rel_2,truck,0.00355147185,0.00355147185,1.0,0.0006783562467503511,0.00355147185,2.3586463888928442e-07,0.43909827057986967
truck,cost_7,cap_1,rel_3,35,0.0249216603,0.19236337895487307,1.0,0.054786609184094434,2,1,truck|cost_7|cap_1|rel_3,truck,0.0249216603,0.0249216603,1.0,0.004794014784473516,0.0249216603,0.0013653732630748616,0.4299810597904008
truck,cost_7,cap_1,rel_4,23,0.037781318,0.1900072280033415,1.0,0.31348088192599893,2,1,truck|cost_7|cap_1|rel_4,truck,0.037781318,0.037781318,1.0,0.007178723503492751,0.037781318,0.011843720886966618,0.36787457157901005
truck,cost_7,cap_1,rel_5,9,0.011291392,0.19171257138562806,1.0,0.8052784614338502,2,1,truck|cost_7|cap_1|rel_5,truck,0.011291392,0.011291392,1.0,0.0021647017948431095,0.011291392,0.009092714777206485,0.26320977241252136
truck,cost_7,cap_2,rel_1,12,0.105308245,0.19173637725778223,1.0,0.0,2,1,truck|cost_7|cap_2|rel_1,truck,0.105308245,0.105308245,1.0,0.020191421391674957,0.105308245,0.0,0.4406935898017141
truck,cost_7,cap_2,rel_2,29,0.33420387,0.1903559783361942,1.0,4.4917324841441374e-05,2,1,truck|cost_7|cap_2|rel_2,truck,0.33420387,0.33420387,1.0,0.06361770463759227,0.33420387,1.5011543792056844e-05,0.4376918271096878
truck,cost_7,cap_2,rel_3,36,0.262243445,0.19258072491073094,1.0,0.07423742032085062,2,1,truck|cost_7|cap_2|rel_3,truck,0.262243445,0.262243445,1.0,0.050503032741187406,0.262243445,0.019468276852852875,0.4261664104681729
truck,cost_7,cap_2,rel_4,37,0.41137223,0.19252723277610667,1.0,0.33648165412803377,2,1,truck|cost_7|cap_2|rel_4,truck,0.41137223,0.41137223,1.0,0.0792003570828361,0.41137223,0.13841920841273797,0.36826850094646335
truck,cost_7,cap_2,rel_5,24,0.21687498,0.19441412645403822,1.0,0.860857359256454,1,1,truck|cost_7|cap_2|rel_5,truck,0.21687498,0.21687498,1.0,0.04216355978643701,0.21687498,0.18669842257159627,0.25681904297448666
truck,cost_7,cap_3,rel_1,10,0.30763820000000003,0.1927370243390043,1.0,0.0,2,1,truck|cost_7|cap_3|rel_1,truck,0.30763820000000003,0.30763820000000003,1.0,0.05929327124100748,0.30763820000000003,0.0,0.4428623844162024
truck,cost_7,cap_3,rel_2,19,0.8079613999999999,0.1919305672514894,1.0,0.0,2,1,truck|cost_7|cap_3|rel_2,truck,0.8079613999999999,0.8079613999999999,1.0,0.15507248981930752,0.8079613999999999,0.0,0.4411144756669137
truck,cost_7,cap_3,rel_3,36,1.33411635,0.19129613084290142,1.0,0.07161800099481162,2,1,truck|cost_7|cap_3|rel_3,truck,1.33411635,1.33411635,1.0,0.25521129584925406,1.33411635,0.09554674608149445,0.42395934501901655
truck,cost_7,cap_3,rel_4,47,1.8487948,0.19182214851788737,1.0,0.3541062194997026,2,1,truck|cost_7|cap_3|rel_4,truck,1.8487948,1.8487948,1.0,0.35463979070469787,1.8487948,0.6546697372587088,0.3628569721939706
truck,cost_7,cap_3,rel_5,34,1.3411376,0.19036300158015923,1.0,0.8007727128525338,2,1,truck|cost_7|cap_3|rel_5,truck,1.3411376,1.3411376,1.0,0.25530297906801097,1.3411376,1.0739463942605363,0.2612775062067523
truck,cost_7,cap_4,rel_1,5,0.656269,0.19336313635187816,1.0,0.0,2,1,truck|cost_7|cap_4|rel_1,truck,0.656269,0.656269,1.0,0.1268982321305107,0.656269,0.0,0.4442194146689953
truck,cost_7,cap_4,rel_2,24,3.5687785,0.1917845558405963,1.0,0.0003721123050893958,2,1,truck|cost_7|cap_4|rel_2,truck,3.5687785,3.5687785,1.0,0.6844365995159696,3.5687785,0.0013279863939884764,0.44071602176815616
truck,cost_7,cap_4,rel_3,31,3.406969,0.19213279187311144,1.0,0.07658393712556717,2,1,truck|cost_7|cap_4|rel_3,truck,3.406969,3.406969,1.0,0.6545904657951427,3.406969,0.26091909968475646,0.4246785406746609
truck,cost_7,cap_4,rel_4,42,6.246917,0.19235827419580173,1.0,0.34950245072784364,2,1,truck|cost_7|cap_4|rel_4,truck,6.246917,6.246917,1.0,1.2016461731644152,6.246917,2.183312800993429,0.3650333449729255
truck,cost_7,cap_4,rel_5,29,4.0400696,0.19240886711349287,1.0,0.8685066500271548,2,1,truck|cost_7|cap_4|rel_5,truck,4.0400696,4.0400696,1.0,0.7773452147956622,4.0400696,3.508827314172547,0.250787441855152
truck,cost_7,cap_5,rel_1,21,6.6938915,0.1912477710427558,1.0,0.0,2,1,truck|cost_7|cap_5|rel_1,truck,6.6938915,6.6938915,1.0,1.2801918289770493,6.6938915,0.0,0.4396345885337939
truck,cost_7,cap_5,rel_2,13,5.585338,0.19508915898769028,1.0,0.0,2,1,truck|cost_7|cap_5|rel_2,truck,5.585338,5.585338,1.0,1.089638893081988,5.585338,0.0,0.4479603825559575
truck,cost_7,cap_5,rel_3,31,9.890921,0.19261564202736928,1.0,0.0931046937774463,2,1,truck|cost_7|cap_5|rel_3,truck,9.890921,9.890921,1.0,1.9051460986569895,9.890921,0.920891170881913,0.422084940952243
truck,cost_7,cap_5,rel_4,37,12.19605,0.19322482609238026,1.0,0.35266840896229984,2,1,truck|cost_7|cap_5|rel_4,truck,12.19605,12.19605,1.0,2.3565796402639743,12.19605,4.301161549124656,0.3662139266490419
truck,cost_7,cap_5,rel_5,32,11.625837,0.19263244862310908,1.0,0.7592838325828931,2,1,truck|cost_7|cap_5|rel_5,truck,11.625837,11.625837,1.0,2.2395134486031405,11.625837,8.827310074344005,0.2753378016723704
truck,cost_7,cap_6,rel_1,12,9.71402,0.193108052474992,1.0,0.0,2,1,truck|cost_7|cap_6|rel_1,truck,9.71402,9.71402,1.0,1.8758554839031216,9.71402,0.0,0.44366654788027904
truck,cost_7,cap_6,rel_2,34,26.169,0.1929274944414529,1.0,0.00011317533943413634,2,1,truck|cost_7|cap_6|rel_2,truck,26.169,26.169,1.0,5.048719602038381,26.169,0.002961685457651914,0.4432502711625528
truck,cost_7,cap_6,rel_3,39,31.225702,0.19294219455624115,1.0,0.11402588404741668,2,1,truck|cost_7|cap_6|rel_3,truck,31.225702,31.225702,1.0,6.024755470439208,31.225702,3.560538275551187,0.418183006936671
truck,cost_7,cap_6,rel_4,46,37.878316,0.19110482006647722,1.0,0.44469255604847285,2,1,truck|cost_7|cap_6|rel_4,truck,37.878316,37.878316,1.0,7.238728763601165,37.878316,16.844205160851764,0.3413427657177277
truck,cost_7,cap_6,rel_5,46,38.013358,0.19110270426307815,1.0,0.800742716002896,2,1,truck|cost_7|cap_6|rel_5,truck,38.013358,38.013358,1.0,7.264455511920516,38.013358,30.438919529310414,0.26288734138472125
truck,cost_7,cap_7,rel_1,19,42.49195,0.19245483695579751,1.0,0.0,2,1,truck|cost_7|cap_7|rel_1,truck,42.49195,42.49195,1.0,8.177781309183901,42.49195,0.0,0.44225077370103594
truck,cost_7,cap_7,rel_2,5,10.932525,0.1938699710136992,1.0,0.0009060149166421601,2,1,truck|cost_7|cap_7|rel_2,truck,10.932525,10.932525,1.0,2.119488304856542,10.932525,0.00990503072656333,0.4451182959925779
truck,cost_7,cap_7,rel_3,27,54.563695,0.19216069857461046,1.0,0.11318909878909517,2,1,truck|cost_7|cap_7|rel_3,truck,54.563695,54.563695,1.0,10.484997748011981,54.563695,6.176015463653059,0.41667357300939184
truck,cost_7,cap_7,rel_4,32,60.59985,0.19343425019546434,1.0,0.3968412328518877,2,1,truck|cost_7|cap_7|rel_4,truck,60.59985,60.59985,1.0,11.72208654670761,60.59985,24.04851918463947,0.35693494632404715
truck,cost_7,cap_7,rel_5,53,106.00459000000001,0.19206031329648296,1.0,0.8166554883463916,2,1,truck|cost_7|cap_7|rel_5,truck,106.00459000000001,106.00459000000001,1.0,20.359274766265226,106.00459000000001,86.56923021340903,0.2614566914450754
truck,cost_7,cap_8,rel_1,41,182.632545,0.192535101614203,1.0,0.0,2,1,truck|cost_7|cap_8|rel_1,truck,182.632545,182.632545,1.0,35.1631756096355,182.632545,0.0,0.44242473869044163
truck,cost_7,cap_8,rel_2,10,51.560105,0.19118520166099434,1.0,0.0,2,1,truck|cost_7|cap_8|rel_2,truck,51.560105,51.560105,1.0,9.857529072087043,51.560105,0.0,0.4394989761478262
truck,cost_7,cap_8,rel_3,11,49.479895,0.1906686703502361,1.0,0.10774441387283726,1,1,truck|cost_7|cap_8|rel_3,truck,49.479895,49.479895,1.0,9.434265788719296,49.479895,5.331182285264531,0.41463942547277294
truck,cost_7,cap_8,rel_4,32,189.02471,0.1919253284367103,1.0,0.4234852767969088,1,1,truck|cost_7|cap_8|rel_4,truck,189.02471,189.02471,1.0,36.27862954940392,189.02471,80.04918163580541,0.34779386634408804
truck,cost_7,cap_8,rel_5,67,369.62818,0.19188433385607265,1.0,0.7798192340998957,1,1,truck|cost_7|cap_8|rel_5,truck,369.62818,369.62818,1.0,70.92585709373252,369.62818,288.2431642293384,0.26919164554654296
truck,cost_7,cap_9,rel_1,46,805.50675,0.19070443995008765,1.0,0.0,2,1,truck|cost_7|cap_9|rel_1,truck,805.50675,805.50675,1.0,153.61371363476528,805.50675,0.0,0.4384569769964438
truck,cost_7,cap_9,rel_2,29,484.59305,0.19141114057867734,1.0,0.0,2,1,truck|cost_7|cap_9|rel_2,truck,484.59305,484.59305,1.0,92.75650841700002,484.59305,0.0,0.43998867438116906
truck,cost_7,cap_9,rel_3,9,137.58745,0.18862927953463035,1.0,0.12047875905751064,1,1,truck|cost_7|cap_9|rel_3,truck,137.58745,137.58745,1.0,25.953021566506976,137.58745,16.57636523788729,0.40741342507820427
truck,cost_7,cap_9,rel_4,24,340.16224,0.19146976000470192,1.0,0.40762690673682567,1,1,truck|cost_7|cap_9|rel_4,truck,340.16224,340.16224,1.0,65.13078245546181,340.16224,138.6592816798697,0.35030064832744956
truck,cost_7,cap_9,rel_5,38,553.66449,0.19184465659202013,1.0,0.7522400557905344,1,1,truck|cost_7|cap_9|rel_5,truck,553.66449,553.66449,1.0,106.21757395124597,553.66449,416.4886068468378,0.2751823483962023
truck,cost_7,cap_10,rel_1,33,2666.02945,0.19412779577107575,1.0,0.0,2,1,truck|cost_7|cap_10|rel_1,truck,2666.02945,2666.02945,1.0,517.5504205892734,2666.02945,0.0,0.44587673148068085
truck,cost_7,cap_10,rel_2,15,1029.2148,0.19409055393357327,1.0,0.0,2,1,truck|cost_7|cap_10|rel_2,truck,1029.2148,1029.2148,1.0,199.76087064863182,1029.2148,0.0,0.44579601381495765
truck,cost_7,cap_10,rel_4,2,138.8122,0.1876650611401591,1.0,0.3469050661477579,1,1,truck|cost_7|cap_10|rel_4,truck,138.8122,138.8122,1.0,26.05019999999999,138.8122,48.1546554231158,0.3554336104775244
truck,cost_7,cap_10,rel_5,2,136.8866,0.1934360266088865,1.0,0.594055478669411,1,1,truck|cost_7|cap_10|rel_5,truck,136.8866,136.8866,1.0,26.4788,136.8866,81.31823468642818,0.31348530399550073
truck,cost_8,cap_1,rel_1,52,0.0365364039,0.20618267835901985,1.0,0.0,2,1,truck|cost_8|cap_1|rel_1,truck,0.0365364039,0.0365364039,1.0,0.0075331736137089385,0.0365364039,0.0,0.47200438919901666
truck,cost_8,cap_1,rel_2,24,0.0059787347,0.202816013119308,1.0,0.0008438571019247491,2,1,truck|cost_8|cap_1|rel_2,truck,0.0059787347,0.0059787347,1.0,0.001212583135352062,0.0059787347,5.045197737118934e-06,0.46452157293227236
truck,cost_8,cap_1,rel_3,41,0.04004634272,0.20628120826183155,1.0,0.06923424466557161,2,1,truck|cost_8|cap_1|rel_3,truck,0.04004634272,0.04004634272,1.0,0.008260807962749002,0.04004634272,0.0027725782898378125,0.4569631124463554
truck,cost_8,cap_1,rel_4,18,0.01410692142,0.20620237876972267,1.0,0.41419316041059084,1,1,truck|cost_8|cap_1|rel_4,truck,0.01410692142,0.01410692142,1.0,0.002908880753921554,0.01410692142,0.00584299036661366,0.38078522516349395
truck,cost_8,cap_1,rel_5,4,0.0007492156,0.2056255002905511,1.0,0.7417423475294964,2,1,truck|cost_8|cap_1|rel_5,truck,0.0007492156,0.0007492156,1.0,0.00015405783257548542,0.0007492156,0.0005557249379497201,0.30736386872700344
truck,cost_8,cap_2,rel_1,39,0.35043391,0.20709856736898183,1.0,0.0,2,1,truck|cost_8|cap_2|rel_1,truck,0.35043391,0.35043391,1.0,0.07257436071851071,0.35043391,0.0,0.47398947983641565
truck,cost_8,cap_2,rel_2,14,0.12004348,0.20552098752101908,1.0,0.00014630907783575,2,1,truck|cost_8|cap_2|rel_2,truck,0.12004348,0.12004348,1.0,0.024671454555059702,0.12004348,1.7563450858994298e-05,0.47053800845340304
truck,cost_8,cap_2,rel_3,48,0.47570914000000003,0.20637105545588527,1.0,0.08363972222518296,2,1,truck|cost_8|cap_2|rel_3,truck,0.47570914000000003,0.47570914000000003,1.0,0.0981725973118115,0.47570914000000003,0.039788180329580675,0.45398379434575836
truck,cost_8,cap_2,rel_4,18,0.15039389,0.20576844548225018,1.0,0.3609944583497019,2,1,truck|cost_8|cap_2|rel_4,truck,0.15039389,0.15039389,1.0,0.03094631695532853,0.15039389,0.05429136085965465,0.39156633626312043
truck,cost_8,cap_2,rel_5,15,0.1103661,0.20659639395348287,1.0,0.7689456383714404,2,1,truck|cost_8|cap_2|rel_5,truck,0.1103661,0.1103661,1.0,0.022801238274709486,0.1103661,0.08486553121906622,0.30347429869797843
truck,cost_8,cap_3,rel_1,20,0.6267711,0.20480319764435131,1.0,0.0,2,1,truck|cost_8|cap_3|rel_1,truck,0.6267711,0.6267711,1.0,0.12836472547106748,0.6267711,0.0,0.46901451354664403
truck,cost_8,cap_3,rel_2,30,1.08794485,0.20572733810011207,1.0,3.39264518539976e-06,2,1,truck|cost_8|cap_3|rel_2,truck,1.08794485,1.08794485,1.0,0.2238199979902257,1.08794485,3.6910108573329638e-06,0.47101674077928146
truck,cost_8,cap_3,rel_3,37,1.2684146,0.20455252528147355,1.0,0.06781001236016324,2,1,truck|cost_8|cap_3|rel_3,truck,1.2684146,1.2684146,1.0,0.2594574095338902,1.2684146,0.08601120970381151,0.4535301888808603
truck,cost_8,cap_3,rel_4,29,1.2648131,0.2051620837365643,1.0,0.3416313246810248,2,1,truck|cost_8|cap_3|rel_4,truck,1.2648131,1.2648131,1.0,0.2594916911333035,1.2648131,0.43209977482691353,0.39451851727720216
truck,cost_8,cap_3,rel_5,16,0.5969519,0.20560977722407578,1.0,0.8122291542164237,2,1,truck|cost_8|cap_3|rel_5,truck,0.5969519,0.5969519,1.0,0.12273914717248875,0.5969519,0.48486173684488715,0.2917989758818313
truck,cost_8,cap_4,rel_1,6,0.6154625,0.20767996113702822,1.0,0.0,2,1,truck|cost_8|cap_4|rel_1,truck,0.6154625,0.6154625,1.0,0.12781922808129823,0.6154625,0.0,0.47524958811704554
truck,cost_8,cap_4,rel_2,17,2.1040815,0.20768964429389322,1.0,0.00017889111807573528,2,1,truck|cost_8|cap_4|rel_2,truck,2.1040815,2.1040815,1.0,0.43699593830036126,2.1040815,0.0003764014920574702,0.47523115907602
truck,cost_8,cap_4,rel_3,30,3.8001824,0.20776008397517112,1.0,0.11403977823487124,2,1,truck|cost_8|cap_4|rel_3,truck,3.8001824,3.8001824,1.0,0.7895262145449674,3.8001824,0.4333719581480608,0.4502961225351305
truck,cost_8,cap_4,rel_4,47,5.7332172,0.20550046037652422,1.0,0.3653708020630606,2,1,truck|cost_8|cap_4|rel_4,truck,5.7332172,5.7332172,1.0,1.1781787740386072,5.7332172,2.094750166765735,0.390021239288203
truck,cost_8,cap_4,rel_5,43,5.5235531,0.20782063882708246,1.0,0.7599129282195911,2,1,truck|cost_8|cap_4|rel_5,truck,5.5235531,5.5235531,1.0,1.1479083338373117,5.5235531,4.1974194103974,0.3081179529590474
truck,cost_8,cap_5,rel_1,42,14.6561075,0.20994186156225592,1.0,0.0,2,1,truck|cost_8|cap_5|rel_1,truck,14.6561075,14.6561075,1.0,3.0769304918065403,14.6561075,0.0,0.4801520133105029
truck,cost_8,cap_5,rel_2,10,4.0325365,0.2070298046417815,1.0,0.0,2,1,truck|cost_8|cap_5|rel_2,truck,4.0325365,4.0325365,1.0,0.8348552438058533,4.0325365,0.0,0.4738404440422499
truck,cost_8,cap_5,rel_3,23,7.7385095,0.20558267238066422,1.0,0.09946702237027512,2,1,truck|cost_8|cap_5|rel_3,truck,7.7385095,7.7385095,1.0,1.5909034632531578,7.7385095,0.7697264975490865,0.44878772748405926
truck,cost_8,cap_5,rel_4,30,11.306376,0.20587971211321127,1.0,0.4044348135835989,2,1,truck|cost_8|cap_5|rel_4,truck,11.306376,11.306376,1.0,2.327753435923721,11.306376,4.5726920698660765,0.3822359997694846
truck,cost_8,cap_5,rel_5,42,15.284510000000001,0.2049263206452371,1.0,0.8530455255949563,2,1,truck|cost_8|cap_5|rel_5,truck,15.284510000000001,15.284510000000001,1.0,3.1321983971653333,15.284510000000001,13.038382866411366,0.28132432191657875
truck,cost_8,cap_6,rel_1,16,16.47886,0.208771488250728,1.0,0.0,2,1,truck|cost_8|cap_6|rel_1,truck,16.47886,16.47886,1.0,3.4403161268753917,16.47886,0.0,0.47761535539922156
truck,cost_8,cap_6,rel_2,28,21.74809,0.20811709627485647,1.0,0.0,2,1,truck|cost_8|cap_6|rel_2,truck,21.74809,21.74809,1.0,4.526149340324244,21.74809,0.0,0.47619703137702857
truck,cost_8,cap_6,rel_3,23,19.970886,0.20508938574370483,1.0,0.07570377296992879,2,1,truck|cost_8|cap_6|rel_3,truck,19.970886,19.970886,1.0,4.095816742497554,19.970886,1.5118714197523293,0.4529544926066259
truck,cost_8,cap_6,rel_4,37,31.539132,0.20705075431158398,1.0,0.400875641142905,2,1,truck|cost_8|cap_6|rel_4,truck,31.539132,31.539132,1.0,6.530201070932616,31.539132,12.643269761590712,0.38555832294424575
truck,cost_8,cap_6,rel_5,55,51.087502,0.20739460184621447,1.0,0.8312265287205088,2,1,truck|cost_8|cap_6|rel_5,truck,51.087502,51.087502,1.0,10.595272136607685,51.087502,42.46528694846205,0.2914815761248836
truck,cost_8,cap_7,rel_1,17,38.637945,0.2062022526310686,1.0,0.0,2,1,truck|cost_8|cap_7|rel_1,truck,38.637945,38.637945,1.0,7.967231296035334,38.637945,0.0,0.4720468143223179
truck,cost_8,cap_7,rel_2,12,25.178335,0.2075628960947209,1.0,0.0,2,1,truck|cost_8|cap_7|rel_2,truck,25.178335,25.178335,1.0,5.226088131443075,25.178335,0.0,0.47499586226497903
truck,cost_8,cap_7,rel_3,16,34.43855,0.2066252718725389,1.0,0.13190988572115547,2,1,truck|cost_8|cap_7|rel_3,truck,34.43855,34.43855,1.0,7.115874756646025,34.43855,4.542785194902299,0.4438991031471933
truck,cost_8,cap_7,rel_4,61,133.97129999999999,0.20608119660277874,1.0,0.4042864333406668,2,1,truck|cost_8|cap_7|rel_4,truck,133.97129999999999,133.97129999999999,1.0,27.608965814429848,133.97129999999999,54.162779047012464,0.38270538924791253
truck,cost_8,cap_7,rel_5,47,87.11708,0.205355695081679,1.0,0.8366105196615087,1,1,truck|cost_8|cap_7|rel_5,truck,87.11708,87.11708,1.0,17.889988516886238,87.11708,72.88306557019322,0.2858761760315418
truck,cost_8,cap_8,rel_1,45,212.429525,0.20504794205588778,1.0,0.0,2,1,truck|cost_8|cap_8|rel_1,truck,212.429525,212.429525,1.0,43.55823693315977,212.429525,0.0,0.4695449706594736
truck,cost_8,cap_8,rel_2,19,94.324475,0.2052000269894776,1.0,0.0006064597435949047,2,1,truck|cost_8|cap_8|rel_2,truck,94.324475,94.324475,1.0,19.355384815768307,94.324475,0.057203996923224,0.46974097314399976
truck,cost_8,cap_8,rel_3,14,87.56922,0.20328450528860348,1.0,0.09978603581600647,2,1,truck|cost_8|cap_8|rel_3,truck,87.56922,87.56922,1.0,17.801465566208883,87.56922,8.73818532329975,0.44373640790276336
truck,cost_8,cap_8,rel_4,29,154.90063,0.20637433701507024,1.0,0.4497001998757541,2,1,truck|cost_8|cap_8|rel_4,truck,154.90063,154.90063,1.0,31.9675148194667,154.90063,69.65884427188024,0.37333443006009637
truck,cost_8,cap_8,rel_5,61,332.86969,0.20432307229013125,1.0,0.7621980255246066,1,1,truck|cost_8|cap_8|rel_5,truck,332.86969,332.86969,1.0,68.01295773306357,332.86969,253.7126204749879,0.30003386445850583
truck,cost_8,cap_9,rel_1,29,532.50015,0.20586119170883624,1.0,0.0,2,1,truck|cost_8|cap_9|rel_1,truck,532.50015,532.50015,1.0,109.62111546413405,532.50015,0.0,0.47130760156166446
truck,cost_8,cap_9,rel_2,30,416.2713,0.20687147495174282,1.0,0.0001115876333196,2,1,truck|cost_8|cap_9|rel_2,truck,416.2713,416.2713,1.0,86.11465781107943,416.2713,0.04645072918587321,0.4734726946909917
truck,cost_8,cap_9,rel_3,11,121.0752,0.2086037870588603,1.0,0.03457584782762066,2,1,truck|cost_8|cap_9|rel_3,truck,121.0752,121.0752,1.0,25.25674523890892,121.0752,4.186277690898737,0.4696335605893753
truck,cost_8,cap_9,rel_4,28,647.73614,0.2052530575445908,1.0,0.4433165115287562,1,1,truck|cost_8|cap_9|rel_4,truck,647.73614,647.73614,1.0,132.94982321713113,647.73614,287.15212597590204,0.3723107371666109
truck,cost_8,cap_9,rel_5,35,670.43574,0.20488629106297032,1.0,0.7583098897230185,1,1,truck|cost_8|cap_9|rel_5,truck,670.43574,670.43574,1.0,137.3630921646579,670.43574,508.3980520657703,0.3021112785494765
truck,cost_8,cap_10,rel_1,7,573.54825,0.20304702230839192,1.0,0.0,1,1,truck|cost_8|cap_10|rel_1,truck,573.54825,573.54825,1.0,116.45726431268915,573.54825,0.0,0.4652081929345114
truck,cost_8,cap_10,rel_2,4,725.3405,0.2078498114391848,1.0,0.0,1,1,truck|cost_8|cap_10|rel_2,truck,725.3405,725.3405,1.0,150.76188615420403,725.3405,0.0,0.4756177203261922
truck,cost_8,cap_10,rel_3,3,130.67759999999998,0.1999589064996602,1.0,0.18571557987048606,1,1,truck|cost_8|cap_10|rel_3,truck,130.67759999999998,130.67759999999998,1.0,26.130149999999993,130.67759999999998,24.268866260083428,0.41759511807025246
truck,cost_8,cap_10,rel_5,3,190.8036,0.2118309088507764,1.0,0.667076037057102,1,1,truck|cost_8|cap_10|rel_5,truck,190.8036,190.8036,1.0,40.418099999999995,190.8036,127.28050934422845,0.33726513438166444
truck,cost_9,cap_1,rel_1,22,0.01512677428,0.22428146186502385,1.0,0.0,2,1,truck|cost_9|cap_1|rel_1,truck,0.01512677428,0.01512677428,1.0,0.0033926550488206433,0.01512677428,0.0,0.5112315502363255
truck,cost_9,cap_1,rel_2,33,0.0186496142,0.22629763288435048,1.0,0.0003031246936801928,2,1,truck|cost_9|cap_1|rel_2,truck,0.0186496142,0.0186496142,1.0,0.00422036354766637,0.0186496142,5.653158591628774e-06,0.5155345940202396
truck,cost_9,cap_1,rel_3,35,0.033170974150000004,0.22785046293707256,1.0,0.05262148451810196,2,1,truck|cost_9|cap_1|rel_3,truck,0.033170974150000004,0.033170974150000004,1.0,0.007558021816151168,0.033170974150000004,0.0017455059026845856,0.507372542478929
truck,cost_9,cap_1,rel_5,2,0.00439732,0.215520817225037,1.0,0.6013108360716488,1,1,truck|cost_9|cap_1|rel_5,truck,0.00439732,0.00439732,1.0,0.0009477139999999996,0.00439732,0.0026441561656745825,0.3597530855931355
truck,cost_9,cap_2,rel_1,36,0.311135335,0.22778969535299376,1.0,0.0,2,1,truck|cost_9|cap_2|rel_1,truck,0.311135335,0.311135335,1.0,0.07087342317320167,0.311135335,0.0,0.5188352679084786
truck,cost_9,cap_2,rel_2,15,0.113038135,0.22456836112492087,1.0,0.00037511990403788,2,1,truck|cost_9|cap_2|rel_2,truck,0.113038135,0.113038135,1.0,0.025384788721567558,0.113038135,4.240285435382092e-05,0.5117707208371527
truck,cost_9,cap_2,rel_3,47,0.4887561,0.22585764768649227,1.0,0.09205192105141441,2,1,truck|cost_9|cap_2|rel_3,truck,0.4887561,0.4887561,1.0,0.110389303038424,0.4887561,0.04499093793059721,0.49436536682947074
truck,cost_9,cap_2,rel_4,24,0.22649586,0.22888507299664237,1.0,0.35295207895570885,2,1,truck|cost_9|cap_2|rel_4,truck,0.22649586,0.22649586,1.0,0.05184152144953729,0.22649586,0.07994218466186118,0.4434411625002398
truck,cost_9,cap_2,rel_5,14,0.16437574,0.23025298239728467,1.0,0.8141227372501342,2,1,truck|cost_9|cap_2|rel_5,truck,0.16437574,0.16437574,1.0,0.03784800436876064,0.16437574,0.13382202738631638,0.3447932395554239
truck,cost_9,cap_3,rel_1,38,2.0168276,0.2278485680761179,1.0,0.0,2,1,truck|cost_9|cap_3|rel_1,truck,2.0168276,2.0168276,1.0,0.4595312807163935,2.0168276,0.0,0.5189628681855871
truck,cost_9,cap_3,rel_2,45,1.71760855,0.22549107791203649,1.0,7.158243127910788e-05,2,1,truck|cost_9|cap_3|rel_2,truck,1.71760855,1.71760855,1.0,0.38730540337043,1.71760855,0.00012295059599478313,0.5138374903230218
truck,cost_9,cap_3,rel_3,24,0.8201821,0.22708512218310398,1.0,0.11377109525599753,2,1,truck|cost_9|cap_3|rel_3,truck,0.8201821,0.8201821,1.0,0.18625115239089482,0.8201821,0.0933130158263641,0.4922402590313161
truck,cost_9,cap_3,rel_4,36,1.3175652,0.22619445505502003,1.0,0.37049152347650455,2,1,truck|cost_9|cap_3|rel_4,truck,1.3175652,1.3175652,1.0,0.2980259424134585,1.3175652,0.4881467382276254,0.43374495888566217
truck,cost_9,cap_3,rel_5,32,1.2293525,0.22831451949519715,1.0,0.8255550962731034,2,1,truck|cost_9|cap_3|rel_5,truck,1.2293525,1.2293525,1.0,0.2806790253277194,1.2293525,1.0148982214910804,0.3380728645733418
truck,cost_9,cap_4,rel_1,23,2.5405585,0.2299428354450179,1.0,0.0,2,1,truck|cost_9|cap_4|rel_1,truck,2.5405585,2.5405585,1.0,0.5841832251039415,2.5405585,0.0,0.5235019668110705
truck,cost_9,cap_4,rel_2,22,2.6227145000000003,0.22758861258659707,1.0,0.0003331966804154363,2,1,truck|cost_9|cap_4|rel_2,truck,2.6227145000000003,2.6227145000000003,1.0,0.5968999542657507,2.6227145000000003,0.0008738797650774309,0.5183260273186132
truck,cost_9,cap_4,rel_3,39,4.6967554,0.2279526090451716,1.0,0.0941146976810074,2,1,truck|cost_9|cap_4|rel_3,truck,4.6967554,4.6967554,1.0,1.0706376474769985,4.6967554,0.44203371455263896,0.49845146466361523
truck,cost_9,cap_4,rel_4,41,5.5346673,0.22804551628029887,1.0,0.38317746446586964,2,1,truck|cost_9|cap_4|rel_4,truck,5.5346673,5.5346673,1.0,1.2621560618681877,5.5346673,2.1207597826761604,0.43496175885892474
truck,cost_9,cap_4,rel_5,23,2.6112043,0.22756617397486356,1.0,0.8360705575025631,2,1,truck|cost_9|cap_4|rel_5,truck,2.6112043,2.6112043,1.0,0.5942217720177118,2.6112043,2.18315103485409,0.33413396667641265
truck,cost_9,cap_5,rel_1,16,6.100829,0.2289868439654421,1.0,0.0,1,1,truck|cost_9|cap_5|rel_1,truck,6.100829,6.100829,1.0,1.3970095782828442,6.100829,0.0,0.5214299583964069
truck,cost_9,cap_5,rel_2,31,11.7851905,0.22196938186079088,1.0,0.0,2,1,truck|cost_9|cap_5|rel_2,truck,11.7851905,11.7851905,1.0,2.615951450396665,11.7851905,0.0,0.5062203662179576
truck,cost_9,cap_5,rel_3,26,8.620099,0.22832756642437088,1.0,0.08822142942708845,2,1,truck|cost_9|cap_5|rel_3,truck,8.620099,8.620099,1.0,1.968206227007153,8.620099,0.7604774555830157,0.5005626463148298
truck,cost_9,cap_5,rel_4,24,8.774391,0.22695232866524098,1.0,0.4307939211349922,1,1,truck|cost_9|cap_5|rel_4,truck,8.774391,8.774391,1.0,1.9913684700693324,8.774391,3.7799543044615853,0.422100750218832
truck,cost_9,cap_5,rel_5,34,11.516084000000001,0.22990533119207776,1.0,0.7770314039780234,2,1,truck|cost_9|cap_5|rel_5,truck,11.516084000000001,11.516084000000001,1.0,2.647609106055788,11.516084000000001,8.948358918848852,0.3522123168382895
truck,cost_9,cap_6,rel_1,39,35.03634,0.2265468971891807,1.0,0.0,2,1,truck|cost_9|cap_6|rel_1,truck,35.03634,35.03634,1.0,7.93737411586518,35.03634,0.0,0.5161416369419225
truck,cost_9,cap_6,rel_2,37,30.434695,0.2274745967099178,1.0,0.0,2,1,truck|cost_9|cap_6|rel_2,truck,30.434695,30.434695,1.0,6.923119971114351,30.434695,0.0,0.5181523255874945
truck,cost_9,cap_6,rel_3,33,28.108967,0.22938604514753352,1.0,0.0904247513467732,2,1,truck|cost_9|cap_6|rel_3,truck,28.108967,28.108967,1.0,6.44780477331253,28.108967,2.5417463515896537,0.5023713125815829
truck,cost_9,cap_6,rel_4,45,35.638887,0.2263152696388954,1.0,0.4212269417972548,2,1,truck|cost_9|cap_6|rel_4,truck,35.638887,35.638887,1.0,8.065624321035124,35.638887,15.012059380067939,0.42282794803614954
truck,cost_9,cap_6,rel_5,31,30.245285,0.22738961213465694,1.0,0.7980470013418316,1,1,truck|cost_9|cap_6|rel_5,truck,30.245285,30.245285,1.0,6.877463625052157,30.245285,24.13715899897908,0.34212926441231983
truck,cost_9,cap_7,rel_1,13,26.36345,0.22256284612379854,1.0,0.0,1,1,truck|cost_9|cap_7|rel_1,truck,26.36345,26.36345,1.0,5.8675244656424566,26.36345,0.0,0.507506635994441
truck,cost_9,cap_7,rel_2,33,75.71248,0.22731327668723034,1.0,7.729064037907887e-05,2,1,truck|cost_9|cap_7|rel_2,truck,75.71248,75.71248,1.0,17.210451914916394,75.71248,0.005851866063888201,0.5177856518914317
truck,cost_9,cap_7,rel_3,27,54.7104,0.22983145452519965,1.0,0.05976408678431387,2,1,truck|cost_9|cap_7|rel_3,truck,54.7104,54.7104,1.0,12.574170809655483,54.7104,3.2697170936045254,0.5100923522344509
truck,cost_9,cap_7,rel_4,48,104.02826999999999,0.22407955193261742,1.0,0.4264476534032562,1,1,truck|cost_9|cap_7|rel_4,truck,104.02826999999999,104.02826999999999,1.0,23.310608129925345,104.02826999999999,44.36261162910035,0.4168319578491994
truck,cost_9,cap_7,rel_5,70,131.85963,0.22657717489974263,1.0,0.8173486523952543,1,1,truck|cost_9|cap_7|rel_5,truck,131.85963,131.85963,1.0,29.87638244872535,131.85963,107.77529088583685,0.3361155365084534
truck,cost_9,cap_8,rel_1,20,132.14448,0.22811217236793016,1.0,0.0,2,1,truck|cost_9|cap_8|rel_1,truck,132.14448,132.14448,1.0,30.1437643992305,132.14448,0.0,0.5195342020546074
truck,cost_9,cap_8,rel_2,41,228.600405,0.23032955675885994,1.0,0.0,2,1,truck|cost_9|cap_8|rel_2,truck,228.600405,228.600405,1.0,52.65342995854587,228.600405,0.0,0.5243401435454134
truck,cost_9,cap_8,rel_3,17,86.14749,0.22580478368559617,1.0,0.14021372174408972,2,1,truck|cost_9|cap_8|rel_3,truck,86.14749,86.14749,1.0,19.45251534450706,86.14749,12.079060191811752,0.48363898822739243
truck,cost_9,cap_8,rel_4,29,154.89998,0.22440406877084004,1.0,0.41686208562230564,2,1,truck|cost_9|cap_8|rel_4,truck,154.89998,154.89998,1.0,34.760185764521744,154.89998,64.57192872565344,0.4196473633454219
truck,cost_9,cap_8,rel_5,36,187.78291000000002,0.22739745514245108,1.0,0.7719752277115465,1,1,truck|cost_9|cap_8|rel_5,truck,187.78291000000002,187.78291000000002,1.0,42.70135585324393,187.78291000000002,144.96375470758684,0.3478908260861976
truck,cost_9,cap_9,rel_1,19,379.9055,0.22576983848090543,1.0,0.0,2,1,truck|cost_9|cap_9|rel_1,truck,379.9055,379.9055,1.0,85.77120337300762,379.9055,0.0,0.5144574460086012
truck,cost_9,cap_9,rel_2,26,571.3914,0.23001937710034454,1.0,8.610820243374615e-05,2,1,truck|cost_9|cap_9|rel_2,truck,571.3914,571.3914,1.0,131.4310939084938,571.3914,0.04920148634010162,0.5236488898147527
truck,cost_9,cap_9,rel_3,13,194.86525,0.22965117544407765,1.0,0.10910112201251615,2,1,truck|cost_9|cap_9|rel_3,truck,194.86525,194.86525,1.0,44.751033715704054,194.86525,21.260017416249465,0.498830868150073
truck,cost_9,cap_9,rel_4,22,296.08862,0.22956910827239455,1.0,0.4431034461648587,1,1,truck|cost_9|cap_9|rel_4,truck,296.08862,296.08862,1.0,67.97280046300388,296.08862,131.1978878921973,0.4250601003582777
truck,cost_9,cap_9,rel_5,20,307.74242,0.22444587413884057,1.0,0.7514003301718813,1,1,truck|cost_9|cap_9|rel_5,truck,307.74242,307.74242,1.0,69.0715164665022,307.74242,231.23775599589376,0.3460269931086717
truck,cost_9,cap_10,rel_1,6,323.38085,0.2205192098760108,1.0,0.0,2,1,truck|cost_9|cap_10|rel_1,truck,323.38085,323.38085,1.0,71.31168953103277,323.38085,0.0,0.50307727486268
truck,cost_9,cap_10,rel_2,8,411.5896,0.224873751941404,1.0,0.0,2,1,truck|cost_9|cap_10|rel_2,truck,411.5896,411.5896,1.0,92.55569761206169,411.5896,0.0,0.5125152750899465
truck,cost_9,cap_10,rel_3,1,47.8343,0.2346935149045768,1.0,0.2247512305101573,1,1,truck|cost_9|cap_10|rel_3,truck,47.8343,47.8343,1.0,11.226399999999998,47.8343,10.750817785592018,0.484277657351303
truck,cost_9,cap_10,rel_4,8,563.5334,0.22150061690527428,1.0,0.3801690950528372,1,1,truck|cost_9|cap_10|rel_4,truck,563.5334,563.5334,1.0,124.8229957467267,563.5334,214.23798271004853,0.42143924894801876
truck,cost_9,cap_10,rel_5,1,53.8962,0.216271277010253,1.0,0.5838460356060396,1,1,truck|cost_9|cap_10|rel_5,truck,53.8962,53.8962,1.0,11.656199999999998,53.8962,31.467082704230233,0.3652277588691423
truck,cost_10,cap_1,rel_1,52,0.01979738428,0.28322279527109673,1.0,0.0,2,1,truck|cost_10|cap_1|rel_1,truck,0.01979738428,0.01979738428,1.0,0.005607070514837669,0.01979738428,0.0,0.6389805327304654
truck,cost_10,cap_1,rel_2,30,0.03214418458,0.28087230454896006,1.0,0.00016585704723692,2,1,truck|cost_10|cap_1|rel_2,truck,0.03214418458,0.03214418458,1.0,0.009028411200831745,0.03214418458,5.331339540277335e-06,0.6338495532663955
truck,cost_10,cap_1,rel_3,72,0.04117209435,0.27223141079521856,1.0,0.06122907535194852,2,1,truck|cost_10|cap_1|rel_3,truck,0.04117209435,0.04117209435,1.0,0.011208337330294348,0.04117209435,0.0025209292673536838,0.601666893587031
truck,cost_10,cap_1,rel_4,7,0.007670222,0.33444539843506643,1.0,0.5343480570751837,2,1,truck|cost_10|cap_1|rel_4,truck,0.007670222,0.007670222,1.0,0.0025652704528754122,0.007670222,0.00409856822303533,0.6322636305951681
truck,cost_10,cap_1,rel_5,8,0.008445114,0.250506499626545,1.0,0.7247019215530573,2,1,truck|cost_10|cap_1|rel_5,truck,0.008445114,0.008445114,1.0,0.00211555594708713,0.008445114,0.006120190343534626,0.4083932211904905
truck,cost_10,cap_2,rel_1,30,0.25345409,0.28105534130936705,1.0,0.0,2,1,truck|cost_10|cap_2|rel_1,truck,0.25345409,0.25345409,1.0,0.07123462577120504,0.25345409,0.0,0.6342828100592417
truck,cost_10,cap_2,rel_2,27,0.25541634,0.2679907598145903,1.0,0.0002931150664947556,2,1,truck|cost_10|cap_2|rel_2,truck,0.25541634,0.25541634,1.0,0.06844921902566174,0.25541634,7.48663774829471e-05,0.6059021549291103
truck,cost_10,cap_2,rel_3,70,0.617072335,0.28549710910053927,1.0,0.0710568728586165,2,1,truck|cost_10|cap_2|rel_3,truck,0.617072335,0.617072335,1.0,0.17617236774841952,0.617072335,0.043847230452664615,0.6282534414710398
truck,cost_10,cap_2,rel_4,22,0.19640797,0.28392992597432987,1.0,0.39979857277818986,2,1,truck|cost_10|cap_2|rel_4,truck,0.19640797,0.19640797,1.0,0.055766100382868396,0.19640797,0.07852362608826152,0.5524229524590298
truck,cost_10,cap_2,rel_5,13,0.17252196,0.25254303316762405,1.0,0.8022124774292421,2,1,truck|cost_10|cap_2|rel_5,truck,0.17252196,0.17252196,1.0,0.04356921906642351,0.17252196,0.13839926894254861,0.39572878501198305
truck,cost_10,cap_3,rel_1,38,1.6381328,0.3033727945333649,1.0,0.0,2,1,truck|cost_10|cap_3|rel_1,truck,1.6381328,1.6381328,1.0,0.4969649253527657,1.6381328,0.0,0.6826534826665998
truck,cost_10,cap_3,rel_2,24,0.9322132000000001,0.2936480999843007,1.0,0.0004125214728315583,2,1,truck|cost_10|cap_3|rel_2,truck,0.9322132000000001,0.9322132000000001,1.0,0.27374263496028495,0.9322132000000001,0.00038455796225702005,0.6614853626497236
truck,cost_10,cap_3,rel_3,36,1.38929035,0.27339423187939016,1.0,0.09145490312394587,2,1,truck|cost_10|cap_3|rel_3,truck,1.38929035,1.38929035,1.0,0.3798239680956991,1.38929035,0.12705741437028287,0.5975273303969098
truck,cost_10,cap_3,rel_4,41,1.6908708,0.29563396829726096,1.0,0.3631841053137819,2,1,truck|cost_10|cap_3|rel_4,truck,1.6908708,1.6908708,1.0,0.49987884448196424,1.6908708,0.6140973986991987,0.5858577045841085
truck,cost_10,cap_3,rel_5,29,1.1387449,0.2837643735374822,1.0,0.7602739507339977,2,1,truck|cost_10|cap_3|rel_5,truck,1.1387449,1.1387449,1.0,0.3231352331675028,1.1387449,0.8657580840011913,0.47263825989919045
truck,cost_10,cap_4,rel_1,33,4.5480615,0.27744290907634306,1.0,0.0,2,1,truck|cost_10|cap_4|rel_1,truck,4.5480615,4.5480615,1.0,1.2618274132181164,4.5480615,0.0,0.6264532528465048
truck,cost_10,cap_4,rel_2,18,2.5281035000000003,0.2771531509208118,1.0,0.0,2,1,truck|cost_10|cap_4|rel_2,truck,2.5281035000000003,2.5281035000000003,1.0,0.7006718508789326,2.5281035000000003,0.0,0.6258252332989409
truck,cost_10,cap_4,rel_3,22,2.911347,0.2732722389741555,1.0,0.0511983909136942,2,1,truck|cost_10|cap_4|rel_3,truck,2.911347,2.911347,1.0,0.7955903131206906,2.911347,0.14905628179141087,0.606132902086828
truck,cost_10,cap_4,rel_4,51,7.0906424,0.27409463519471666,1.0,0.39984018351982503,2,1,truck|cost_10|cap_4|rel_4,truck,7.0906424,7.0906424,1.0,1.9435070419241902,7.0906424,2.835123758489453,0.531096852206319
truck,cost_10,cap_4,rel_5,43,5.5794952,0.26347887810761966,1.0,0.7977939284171203,2,1,truck|cost_10|cap_4|rel_5,truck,5.5794952,5.5794952,1.0,1.470079135702849,5.5794952,4.451287394192466,0.42040461686375535
truck,cost_10,cap_5,rel_1,16,5.705947,0.273446667061603,1.0,0.0,2,1,truck|cost_10|cap_5|rel_1,truck,5.705947,5.705947,1.0,1.5602721895801523,5.705947,0.0,0.6177918293312578
truck,cost_10,cap_5,rel_2,38,14.103641,0.2921925732804738,1.0,5.887408947126129e-05,2,1,truck|cost_10|cap_5|rel_2,truck,14.103641,14.103641,1.0,4.120979156413995,14.103641,0.000830339022104549,0.6584085869377179
truck,cost_10,cap_5,rel_3,38,13.8994925,0.28559566656000807,1.0,0.12590420618184844,2,1,truck|cost_10|cap_5|rel_3,truck,13.8994925,13.8994925,1.0,3.9696348253833325,13.8994925,1.750004569543056,0.6163821858319273
truck,cost_10,cap_5,rel_4,46,16.587511,0.27688719698942366,1.0,0.41383786852145293,2,1,truck|cost_10|cap_5|rel_4,truck,16.587511,16.587511,1.0,4.592869425821232,16.587511,6.864540196316154,0.5340652280526669
truck,cost_10,cap_5,rel_5,56,18.776848,0.27507050551347983,1.0,0.7493273006371919,2,1,truck|cost_10|cap_5|rel_5,truck,18.776848,18.776848,1.0,5.164957071309773,18.776848,14.070004826314856,0.4562071850529556
truck,cost_10,cap_6,rel_1,40,31.801685,0.28048084461324285,1.0,0.0,2,1,truck|cost_10|cap_6|rel_1,truck,31.801685,31.801685,1.0,8.919763468924296,31.801685,0.0,0.6330376504380556
truck,cost_10,cap_6,rel_2,22,16.74885,0.27661193690426383,1.0,0.0,2,1,truck|cost_10|cap_6|rel_2,truck,16.74885,16.74885,1.0,4.63293183941898,16.74885,0.0,0.6246522102957245
truck,cost_10,cap_6,rel_3,3,2.08351,0.271313937077479,1.0,0.0637949096533324,1,1,truck|cost_10|cap_6|rel_3,truck,2.08351,2.08351,1.0,0.5652853010402982,2.08351,0.1329173322118146,0.5991130213710408
truck,cost_10,cap_6,rel_4,29,23.695793000000002,0.29229668702397854,1.0,0.39606470043806025,2,1,truck|cost_10|cap_6|rel_4,truck,23.695793000000002,23.695793000000002,1.0,6.926201790305982,23.695793000000002,9.385067156187286,0.5713797128437231
truck,cost_10,cap_6,rel_5,37,31.383462,0.2778144470182202,1.0,0.7454812177081772,2,1,truck|cost_10|cap_6|rel_5,truck,31.383462,31.383462,1.0,8.718779141047328,31.383462,23.395781467658306,0.46300181466140033
truck,cost_10,cap_7,rel_1,21,46.1239,0.2852911612114678,1.0,0.0,2,1,truck|cost_10|cap_7|rel_1,truck,46.1239,46.1239,1.0,13.15874099060162,46.1239,0.0,0.6434634928034506
truck,cost_10,cap_7,rel_2,27,52.263565,0.28258897157792146,1.0,8.586364348175555e-05,2,1,truck|cost_10|cap_7|rel_2,truck,52.263565,52.263565,1.0,14.769107084345851,52.263565,0.004487540112245557,0.6375878693495634
truck,cost_10,cap_7,rel_3,11,22.754675,0.27462909702635474,1.0,0.08508580473500685,2,1,truck|cost_10|cap_7|rel_3,truck,22.754675,22.754675,1.0,6.249095848378168,22.754675,1.9360998338585418,0.601607112117944
truck,cost_10,cap_7,rel_4,28,61.87992,0.2788218061818028,1.0,0.36334668490643107,2,1,truck|cost_10|cap_7|rel_4,truck,61.87992,61.87992,1.0,17.25347106078546,61.87992,22.483863794275162,0.549383334415353
truck,cost_10,cap_7,rel_5,45,82.43082,0.2608407634136157,1.0,0.847277670622264,1,1,truck|cost_10|cap_7|rel_5,truck,82.43082,82.43082,1.0,21.501318017610338,82.43082,69.84179315708313,0.4037837143023544
truck,cost_10,cap_8,rel_1,18,75.13875,0.2775875420009907,1.0,0.0,2,1,truck|cost_10|cap_8|rel_1,truck,75.13875,75.13875,1.0,20.85758092152694,75.13875,0.0,0.6267667291099546
truck,cost_10,cap_8,rel_2,24,118.51394,0.28081184993497627,1.0,0.0,2,1,truck|cost_10|cap_8|rel_2,truck,118.51394,118.51394,1.0,33.280118734482784,118.51394,0.0,0.6337550687692675
truck,cost_10,cap_8,rel_3,9,39.81388,0.2886757665320927,1.0,0.16439311382198377,1,1,truck|cost_10|cap_8|rel_3,truck,39.81388,39.81388,1.0,11.493302327616755,39.81388,6.545127706534803,0.614577459902439
truck,cost_10,cap_8,rel_4,11,54.89709,0.26848731582848495,1.0,0.42680096126835065,1,1,truck|cost_10|cap_8|rel_4,truck,54.89709,54.89709,1.0,14.739172340894763,54.89709,23.43013078283516,0.513003149471778
truck,cost_10,cap_8,rel_5,23,116.29907,0.25833345952508974,1.0,0.8272241379052108,1,1,truck|cost_10|cap_8|rel_5,truck,116.29907,116.29907,1.0,30.043941092650577,116.29907,96.20539791992776,0.402767928360912
truck,cost_10,cap_9,rel_1,17,234.63715000000002,0.2820421924782781,1.0,0.0,2,1,truck|cost_10|cap_9|rel_1,truck,234.63715000000002,234.63715000000002,1.0,66.17757622285461,234.63715000000002,0.0,0.6364217035218818
truck,cost_10,cap_9,rel_2,37,558.03365,0.27300670786551323,1.0,0.0,2,1,truck|cost_10|cap_9|rel_2,truck,558.03365,558.03365,1.0,152.34692966467605,558.03365,0.0,0.6168382652296078
truck,cost_10,cap_9,rel_3,6,103.71564000000001,0.28236125349176683,1.0,0.18025730500491102,1,1,truck|cost_10|cap_9|rel_3,truck,103.71564000000001,103.71564000000001,1.0,29.285278117100834,103.71564000000001,18.695501753259553,0.5973959739719347
truck,cost_10,cap_9,rel_4,17,329.01043999999996,0.26763051503429824,1.0,0.4348564374224221,2,1,truck|cost_10|cap_9|rel_4,truck,329.01043999999996,329.01043999999996,1.0,88.05323350886107,329.01043999999996,143.07230781318353,0.5093712109168864
truck,cost_10,cap_9,rel_5,12,128.299,0.2751373128518743,1.0,0.7496175130691624,1,1,truck|cost_10|cap_9|rel_5,truck,128.299,128.299,1.0,35.29984210158263,128.299,96.17517730926046,0.45628803836740695
truck,cost_10,cap_10,rel_1,4,347.5895,0.276552063208498,1.0,0.0,1,1,truck|cost_10|cap_10|rel_1,truck,347.5895,347.5895,1.0,96.12659337461021,347.5895,0.0,0.6245224405183842
truck,cost_10,cap_10,rel_2,17,1160.47165,0.27307972363270994,1.0,0.0,2,1,truck|cost_10|cap_10|rel_2,truck,1160.47165,1160.47165,1.0,316.9012774655949,1160.47165,0.0,0.6169965190292148
truck,cost_10,cap_10,rel_3,2,323.488,0.2835932090216638,1.0,0.1571866972997083,1,1,truck|cost_10|cap_10|rel_3,truck,323.488,323.488,1.0,91.73899999999998,323.488,50.84801033608804,0.6051494011669369
truck,cost_10,cap_10,rel_4,3,309.534,0.2756391866483165,1.0,0.4213686989503382,1,1,truck|cost_10|cap_10|rel_4,truck,309.534,309.534,1.0,85.3197,309.534,130.427938860894,0.5297009835941142
truck,cost_10,cap_10,rel_5,2,146.75150000000002,0.2887556175183964,1.0,0.8651059784738145,1,1,truck|cost_10|cap_10|rel_5,truck,146.75150000000002,146.75150000000002,1.0,42.37532000425096,146.75150000000002,126.95560000000002,0.4603579229824683
