mode_bin,cost_bin,capacity_bin,reliability_bin,lane_count,capacity,unit_cost,transit_days,reliability,source_count,confidence_count,segment_id,mode,allocation,allocated_value,utilization,weighted_cost,weighted_time,weighted_reliability,objective_score
truck,cost_1,cap_1,rel_1,43,0.026579559239999998,0.0925082494008288,1.0,0.0,2,1,truck|cost_1|cap_1|rel_1,truck,0.026579559239999998,0.026579559239999998,1.0,0.0024588284951380236,0.026579559239999998,0.0,0.22667646115582624
truck,cost_1,cap_1,rel_2,130,0.05547671742,0.0801754829966695,1.0,0.0003982584230630108,2,1,truck|cost_1|cap_1|rel_2,truck,0.05547671742,0.05547671742,1.0,0.004447872614218249,0.05547671742,2.2094069996401462e-05,0.19991000607387915
truck,cost_1,cap_1,rel_3,119,0.1788428403,0.13552783158656778,1.0,0.05815843107656944,2,1,truck|cost_1|cap_1|rel_3,truck,0.1788428403,0.1788428403,1.0,0.024238182340641838,0.1788428403,0.010401219001125466,0.3065882320068245
truck,cost_1,cap_1,rel_4,41,0.0655434884,0.13342969533820362,1.0,0.381154798437772,2,1,truck|cost_1|cap_1|rel_4,truck,0.0655434884,0.0655434884,1.0,0.008745447688615083,0.0655434884,0.024982215110010447,0.22906278684946818
truck,cost_1,cap_1,rel_5,16,0.023173368,0.13952547994031977,1.0,0.7533858044163444,1,1,truck|cost_1|cap_1|rel_5,truck,0.023173368,0.023173368,1.0,0.003233275292033648,0.023173368,0.017458486491715972,0.15813576341818086
truck,cost_1,cap_2,rel_1,15,0.25757722,0.13350614713863582,1.0,0.0,2,1,truck|cost_1|cap_2|rel_1,truck,0.25757722,0.25757722,1.0,0.03438814223288077,0.25757722,0.0,0.31535719916966676
truck,cost_1,cap_2,rel_2,18,0.25448191,0.13725217716891025,1.0,0.0004317288130126778,2,1,truck|cost_1|cap_2|rel_2,truck,0.25448191,0.25448191,1.0,0.03492819619760267,0.25448191,0.00010986717293749909,0.3233625137417979
truck,cost_1,cap_2,rel_3,73,0.89230309,0.1371515477695576,1.0,0.0746797752451706,2,1,truck|cost_1|cap_2|rel_3,truck,0.89230309,0.89230309,1.0,0.12238074987305884,0.89230309,0.06663699421177123,0.30636711444983383
truck,cost_1,cap_2,rel_4,47,0.74480559,0.14206946976636284,1.0,0.4078639584233369,2,1,truck|cost_1|cap_2|rel_4,truck,0.74480559,0.74480559,1.0,0.10581413525032304,0.74480559,0.30377935619322893,0.2417156671601946
truck,cost_1,cap_2,rel_5,21,0.32139855,0.1375276771447884,1.0,0.7782747511242569,2,1,truck|cost_1|cap_2|rel_5,truck,0.32139855,0.32139855,1.0,0.04420119601920313,0.32139855,0.25013637651294707,0.1481902824328402
truck,cost_1,cap_3,rel_1,3,0.17244189999999998,0.1344634874878213,1.0,0.0,1,1,truck|cost_1|cap_3|rel_1,truck,0.17244189999999998,0.17244189999999998,1.0,0.02318713926302613,0.17244189999999998,0.0,0.31742797970673575
truck,cost_1,cap_3,rel_2,24,1.6794923,0.13655533282861812,1.0,9.862460735208333e-06,2,1,truck|cost_1|cap_3|rel_2,truck,1.6794923,1.6794923,1.0,0.22934363000960134,1.6794923,1.6563926863834734e-05,0.3219505291703957
truck,cost_1,cap_3,rel_3,80,4.8026559,0.13773749459664297,1.0,0.08126102781200141,2,1,truck|cost_1|cap_3|rel_3,truck,4.8026559,4.8026559,1.0,0.6615057910757856,4.8026559,0.3902687546613727,0.306147393208717
truck,cost_1,cap_3,rel_4,44,2.6107572,0.13576802534710453,1.0,0.38807658073159446,2,1,truck|cost_1|cap_3|rel_4,truck,2.6107572,2.6107572,1.0,0.35445734970473564,2.6107572,1.0131737272963914,0.23255661905832242
truck,cost_1,cap_3,rel_5,30,1.7254683,0.1307846864125551,1.0,0.7839644702658165,2,1,truck|cost_1|cap_3|rel_5,truck,1.7254683,1.7254683,1.0,0.22566483053030456,1.7254683,1.352705841769959,0.13231911936101795
truck,cost_1,cap_4,rel_1,18,2.6288856,0.13848437332364283,1.0,0.0,2,1,truck|cost_1|cap_4|rel_1,truck,2.6288856,2.6288856,1.0,0.36405957485554874,2.6288856,0.0,0.3261253798922391
truck,cost_1,cap_4,rel_2,13,1.965782,0.12938228888987638,1.0,0.0006463980723665846,2,1,truck|cost_1|cap_4|rel_2,truck,1.965782,1.965782,1.0,0.25433737461851896,1.965782,0.0012706776954929293,0.3062909982027222
truck,cost_1,cap_4,rel_3,30,5.2887245,0.13434462405061653,1.0,0.10091410848977682,2,1,truck|cost_1|cap_4|rel_3,truck,5.2887245,5.2887245,1.0,0.7105117046597849,5.2887245,0.5337069179655406,0.2943674446009239
truck,cost_1,cap_4,rel_4,27,4.848418,0.14324400957244568,1.0,0.3942753977826366,2,1,truck|cost_1|cap_4|rel_4,truck,4.848418,4.848418,1.0,0.6945068344032179,4.848418,1.9116119355664951,0.24732685120246334
truck,cost_1,cap_4,rel_5,25,4.49802,0.13499510576040985,1.0,0.7754776563979644,2,1,truck|cost_1|cap_4|rel_5,truck,4.49802,4.49802,1.0,0.6072106856124387,4.49802,3.488114008031172,0.143344245138658
truck,cost_1,cap_5,rel_1,23,9.317161,0.1416053850826201,1.0,0.0,2,1,truck|cost_1|cap_5|rel_1,truck,9.317161,9.317161,1.0,1.31936017128177,9.317161,0.0,0.3328763022908954
truck,cost_1,cap_5,rel_2,10,6.173924,0.14245463493943467,1.0,0.00030276249142466,2,1,truck|cost_1|cap_5|rel_2,truck,6.173924,6.173924,1.0,0.8795040895638143,6.173924,0.0018692326121065028,0.33464486223057255
truck,cost_1,cap_5,rel_3,16,7.430321,0.139098285988901,1.0,0.12595017541964673,2,1,truck|cost_1|cap_5|rel_3,truck,7.430321,7.430321,1.0,1.0335449154473368,7.430321,0.935850233374285,0.29899251359799456
truck,cost_1,cap_5,rel_4,35,13.776549,0.13927930759051096,1.0,0.39077321920614005,2,1,truck|cost_1|cap_5|rel_4,truck,13.776549,13.776549,1.0,1.9187882057067462,13.776549,5.383506402281129,0.23954236245913324
truck,cost_1,cap_5,rel_5,21,9.855448,0.14166473690138626,1.0,0.7842014633091929,2,1,truck|cost_1|cap_5|rel_5,truck,9.855448,9.855448,1.0,1.3961694479652935,9.855448,7.72865674316766,0.1557997220153878
truck,cost_1,cap_6,rel_1,13,15.783642,0.14152146288010048,1.0,0.0,1,1,truck|cost_1|cap_6|rel_1,truck,15.783642,15.783642,1.0,2.233724105415795,15.783642,0.0,0.33269477388905433
truck,cost_1,cap_6,rel_2,13,13.661145000000001,0.1441006603091075,1.0,4.993234859562307e-05,2,1,truck|cost_1|cap_6|rel_2,truck,13.661145000000001,13.661145000000001,1.0,1.9685800150784627,13.661145000000001,0.0006821330543553532,0.3382624385450685
truck,cost_1,cap_6,rel_3,7,7.84472,0.14568635591280463,1.0,0.13360664438557096,2,1,truck|cost_1|cap_6|rel_3,truck,7.84472,7.84472,1.0,1.1428686699562967,7.84472,1.0481067153443762,0.3115127539517988
truck,cost_1,cap_6,rel_4,21,22.447086,0.13498293538082543,1.0,0.36949911563111015,2,1,truck|cost_1|cap_6|rel_4,truck,22.447086,22.447086,1.0,3.029973559025831,22.447086,8.294178425495474,0.2350563507788122
truck,cost_1,cap_6,rel_5,24,25.864992,0.13154628300925017,1.0,0.765664216366344,2,1,truck|cost_1|cap_6|rel_5,truck,25.864992,25.864992,1.0,3.4024435576639918,25.864992,19.803898831001757,0.13810177928256825
truck,cost_1,cap_7,rel_1,24,68.31359,0.1437937610918585,1.0,0.0,1,1,truck|cost_1|cap_7|rel_1,truck,68.31359,68.31359,1.0,9.823068039787175,68.31359,0.0,0.33760988157811045
truck,cost_1,cap_7,rel_2,14,43.49947,0.13870388382724874,1.0,0.0003293994880035857,1,1,truck|cost_1|cap_7|rel_2,truck,43.49947,43.49947,1.0,6.033545433426892,43.49947,0.014328703146427337,0.3265257593828119
truck,cost_1,cap_7,rel_3,29,73.71226,0.12927706300975403,1.0,0.06221668705000208,2,1,truck|cost_1|cap_7|rel_3,truck,73.71226,73.71226,1.0,9.529304480611371,73.71226,4.586132612168386,0.29215043245547767
truck,cost_1,cap_7,rel_4,15,35.20764,0.1336673687885502,1.0,0.3890326755049263,2,1,truck|cost_1|cap_7|rel_4,truck,35.20764,35.20764,1.0,4.706112600054511,35.20764,13.696922387414263,0.22779673436819353
truck,cost_1,cap_7,rel_5,10,27.16996,0.13065260462805012,1.0,0.8034988932226724,2,1,truck|cost_1|cap_7|rel_5,truck,27.16996,27.16996,1.0,3.5498260416399363,27.16996,21.83103278890428,0.12761925152686526
truck,cost_1,cap_8,rel_1,14,96.60039,0.1412364450602524,1.0,0.0,2,1,truck|cost_1|cap_8|rel_1,truck,96.60039,96.60039,1.0,13.643495675033956,96.60039,0.0,0.33207826445793986
truck,cost_1,cap_8,rel_2,52,379.32964,0.14046096760778565,1.0,0.0,1,1,truck|cost_1|cap_8|rel_2,truck,379.32964,379.32964,1.0,53.28100827671299,379.32964,0.0,0.330400863503441
truck,cost_1,cap_8,rel_3,7,50.24571,0.14120419304789916,1.0,0.04366116402491569,2,1,truck|cost_1|cap_8|rel_3,truck,50.24571,50.24571,1.0,7.094904934668758,50.24571,2.1937861858583467,0.322142446398172
truck,cost_1,cap_8,rel_4,9,71.54654,0.14396478015948938,1.0,0.3772840207679467,2,1,truck|cost_1|cap_8|rel_4,truck,71.54654,71.54654,1.0,10.300181902272112,71.54654,26.993366283234728,0.25272543702084443
truck,cost_1,cap_8,rel_5,12,85.33646999999999,0.14539979286959678,1.0,0.7719827522546946,1,1,truck|cost_1|cap_8|rel_5,truck,85.33646999999999,85.33646999999999,1.0,12.407905062222559,85.33646999999999,65.87828297830018,0.16663990214961436
truck,cost_1,cap_9,rel_1,40,1062.7652,0.14256624408210314,1.0,0.0,2,1,truck|cost_1|cap_9|rel_1,truck,1062.7652,1062.7652,1.0,151.51444290516517,1062.7652,0.0,0.3349546938646862
truck,cost_1,cap_9,rel_2,32,822.0576,0.14266631354106385,1.0,8.9976011316075e-05,2,1,truck|cost_1|cap_9|rel_2,truck,822.0576,822.0576,1.0,117.27992731041445,822.0576,0.07396546392006545,0.33515081792265455
truck,cost_1,cap_9,rel_3,10,381.15930000000003,0.14480069299936318,1.0,0.08607347079493319,2,1,truck|cost_1|cap_9|rel_3,truck,381.15930000000003,381.15930000000003,1.0,55.19213078315217,381.15930000000003,32.80770387676718,0.3203380237141087
truck,cost_1,cap_9,rel_4,6,89.655,0.14248755029685126,1.0,0.30756882947940006,2,1,truck|cost_1|cap_9|rel_4,truck,89.655,89.655,1.0,12.774721321864199,89.655,27.57508340697561,0.2652835555323788
truck,cost_1,cap_9,rel_5,8,199.1598,0.14283015338740676,1.0,0.8322631846916788,1,1,truck|cost_1|cap_9|rel_5,truck,199.1598,199.1598,1.0,28.446024782605253,199.1598,165.7533694105578,0.14746013958244003
truck,cost_1,cap_10,rel_1,23,5667.6937,0.14702075626224248,1.0,0.0,2,1,truck|cost_1|cap_10|rel_1,truck,5667.6937,5667.6937,1.0,833.2686140367472,5667.6937,0.0,0.3445900520031137
truck,cost_1,cap_10,rel_2,15,4497.503,0.1478423602774071,1.0,0.0,2,1,truck|cost_1|cap_10|rel_2,truck,4497.503,4497.503,1.0,664.9214588747192,4497.503,0.0,0.34636722728380487
truck,cost_1,cap_10,rel_4,2,262.566,0.1455565457827746,1.0,0.5444569112325268,1,1,truck|cost_1|cap_10|rel_4,truck,262.566,262.566,1.0,38.218199999999996,262.566,142.95587335467962,0.21839267909315768
truck,cost_1,cap_10,rel_5,3,186.4239,0.1410899031722863,1.0,0.6327960517773977,1,1,truck|cost_1|cap_10|rel_5,truck,186.4239,186.4239,1.0,26.302529999999987,186.4239,117.96830787694442,0.1887692040720706
truck,cost_2,cap_1,rel_1,7,0.0073263234,0.15597776216333023,1.0,0.0,2,1,truck|cost_2|cap_1|rel_1,truck,0.0073263234,0.0073263234,1.0,0.001142743528816841,0.0073263234,0.0,0.36396455502721137
truck,cost_2,cap_1,rel_2,21,0.01923608944,0.15327540715968294,1.0,0.0007476044529999285,2,1,truck|cost_2|cap_1|rel_2,truck,0.01923608944,0.01923608944,1.0,0.0029484194410760774,0.01923608944,1.43809861236489e-05,0.3579502753422722
truck,cost_2,cap_1,rel_3,41,0.06143847126,0.1548521462062638,1.0,0.061681973354186355,2,1,truck|cost_2|cap_1|rel_3,truck,0.06143847126,0.06143847126,1.0,0.009513879134242858,0.06143847126,0.0037896461471812644,0.34759159149737495
truck,cost_2,cap_1,rel_4,21,0.051460126,0.15342471081131714,1.0,0.39519025651092204,1,1,truck|cost_2|cap_1|rel_4,truck,0.051460126,0.051460126,1.0,0.007895254949863944,0.051460126,0.02033654039402437,0.26914154604054974
truck,cost_2,cap_1,rel_5,8,0.018250434,0.15505719277715646,1.0,0.6670395679477703,1,1,truck|cost_2|cap_1|rel_5,truck,0.018250434,0.018250434,1.0,0.0028298610630047706,0.018250434,0.012173761610219297,0.21124326821831135
truck,cost_2,cap_2,rel_1,21,0.14271949,0.15515071359514146,1.0,0.0,1,1,truck|cost_2|cap_2|rel_1,truck,0.14271949,0.14271949,1.0,0.022143030717434658,0.14271949,0.0,0.3621756028748517
truck,cost_2,cap_2,rel_2,16,0.254622,0.1561389773887546,1.0,3.86844076493e-05,1,1,truck|cost_2|cap_2|rel_2,truck,0.254622,0.254622,1.0,0.039756418700679474,0.254622,9.849901244480066e-06,0.3643045310817376
truck,cost_2,cap_2,rel_3,43,0.59273217,0.15418349287722963,1.0,0.0748577442863798,2,1,truck|cost_2|cap_2|rel_3,truck,0.59273217,0.59273217,1.0,0.09138951631129986,0.59273217,0.044370593212171,0.343167945644243
truck,cost_2,cap_2,rel_4,34,0.49584338,0.1546510387307963,1.0,0.33768118970459526,2,1,truck|cost_2|cap_2|rel_4,truck,0.49584338,0.49584338,1.0,0.07668269376478895,0.49584338,0.16743698246554772,0.28478940901665284
truck,cost_2,cap_2,rel_5,20,0.30861556,0.15402521248027382,1.0,0.8028911776406049,1,1,truck|cost_2|cap_2|rel_5,truck,0.30861556,0.30861556,1.0,0.047534577203718696,0.30861556,0.24778471040661476,0.1783128297730816
truck,cost_2,cap_3,rel_1,15,0.8083921000000001,0.15587202303075612,1.0,0.0,1,1,truck|cost_2|cap_3|rel_1,truck,0.8083921000000001,0.8083921000000001,1.0,0.1260057120290813,0.8083921000000001,0.0,0.3637358353895952
truck,cost_2,cap_3,rel_2,7,0.3463231,0.1544068021232811,1.0,7.62760196218e-05,2,1,truck|cost_2|cap_3|rel_2,truck,0.3463231,0.3463231,1.0,0.05347464237242129,0.3463231,2.64161475710826e-05,0.3605492449051837
truck,cost_2,cap_3,rel_3,30,1.8357251,0.15613628089447928,1.0,0.09680065558570732,2,1,truck|cost_2|cap_3|rel_3,truck,1.8357251,1.8357251,1.0,0.2866232898586461,1.8357251,0.17769939315513814,0.3424335244939958
truck,cost_2,cap_3,rel_4,24,1.2662533,0.15600063598249284,1.0,0.35860652171834634,2,1,truck|cost_2|cap_3|rel_4,truck,1.2662533,1.2662533,1.0,0.1975363201149303,1.2662533,0.45408669152737774,0.282980193656535
truck,cost_2,cap_3,rel_5,22,0.9348143,0.15541925918550337,1.0,0.8123012311226482,2,1,truck|cost_2|cap_3|rel_5,truck,0.9348143,0.9348143,1.0,0.1452881459820149,0.9348143,0.7593508067610566,0.17920185323145052
truck,cost_2,cap_4,rel_1,35,7.352704,0.15652384073072298,1.0,0.0,1,1,truck|cost_2|cap_4|rel_1,truck,7.352704,7.352704,1.0,1.1508734698361498,7.352704,0.0,0.36514575340669
truck,cost_2,cap_4,rel_2,20,3.837431,0.1552369482470454,1.0,0.00044681283865379077,1,1,truck|cost_2|cap_4|rel_2,truck,3.837431,3.837431,1.0,0.5957110775486076,3.837431,0.001714613438248055,0.3622611675307782
truck,cost_2,cap_4,rel_3,28,5.118914,0.15544948796129246,1.0,0.10472574932488744,2,1,truck|cost_2|cap_4|rel_3,truck,5.118914,5.118914,1.0,0.7957325602178914,5.118914,0.5360821043796569,0.33915713020716665
truck,cost_2,cap_4,rel_4,39,7.550736,0.1548775638649194,1.0,0.3937405713153371,2,1,truck|cost_2|cap_4|rel_4,truck,7.550736,7.550736,1.0,1.169439597067146,7.550736,2.9730311064912827,0.2726117316123236
truck,cost_2,cap_4,rel_5,30,5.067133,0.15476014578659053,1.0,0.7729669194375549,2,1,truck|cost_2|cap_4|rel_5,truck,5.067133,5.067133,1.0,0.7841902418000438,5.067133,3.916726185390376,0.18666447630229063
truck,cost_2,cap_5,rel_1,18,8.847531,0.15611564320462257,1.0,0.0,2,1,truck|cost_2|cap_5|rel_1,truck,8.847531,8.847531,1.0,1.3812379928378375,8.847531,0.0,0.3642627994049626
truck,cost_2,cap_5,rel_2,20,9.76303,0.15514856377837816,1.0,0.00022883902657987003,1,1,truck|cost_2|cap_5|rel_2,truck,9.76303,9.76303,1.0,1.5147200826252194,9.76303,0.0022341622816700684,0.36211924225091396
truck,cost_2,cap_5,rel_3,36,15.926974,0.15538438820328077,1.0,0.11191486630966094,2,1,truck|cost_2|cap_5|rel_3,truck,15.926974,15.926974,1.0,2.4748031109195594,15.926974,1.7824651659274457,0.3373918005994211
truck,cost_2,cap_5,rel_4,29,13.644542,0.1556424605785194,1.0,0.4209042138431357,2,1,truck|cost_2|cap_5|rel_4,truck,13.644542,13.644542,1.0,2.1236700903469523,13.644542,5.743045223759646,0.26812811366827616
truck,cost_2,cap_5,rel_5,22,10.061492,0.15415736722734869,1.0,0.7523499801521829,2,1,truck|cost_2|cap_5|rel_5,truck,10.061492,10.061492,1.0,1.551053117099031,10.061492,7.569763306501347,0.19001941502694616
truck,cost_2,cap_6,rel_1,27,29.126891,0.15507983698889682,1.0,0.0,1,1,truck|cost_2|cap_6|rel_1,truck,29.126891,29.126891,1.0,4.516993508273366,29.126891,0.0,0.36202229282490994
truck,cost_2,cap_6,rel_2,14,14.887554,0.15310533485145766,1.0,0.0,1,1,truck|cost_2|cap_6|rel_2,truck,14.887554,14.887554,1.0,2.279363940289158,14.887554,0.0,0.3577513346436435
truck,cost_2,cap_6,rel_3,28,26.246418,0.15511589735211545,1.0,0.09993574929314884,2,1,truck|cost_2|cap_6|rel_3,truck,26.246418,26.246418,1.0,4.071236680348715,26.246418,2.622955449091189,0.33951794506111577
truck,cost_2,cap_6,rel_4,19,19.521273,0.15523549208741405,1.0,0.35655480449587124,2,1,truck|cost_2|cap_6|rel_4,truck,19.521273,19.521273,1.0,3.0303944203277497,19.521273,6.96040367802553,0.28178876857435026
truck,cost_2,cap_6,rel_5,27,29.691313,0.15531717700878134,1.0,0.7547274280716505,2,1,truck|cost_2|cap_6|rel_5,truck,29.691313,29.691313,1.0,4.611570916844131,29.691313,22.40884829656036,0.19199091948750555
truck,cost_2,cap_7,rel_1,20,63.916850000000004,0.15573781155126326,1.0,0.0,2,1,truck|cost_2|cap_7|rel_1,truck,63.916850000000004,63.916850000000004,1.0,9.954270340250362,63.916850000000004,0.0,0.36344552847855616
truck,cost_2,cap_7,rel_2,22,62.41655,0.15373092308917588,1.0,0.0,2,1,truck|cost_2|cap_7|rel_2,truck,62.41655,62.41655,1.0,9.5953538475417,62.41655,0.0,0.35910451687187445
truck,cost_2,cap_7,rel_3,25,56.6048,0.15414997620698825,1.0,0.11300057662942725,2,1,truck|cost_2|cap_7|rel_3,truck,56.6048,56.6048,1.0,8.725628573201329,56.6048,6.396375039993403,0.3344763621289802
truck,cost_2,cap_7,rel_4,35,92.81348,0.15386676736764274,1.0,0.35908469062456516,2,1,truck|cost_2|cap_7|rel_4,truck,92.81348,92.81348,1.0,14.280910135741362,92.81348,33.327899751589264,0.2782564657098953
truck,cost_2,cap_7,rel_5,25,70.65603,0.15513775287614254,1.0,0.7870875646271834,2,1,truck|cost_2|cap_7|rel_5,truck,70.65603,70.65603,1.0,10.961417721349314,70.65603,55.61248257892521,0.18429043807357234
truck,cost_2,cap_8,rel_1,25,187.63067,0.15503437533261966,1.0,0.0,2,1,truck|cost_2|cap_8|rel_1,truck,187.63067,187.63067,1.0,29.0892037166909,187.63067,0.0,0.36192395672836725
truck,cost_2,cap_8,rel_2,46,370.41360000000003,0.15520428812005463,1.0,2.360927885705652e-05,2,1,truck|cost_2|cap_8|rel_2,truck,370.41360000000003,370.41360000000003,1.0,57.48977909798667,370.41360000000003,0.008745197974846191,0.3622861526011224
truck,cost_2,cap_8,rel_3,13,99.05982,0.15364410364120593,1.0,0.10968523743638513,2,1,truck|cost_2|cap_8|rel_3,truck,99.05982,99.05982,1.0,15.219957250759204,99.05982,10.865399877105572,0.3341312943596446
truck,cost_2,cap_8,rel_4,17,113.20157,0.15578562193212406,1.0,0.3493635133360944,2,1,truck|cost_2|cap_8|rel_4,truck,113.20157,113.20157,1.0,17.635176986142877,113.20157,39.54849821036182,0.2846037365904473
truck,cost_2,cap_8,rel_5,10,67.93356,0.15549976407570706,1.0,0.864780923111433,2,1,truck|cost_2|cap_8|rel_5,truck,67.93356,67.93356,1.0,10.56365255282289,67.93356,58.74764672704592,0.16751722360280383
truck,cost_2,cap_9,rel_1,59,1859.3654000000001,0.15420476251346343,1.0,0.0,2,1,truck|cost_2|cap_9|rel_1,truck,1859.3654000000001,1859.3654000000001,1.0,286.72299993275095,1859.3654000000001,0.0,0.3601294579582347
truck,cost_2,cap_9,rel_2,30,955.0866,0.15543548298695092,1.0,5.147524241752666e-05,2,1,truck|cost_2|cap_9|rel_2,truck,955.0866,955.0866,1.0,148.4543469653648,955.0866,0.04916331426473132,0.3627799431502114
truck,cost_2,cap_9,rel_3,8,113.2717,0.15353214726879838,1.0,0.15607903451203606,2,1,truck|cost_2|cap_9|rel_3,truck,113.2717,113.2717,1.0,17.39084732578715,113.2717,17.679337573536994,0.3234055818706938
truck,cost_2,cap_9,rel_4,23,599.7219,0.156610924649546,1.0,0.43312692614441495,2,1,truck|cost_2|cap_9|rel_4,truck,599.7219,599.7219,1.0,93.92300129158257,599.7219,259.7557030884882,0.26746100539489454
truck,cost_2,cap_9,rel_5,29,813.5926,0.15531631713134159,1.0,0.8054795767145149,2,1,truck|cost_2|cap_9|rel_5,truck,813.5926,813.5926,1.0,126.36420627731273,813.5926,655.3322230660616,0.18052066400321184
truck,cost_2,cap_10,rel_1,101,29031.3682,0.15590976451921032,1.0,0.0,2,1,truck|cost_2|cap_10|rel_1,truck,29031.3682,29031.3682,1.0,4526.273779732491,29031.3682,0.0,0.3638174723328176
truck,cost_2,cap_10,rel_2,99,26473.4961,0.1548884608586003,1.0,4.883555436896162e-05,2,1,truck|cost_2|cap_10|rel_2,truck,26473.4961,26473.4961,1.0,4100.439064475158,26473.4961,1.2928478581280434,0.3615973002825843
truck,cost_2,cap_10,rel_3,1,106.155,0.157817342565117,1.0,0.1787705950927771,1,1,truck|cost_2|cap_10|rel_3,truck,106.155,106.155,1.0,16.753099999999996,106.155,18.977392522073753,0.32754711639023837
truck,cost_2,cap_10,rel_4,2,212.504,0.1578690283477017,1.0,0.2338856526895544,1,1,truck|cost_2|cap_10|rel_4,truck,212.504,212.504,1.0,33.5478,212.504,49.701636739141065,0.3152046393644079
truck,cost_2,cap_10,rel_5,13,1409.3174,0.15443607181387825,1.0,0.7599851775341118,1,1,truck|cost_2|cap_10|rel_5,truck,1409.3174,1409.3174,1.0,217.64944319494816,1409.3174,1071.0603344409128,0.1888969531859678
truck,cost_3,cap_1,rel_1,15,0.0145567292,0.16147688847898406,1.0,0.0,1,1,truck|cost_3|cap_1|rel_1,truck,0.0145567292,0.0145567292,1.0,0.002350575337647171,0.0145567292,0.0,0.3758594717671446
truck,cost_3,cap_1,rel_2,36,0.0162711227,0.16166837676508453,1.0,0.00029444036044813985,2,1,truck|cost_3|cap_1|rel_2,truck,0.0162711227,0.0162711227,1.0,0.0026305259950545196,0.0162711227,4.790875232683911e-06,0.37620713730685873
truck,cost_3,cap_1,rel_3,60,0.07580986128,0.16169193407948892,1.0,0.05801566654730948,2,1,truck|cost_3|cap_1|rel_3,truck,0.07580986128,0.07580986128,1.0,0.01225784309266096,0.07580986128,0.0043981596330182685,0.3632149043867473
truck,cost_3,cap_1,rel_4,19,0.027705596,0.1606160711303035,1.0,0.42510153589311983,2,1,truck|cost_3|cap_1|rel_4,truck,0.027705596,0.027705596,1.0,0.0044499639778434515,0.027705596,0.011777691412434278,0.27793784723829673
truck,cost_3,cap_1,rel_5,12,0.0221029802,0.16121025900875202,1.0,0.8315240576838113,2,1,truck|cost_3|cap_1|rel_5,truck,0.0221029802,0.0221029802,1.0,0.003563227162907318,0.0221029802,0.01837915978280894,0.18738435208821547
truck,cost_3,cap_2,rel_1,15,0.16850066,0.16188169815409778,1.0,0.0,2,1,truck|cost_3|cap_2|rel_1,truck,0.16850066,0.16850066,1.0,0.027277172980886256,0.16850066,0.0,0.37673509765835034
truck,cost_3,cap_2,rel_2,15,0.15872861,0.1616103026614871,1.0,0.0009790473215289066,2,1,truck|cost_3|cap_2|rel_2,truck,0.15872861,0.15872861,1.0,0.025652178703137147,0.15872861,0.0001554028204705064,0.37592682005937583
truck,cost_3,cap_2,rel_3,50,0.67583514,0.1609660420712411,1.0,0.0689738496917848,2,1,truck|cost_3|cap_2|rel_3,truck,0.67583514,0.67583514,1.0,0.10878650757846312,0.67583514,0.04661495136278634,0.35916855344270704
truck,cost_3,cap_2,rel_4,28,0.31046479,0.16250027546976,1.0,0.3893960375012284,2,1,truck|cost_3|cap_2|rel_4,truck,0.31046479,0.31046479,1.0,0.05045061389866119,0.31046479,0.120893759009651,0.2900818102277348
truck,cost_3,cap_2,rel_5,17,0.2771425,0.1610141008229962,1.0,0.7782236895514522,1,1,truck|cost_3|cap_2|rel_5,truck,0.2771425,0.2771425,1.0,0.04462385043733722,0.2771425,0.21567885888151334,0.19900426428866386
truck,cost_3,cap_3,rel_1,10,0.6362879,0.16102091167750704,1.0,0.0,1,1,truck|cost_3|cap_3|rel_1,truck,0.6362879,0.6362879,1.0,0.10245565774736644,0.6362879,0.0,0.37487316852957925
truck,cost_3,cap_3,rel_2,11,0.6885781,0.1609207492430307,1.0,0.000914572766521791,2,1,truck|cost_3|cap_3|rel_2,truck,0.6885781,0.6885781,1.0,0.11080650376434252,0.6885781,0.0006297547778833185,0.37444984680924875
truck,cost_3,cap_3,rel_3,28,1.8130799,0.16032971567957088,1.0,0.10225954658315087,2,1,truck|cost_3|cap_3|rel_3,truck,1.8130799,1.8130799,1.0,0.2906905848713448,1.8130799,0.1854047284930245,0.35027061933696857
truck,cost_3,cap_3,rel_4,17,0.9001112,0.16088826223439087,1.0,0.3535133494304721,2,1,truck|cost_3|cap_3|rel_4,truck,0.9001112,0.9001112,1.0,0.14481732678571224,0.9001112,0.31820132517188154,0.29470329904105597
truck,cost_3,cap_3,rel_5,19,1.0621063,0.16155887400154725,1.0,0.8147793746412981,2,1,truck|cost_3|cap_3|rel_5,truck,1.0621063,1.0621063,1.0,0.17159269789794954,1.0621063,0.8653823069165829,0.1919221995036725
truck,cost_3,cap_4,rel_1,13,2.672279,0.16114397134194938,1.0,0.0,2,1,truck|cost_3|cap_4|rel_1,truck,2.672279,2.672279,1.0,0.4306216505936932,2.672279,0.0,0.37513935344306615
truck,cost_3,cap_4,rel_2,16,2.607578,0.16048808335333303,1.0,0.0007235710284194813,2,1,truck|cost_3|cap_4|rel_2,truck,2.607578,2.607578,1.0,0.41848519541431745,2.607578,0.0018867678951440144,0.37355712678190356
truck,cost_3,cap_4,rel_3,24,4.108127,0.16115040709364672,1.0,0.09456764656861875,2,1,truck|cost_3|cap_4|rel_3,truck,4.108127,4.108127,1.0,0.6620263384424016,4.108127,0.388495902195,0.35378394902563126
truck,cost_3,cap_4,rel_4,30,5.564767,0.15984019204100017,1.0,0.4016800710195936,2,1,truck|cost_3|cap_4|rel_4,truck,5.564767,5.564767,1.0,0.8894734259434204,5.564767,2.2352560037674905,0.2815520947846216
truck,cost_3,cap_4,rel_5,42,7.758387,0.1604824797990964,1.0,0.70121185444139,2,1,truck|cost_3|cap_4|rel_5,truck,7.758387,7.758387,1.0,1.2450851850010722,7.758387,5.440272935743972,0.2152566003250643
truck,cost_3,cap_5,rel_1,15,8.036798,0.1625664854254303,1.0,0.0,2,1,truck|cost_3|cap_5|rel_1,truck,8.036798,8.036798,1.0,1.3065140049341273,8.036798,0.0,0.37821633069602023
truck,cost_3,cap_5,rel_2,11,6.230292,0.16155684818182936,1.0,0.0005312510480496909,2,1,truck|cost_3|cap_5|rel_2,truck,6.230292,6.230292,1.0,1.006546338772466,6.230292,0.003309849154655605,0.3759123829686314
truck,cost_3,cap_5,rel_3,23,10.152116,0.16068889682289694,1.0,0.1061893429483884,2,1,truck|cost_3|cap_5|rel_3,truck,10.152116,10.152116,1.0,1.6313323204580812,10.152116,1.078046527575821,0.3501595373131199
truck,cost_3,cap_5,rel_4,29,13.005155,0.16138192531052928,1.0,0.32461345623882804,2,1,truck|cost_3|cap_5|rel_4,truck,13.005155,13.005155,1.0,2.0987969528618566,13.005155,4.221648313471675,0.30230159021499947
truck,cost_3,cap_5,rel_5,18,8.467474,0.16021778747881144,1.0,0.7648238421598776,2,1,truck|cost_3|cap_5|rel_5,truck,8.467474,8.467474,1.0,1.3566399498143613,8.467474,6.476125998068867,0.20030973983042116
truck,cost_3,cap_6,rel_1,22,23.411003,0.16210865246054884,1.0,0.0,1,1,truck|cost_3|cap_6|rel_1,truck,23.411003,23.411003,1.0,3.7951261490798665,23.411003,0.0,0.37722601247354925
truck,cost_3,cap_6,rel_2,9,10.591358,0.16117431684362712,1.0,7.556551872184909e-06,2,1,truck|cost_3|cap_6|rel_2,truck,10.591358,10.591358,1.0,1.7070548900962847,10.591358,8.00341461238806e-05,0.37520328491066635
truck,cost_3,cap_6,rel_3,28,30.110441,0.1613752031963387,1.0,0.07818994569149891,2,1,truck|cost_3|cap_6|rel_3,truck,30.110441,30.110441,1.0,4.859078534706367,30.110441,2.3543337465370824,0.35797104280840086
truck,cost_3,cap_6,rel_4,35,37.257115,0.16152110654351406,1.0,0.4299061669255708,2,1,truck|cost_3|cap_6|rel_4,truck,37.257115,37.257115,1.0,6.0178104414189555,37.257115,16.01706350035519,0.2788097931998149
truck,cost_3,cap_6,rel_5,21,26.497216,0.16116671293738905,1.0,0.7653120917711698,2,1,truck|cost_3|cap_6|rel_5,truck,26.497216,26.497216,1.0,4.2704692047119925,26.497216,20.278639803072508,0.20225198937483832
truck,cost_3,cap_7,rel_1,6,14.01427,0.15998313173659592,1.0,0.0,2,1,truck|cost_3|cap_7|rel_1,truck,14.01427,14.01427,1.0,2.242046803602224,14.01427,0.0,0.3726283926719359
truck,cost_3,cap_7,rel_2,14,37.1678,0.16164840299393313,1.0,0.0005236170714669928,1,1,truck|cost_3|cap_7|rel_2,truck,37.1678,37.1678,1.0,6.008115512797907,37.1678,0.019461694588870895,0.3761121461699758
truck,cost_3,cap_7,rel_3,22,59.31706,0.16225494329114873,1.0,0.10845906250647182,2,1,truck|cost_3|cap_7|rel_3,truck,59.31706,59.31706,1.0,9.624486206497666,59.31706,6.4334727182401386,0.35303409760527327
truck,cost_3,cap_7,rel_4,25,65.31046,0.16134129909635894,1.0,0.41025935585082207,2,1,truck|cost_3|cap_7|rel_4,truck,65.31046,65.31046,1.0,10.537274460980788,65.31046,26.794227249920883,0.2828604234348101
truck,cost_3,cap_7,rel_5,53,164.10542,0.16128052217913907,1.0,0.7966703934643751,2,1,truck|cost_3|cap_7|rel_5,truck,164.10542,164.10542,1.0,26.467007830026933,164.10542,130.73792952103653,0.19541217138568445
truck,cost_3,cap_8,rel_1,27,179.78647,0.1607448310361501,1.0,0.0,2,1,truck|cost_3|cap_8|rel_1,truck,179.78647,179.78647,1.0,28.899745742735867,179.78647,0.0,0.374275990713696
truck,cost_3,cap_8,rel_2,31,275.33268,0.16120965342146937,1.0,2.031355781254824e-07,2,1,truck|cost_3|cap_8|rel_2,truck,275.33268,275.33268,1.0,44.386285918404326,275.33268,5.592986312863844e-05,0.3752813815398852
truck,cost_3,cap_8,rel_3,22,167.95135,0.16083267520981706,1.0,0.15391078263698973,2,1,truck|cost_3|cap_8|rel_3,truck,167.95135,167.95135,1.0,27.012064925600306,167.95135,25.849523723438985,0.3396869877278509
truck,cost_3,cap_8,rel_4,22,184.80529,0.1607395893234878,1.0,0.42887023164289867,2,1,truck|cost_3|cap_8|rel_4,truck,184.80529,184.80529,1.0,29.70552641940807,184.80529,79.25748753113307,0.277353416809319
truck,cost_3,cap_8,rel_5,20,133.95105999999998,0.1624365387058036,1.0,0.7479333386734119,2,1,truck|cost_3|cap_8|rel_5,truck,133.95105999999998,133.95105999999998,1.0,21.758546542373416,133.95105999999998,100.1864635246425,0.20892574701287517
truck,cost_3,cap_9,rel_1,62,1694.6552,0.1613589632296021,1.0,0.0,2,1,truck|cost_3|cap_9|rel_1,truck,1694.6552,1694.6552,1.0,273.447806103654,1694.6552,0.0,0.37560439287962366
truck,cost_3,cap_9,rel_2,28,810.7322,0.1615096941352397,1.0,0.0,2,1,truck|cost_3|cap_9|rel_2,truck,810.7322,810.7322,1.0,130.94110964758997,810.7322,0.0,0.3759304322302001
truck,cost_3,cap_9,rel_3,13,362.3156,0.1596390977483354,1.0,0.1238319761445114,2,1,truck|cost_3|cap_9|rel_3,truck,362.3156,362.3156,1.0,57.83973548414679,362.3156,44.86625673598434,0.3439020810432593
truck,cost_3,cap_9,rel_4,24,647.1742,0.15988561633327542,1.0,0.44368266123348926,2,1,truck|cost_3|cap_9|rel_4,truck,647.1742,647.1742,1.0,103.47384584199446,647.1742,287.13997133765446,0.27215908061935634
truck,cost_3,cap_9,rel_5,26,904.6229,0.1609174703041084,1.0,0.7918234969907262,2,1,truck|cost_3|cap_9|rel_5,truck,904.6229,904.6229,1.0,145.56962864716644,904.6229,716.301668135892,0.1957221166927309
truck,cost_3,cap_10,rel_1,109,35562.9974,0.16145228876175555,1.0,0.0,2,1,truck|cost_3|cap_10|rel_1,truck,35562.9974,35562.9974,1.0,5741.7273254583615,35562.9974,0.0,0.37580626120760063
truck,cost_3,cap_10,rel_2,117,42896.5944,0.1608576602606575,1.0,0.0,2,1,truck|cost_3|cap_10|rel_2,truck,42896.5944,42896.5944,1.0,6900.245808334424,42896.5944,0.0,0.37452004661536287
truck,cost_3,cap_10,rel_3,2,195.8492,0.1624341585260496,1.0,0.1820250977171303,1,1,truck|cost_3|cap_10|rel_3,truck,195.8492,195.8492,1.0,31.81259999999999,195.8492,35.64946976782179,0.3367981310241844
truck,cost_3,cap_10,rel_4,7,1488.3761,0.16016014322938285,1.0,0.4418697912010338,1,1,truck|cost_3|cap_10|rel_4,truck,1488.3761,1488.3761,1.0,238.37852935519024,1488.3761,657.668436535609,0.27316254942752616
truck,cost_3,cap_10,rel_5,7,881.7192,0.16218498058888667,1.0,0.8687848639360318,1,1,truck|cost_3|cap_10|rel_5,truck,881.7192,881.7192,1.0,143.00161133684867,881.7192,766.0242952017868,0.1810729543698538
truck,cost_4,cap_1,rel_1,8,0.02196871,0.16664983983471998,1.0,0.0,2,1,truck|cost_4|cap_1|rel_1,truck,0.02196871,0.02196871,1.0,0.0036610820028754112,0.02196871,0.0,0.3870488538879093
truck,cost_4,cap_1,rel_2,35,0.0205066984,0.1665605844747756,1.0,0.0006789665429354247,2,1,truck|cost_4|cap_1|rel_2,truck,0.0205066984,0.0205066984,1.0,0.0034156076711519454,0.0205066984,1.3923362119667404e-05,0.38670236440270256
truck,cost_4,cap_1,rel_3,34,0.059530023,0.16753515715660877,1.0,0.06487735887012745,1,1,truck|cost_4|cap_1|rel_3,truck,0.059530023,0.059530023,1.0,0.009973371758841535,0.059530023,0.0038621506657179412,0.3743035941143631
truck,cost_4,cap_1,rel_4,7,0.016318921,0.16786741779042286,1.0,0.35996067575005075,1,1,truck|cost_4|cap_1|rel_4,truck,0.016318921,0.016318921,1.0,0.0027394151293959053,0.016318921,0.005874169830671694,0.3083427077715837
truck,cost_4,cap_1,rel_5,4,0.0077747400000000005,0.16619320524340891,1.0,0.8506206225034236,2,1,truck|cost_4|cap_1|rel_5,truck,0.0077747400000000005,0.0077747400000000005,1.0,0.001292108960534141,0.0077747400000000005,0.0066133541786022685,0.19384751719005466
truck,cost_4,cap_2,rel_1,9,0.13030344,0.16693437407870132,1.0,0.0,2,1,truck|cost_4|cap_2|rel_1,truck,0.13030344,0.13030344,1.0,0.02175212319670161,0.13030344,0.0,0.38766431731746964
truck,cost_4,cap_2,rel_2,13,0.20160544,0.16684959518946973,1.0,0.00045874761135587696,2,1,truck|cost_4|cap_2|rel_2,truck,0.20160544,0.20160544,1.0,0.03363778605199493,0.20160544,9.248601403635057e-05,0.38737727326697885
truck,cost_4,cap_2,rel_3,32,0.39472305,0.16687737582352977,1.0,0.07292103575406737,2,1,truck|cost_4|cap_2|rel_3,truck,0.39472305,0.39472305,1.0,0.06587034676105993,0.39472305,0.028783613642004525,0.3710631574601731
truck,cost_4,cap_2,rel_4,14,0.24152632000000002,0.16715558125768099,1.0,0.3598242342465309,2,1,truck|cost_4|cap_2|rel_4,truck,0.24152632000000002,0.24152632000000002,1.0,0.040372472408628665,0.24152632000000002,0.08690702314438259,0.3068337971788343
truck,cost_4,cap_2,rel_5,24,0.42658286,0.1676506251904811,1.0,0.7938706717728173,2,1,truck|cost_4|cap_2|rel_5,truck,0.42658286,0.42658286,1.0,0.07151688317454348,0.42658286,0.3386516216349697,0.20982370865292033
truck,cost_4,cap_3,rel_1,9,0.5590384,0.16769997037523623,1.0,0.0,1,1,truck|cost_4|cap_3|rel_1,truck,0.5590384,0.5590384,1.0,0.09375072311861947,0.5590384,0.0,0.38932034478091615
truck,cost_4,cap_3,rel_2,11,0.6541879,0.16736588764836935,1.0,0.0,2,1,truck|cost_4|cap_3|rel_2,truck,0.6541879,0.6541879,1.0,0.10948873857232269,0.6541879,0.0,0.38859770522106113
truck,cost_4,cap_3,rel_3,42,2.3434796,0.166444450681426,1.0,0.09610531245819479,2,1,truck|cost_4|cap_3|rel_3,truck,2.3434796,2.3434796,1.0,0.39005917470512796,2.3434796,0.22522083919740535,0.3648877960781804
truck,cost_4,cap_3,rel_4,25,1.3891304,0.1658181339315189,1.0,0.35329039238667553,2,1,truck|cost_4|cap_3|rel_4,truck,1.3891304,1.3891304,1.0,0.23034301071554442,1.3891304,0.4907664240922595,0.30541726761770865
truck,cost_4,cap_3,rel_5,18,1.2501512,0.16564664586969158,1.0,0.8230079805056313,2,1,truck|cost_4|cap_3|rel_5,truck,1.2501512,1.2501512,1.0,0.20708335310996995,1.2501512,1.0288844144386915,0.19890487078331034
truck,cost_4,cap_4,rel_1,4,0.761977,0.16803174963641856,1.0,0.0,1,1,truck|cost_4|cap_4|rel_1,truck,0.761977,0.761977,1.0,0.12803632849270932,0.761977,0.0,0.39003800181610127
truck,cost_4,cap_4,rel_2,9,1.64841,0.1655701404735163,1.0,0.0,1,1,truck|cost_4|cap_4|rel_2,truck,1.64841,1.64841,1.0,0.27292747525794897,1.64841,0.0,0.3847134039876009
truck,cost_4,cap_4,rel_3,31,5.402983,0.16816438293210853,1.0,0.1047023012289248,2,1,truck|cost_4|cap_4|rel_3,truck,5.402983,5.402983,1.0,0.9085893021876725,5.402983,0.5657047536007598,0.3666654552874255
truck,cost_4,cap_4,rel_4,31,4.88976,0.1671689122405285,1.0,0.408590275027262,2,1,truck|cost_4|cap_4|rel_4,truck,4.88976,4.88976,1.0,0.8174158603172466,4.88976,1.9979083832173044,0.2958430354681436
truck,cost_4,cap_4,rel_5,19,3.1550778,0.16687872322889527,1.0,0.8139557313286315,2,1,truck|cost_4|cap_4|rel_5,truck,3.1550778,3.1550778,1.0,0.5265153549518318,3.1550778,2.56809365809773,0.20361544749256869
truck,cost_4,cap_5,rel_1,9,4.23311,0.1666096309340706,1.0,0.0,2,1,truck|cost_4|cap_5|rel_1,truck,4.23311,4.23311,1.0,0.7052768948033236,4.23311,0.0,0.3869618797945762
truck,cost_4,cap_5,rel_2,12,5.797238,0.1654823771863563,1.0,4.586273915451354e-05,2,1,truck|cost_4|cap_5|rel_2,truck,5.797238,5.797238,1.0,0.9593407253550779,5.797238,0.00026587721421063374,0.3845132035634192
truck,cost_4,cap_5,rel_3,45,20.438209,0.1674726697889921,1.0,0.11977073742558546,2,1,truck|cost_4|cap_5|rel_3,truck,20.438209,20.438209,1.0,3.4228414269354066,20.438209,2.447899363588238,0.36176424671878304
truck,cost_4,cap_5,rel_4,37,16.785822,0.16596623455541745,1.0,0.3699373946765478,2,1,truck|cost_4|cap_5|rel_4,truck,16.785822,16.785822,1.0,2.7858796712574865,16.785822,6.209703258184279,0.301975916557642
truck,cost_4,cap_5,rel_5,32,15.021815,0.16730977166082447,1.0,0.7329699600152559,2,1,truck|cost_4|cap_5|rel_5,truck,15.021815,15.021815,1.0,2.513296437581148,15.021815,11.010539139906571,0.2228480762987292
truck,cost_4,cap_6,rel_1,8,7.370013999999999,0.16537803724411865,1.0,0.0,2,1,truck|cost_4|cap_6|rel_1,truck,7.370013999999999,7.370013999999999,1.0,1.2188384497816758,7.370013999999999,0.0,0.3842978739946541
truck,cost_4,cap_6,rel_2,15,15.622538,0.16594571060184787,1.0,0.00014990247522412,2,1,truck|cost_4|cap_6|rel_2,truck,15.622538,15.622538,1.0,2.592493169814371,15.622538,0.0023418571154828734,0.38549190984638043
truck,cost_4,cap_6,rel_3,28,32.49564,0.16587917340615807,1.0,0.1474951652832754,2,1,truck|cost_4|cap_6|rel_3,truck,32.49564,32.49564,1.0,5.390349902504087,32.49564,4.792949792785815,0.3520525731361561
truck,cost_4,cap_6,rel_4,28,28.51089,0.16697737595489565,1.0,0.32647463313757824,2,1,truck|cost_4|cap_6|rel_4,truck,28.51089,28.51089,1.0,4.760673598338674,28.51089,9.308082353175848,0.3139842941788305
truck,cost_4,cap_6,rel_5,21,24.703671,0.1670801772943132,1.0,0.8129995964895755,2,1,truck|cost_4|cap_6|rel_5,truck,24.703671,24.703671,1.0,4.127493730500384,24.703671,20.084074554811227,0.2042672603828295
truck,cost_4,cap_7,rel_1,16,50.49039,0.1673489304802936,1.0,0.0,2,1,truck|cost_4|cap_7|rel_1,truck,50.49039,50.49039,1.0,8.44951276603291,50.49039,0.0,0.38856102592132724
truck,cost_4,cap_7,rel_2,20,48.78487,0.16752111528466387,1.0,2.4114150511289624e-06,2,1,truck|cost_4|cap_7|rel_2,truck,48.78487,48.78487,1.0,8.17249583141734,48.78487,0.00011764056978536978,0.388932926346443
truck,cost_4,cap_7,rel_3,11,33.75295,0.16713459629379565,1.0,0.14474808396356253,2,1,truck|cost_4|cap_7|rel_3,truck,33.75295,33.75295,1.0,5.64128567197467,33.75295,4.885674840617928,0.3553888771307205
truck,cost_4,cap_7,rel_4,28,68.09706,0.1670018658682894,1.0,0.44429842867302066,2,1,truck|cost_4|cap_7|rel_4,truck,68.09706,68.09706,1.0,11.372336080144857,68.09706,30.25541675525241,0.28741278087133326
truck,cost_4,cap_7,rel_5,39,103.55219,0.16687320572186146,1.0,0.7579008420341088,2,1,truck|cost_4|cap_7|rel_5,truck,103.55219,103.55219,1.0,17.280085904819284,103.55219,78.48229199547602,0.2162701615904511
truck,cost_4,cap_8,rel_1,10,73.59536,0.16654296981442993,1.0,0.0,2,1,truck|cost_4|cap_8|rel_1,truck,73.59536,73.59536,1.0,12.256789818962103,73.59536,0.0,0.38681768807712835
truck,cost_4,cap_8,rel_2,12,95.32859,0.1656487772457685,1.0,0.0,2,1,truck|cost_4|cap_8|rel_2,truck,95.32859,95.32859,1.0,15.791064370063197,95.32859,0.0,0.38488349970916574
truck,cost_4,cap_8,rel_3,14,95.19921,0.16743849487699589,1.0,0.1639394375053595,2,1,truck|cost_4|cap_8|rel_3,truck,95.19921,95.19921,1.0,15.940012435879055,95.19921,15.606904938354594,0.35170958207268244
truck,cost_4,cap_8,rel_4,31,216.48642999999998,0.1658914479634634,1.0,0.4472600501864494,2,1,truck|cost_4|cap_8|rel_4,truck,216.48642999999998,216.48642999999998,1.0,35.91324733714096,216.48642999999998,96.82573154648526,0.2843416513749061
truck,cost_4,cap_8,rel_5,44,335.7896,0.16678268857750495,1.0,0.7994380837885902,1,1,truck|cost_4|cap_8|rel_5,truck,335.7896,335.7896,1.0,56.00389228436496,335.7896,268.4429943801372,0.20668825269282437
truck,cost_4,cap_9,rel_1,48,1298.1867,0.1671824851184888,1.0,0.0,2,1,truck|cost_4|cap_9|rel_1,truck,1298.1867,1298.1867,1.0,217.03407865377008,1298.1867,0.0,0.3882009953261434
truck,cost_4,cap_9,rel_2,42,1435.7386,0.16708522608303958,1.0,0.00011965612518637619,2,1,truck|cost_4|cap_9|rel_2,truck,1435.7386,1435.7386,1.0,239.8907085771467,1435.7386,0.17179491765651247,0.38796358007583653
truck,cost_4,cap_9,rel_3,12,314.35900000000004,0.1671968663642751,1.0,0.0586063653436781,2,1,truck|cost_4|cap_9|rel_3,truck,314.35900000000004,314.35900000000004,1.0,52.559839713407165,314.35900000000004,18.423438403073305,0.37498890034023186
truck,cost_4,cap_9,rel_4,25,829.998,0.16658119355611756,1.0,0.37300077143618815,1,1,truck|cost_4|cap_9|rel_4,truck,829.998,829.998,1.0,138.26205748919045,829.998,309.5898942904933,0.3026138799820714
truck,cost_4,cap_9,rel_5,26,829.0265,0.1677216215797365,1.0,0.7885109688770159,1,1,truck|cost_4|cap_9|rel_5,truck,829.0265,829.0265,1.0,139.04566891257343,829.0265,653.6964887397214,0.21118840273441036
truck,cost_4,cap_10,rel_1,155,58370.7747,0.1671782155537446,1.0,0.0,2,1,truck|cost_4|cap_10|rel_1,truck,58370.7747,58370.7747,1.0,9758.321954835661,58370.7747,0.0,0.3881917600196178
truck,cost_4,cap_10,rel_2,151,61350.1072,0.16708577509941858,1.0,0.0,2,1,truck|cost_4|cap_10|rel_2,truck,61350.1072,61350.1072,1.0,10250.73021394442,61350.1072,0.0,0.38799180616431544
truck,cost_4,cap_10,rel_3,1,148.64,0.1654924650161464,1.0,0.2239629976359733,1,1,truck|cost_4|cap_10|rel_3,truck,148.64,148.64,1.0,24.598799999999997,148.64,33.28985996861107,0.3339367669696216
truck,cost_4,cap_10,rel_4,8,713.1286,0.16872061849931755,1.0,0.43900526784511695,1,1,truck|cost_4|cap_10|rel_4,truck,713.1286,713.1286,1.0,120.31949846155243,713.1286,313.06721205101326,0.29232662712650065
truck,cost_4,cap_10,rel_5,18,1868.5398,0.16651469833631988,1.0,0.7380228581342148,1,1,truck|cost_4|cap_10|rel_5,truck,1868.5398,1868.5398,1.0,311.1393411264075,1868.5398,1379.025083733534,0.21998649171385726
truck,cost_5,cap_1,rel_1,5,0.009494688,0.17313125007029304,1.0,0.0,2,1,truck|cost_5|cap_1|rel_1,truck,0.009494688,0.009494688,1.0,0.0016438272024674103,0.009494688,0.0,0.40106850549875367
truck,cost_5,cap_1,rel_2,29,0.01376666232,0.17354303139589106,1.0,0.0005086671428659689,2,1,truck|cost_5|cap_1|rel_2,truck,0.01376666232,0.01376666232,1.0,0.0023891083112163904,0.01376666232,7.002648789114991e-06,0.4018442686208782
truck,cost_5,cap_1,rel_3,28,0.0267870383,0.1738928358056619,1.0,0.05006247516244132,2,1,truck|cost_5|cap_1|rel_3,truck,0.0267870383,0.0267870383,1.0,0.004658074052821876,0.0267870383,0.0013410254395691144,0.39140330697239883
truck,cost_5,cap_1,rel_4,6,0.009070786,0.17449876035130177,1.0,0.4368324886118508,2,1,truck|cost_5|cap_1|rel_4,truck,0.009070786,0.009070786,1.0,0.0015828409124119434,0.009070786,0.0039624140220455364,0.3053160500569794
truck,cost_5,cap_1,rel_5,7,0.01567936,0.17515082960435027,1.0,0.8850784496904615,1,1,truck|cost_5|cap_1|rel_5,truck,0.01567936,0.01567936,1.0,0.0027462529116652657,0.01567936,0.013877463640938633,0.20543696860150162
truck,cost_5,cap_2,rel_1,23,0.36873509,0.17300632771281785,1.0,0.0,1,1,truck|cost_5|cap_2|rel_1,truck,0.36873509,0.36873509,1.0,0.06379350381975538,0.36873509,0.0,0.400798291476411
truck,cost_5,cap_2,rel_2,23,0.30491754,0.17459362514494287,1.0,0.00018981449922921302,2,1,truck|cost_5|cap_2|rel_2,truck,0.30491754,0.30491754,1.0,0.05323665867887812,0.30491754,5.787777016130353e-05,0.404188812167531
truck,cost_5,cap_2,rel_3,24,0.36270407,0.17372190320407435,1.0,0.06703889570635574,2,1,truck|cost_5|cap_2|rel_3,truck,0.36270407,0.36270407,1.0,0.06300964134026381,0.36270407,0.024315280321000752,0.387197431058123
truck,cost_5,cap_2,rel_4,28,0.45049061,0.17384950818962489,1.0,0.38248324604446354,2,1,truck|cost_5|cap_2|rel_4,truck,0.45049061,0.45049061,1.0,0.07831757099254412,0.45049061,0.17230511082535047,0.31619290749316303
truck,cost_5,cap_2,rel_5,13,0.1519118,0.17495846815053304,1.0,0.7526691732012025,1,1,truck|cost_5|cap_2|rel_5,truck,0.1519118,0.1519118,1.0,0.026578255821990148,0.1519118,0.11433932890550645,0.23494122814039836
truck,cost_5,cap_3,rel_1,7,0.3386861,0.1754055715919914,1.0,0.0,1,1,truck|cost_5|cap_3|rel_1,truck,0.3386861,0.3386861,1.0,0.059407428960762364,0.3386861,0.0,0.4059879897199893
truck,cost_5,cap_3,rel_2,17,0.9348506,0.1737401933274899,1.0,2.475855306754706e-05,2,1,truck|cost_5|cap_3|rel_2,truck,0.9348506,0.9348506,1.0,0.16242112397631994,0.9348506,2.314554819032821e-05,0.4023800890490278
truck,cost_5,cap_3,rel_3,44,2.4297829,0.17480970485792777,1.0,0.08834420621831822,2,1,truck|cost_5|cap_3|rel_3,truck,2.4297829,2.4297829,1.0,0.42474963161783985,2.4297829,0.2146572415833433,0.3847360739916682
truck,cost_5,cap_3,rel_4,24,1.255903,0.17325664129796695,1.0,0.39514955594433204,2,1,truck|cost_5|cap_3|rel_4,truck,1.255903,1.255903,1.0,0.21759353557604058,1.255903,0.49626951275915443,0.3120483141602035
truck,cost_5,cap_3,rel_5,28,1.36911,0.1736314822130561,1.0,0.6985295377804724,2,1,truck|cost_5|cap_3|rel_5,truck,1.36911,1.36911,1.0,0.23772059861271724,1.36911,0.9563637754706227,0.24430474499478427
truck,cost_5,cap_4,rel_1,11,2.289707,0.17339691138360058,1.0,0.0,2,1,truck|cost_5|cap_4|rel_1,truck,2.289707,2.289707,1.0,0.3970281217734099,2.289707,0.0,0.40164314572729676
truck,cost_5,cap_4,rel_2,14,2.2346779999999997,0.1731083974559528,1.0,0.0003028191366561857,2,1,truck|cost_5|cap_4|rel_2,truck,2.2346779999999997,2.2346779999999997,1.0,0.38684152741007366,2.2346779999999997,0.0006767032626645716,0.4009506463826209
truck,cost_5,cap_4,rel_3,58,10.432644,0.17378043087784786,1.0,0.08119555227479806,2,1,truck|cost_5|cap_4|rel_3,truck,10.432644,10.432644,1.0,1.8129893695151942,10.432644,0.8470842912663583,0.38412506882434216
truck,cost_5,cap_4,rel_4,29,5.703033,0.1736819113377054,1.0,0.39322077422119045,2,1,truck|cost_5|cap_4|rel_4,truck,5.703033,5.703033,1.0,0.990513671862008,5.703033,2.242551051668998,0.31340404120097765
truck,cost_5,cap_4,rel_5,21,3.309294,0.1738146819980389,1.0,0.7850926993155815,2,1,truck|cost_5|cap_4|rel_5,truck,3.309294,3.309294,1.0,0.5752038842480182,3.309294,2.598102559288858,0.2251404538700565
truck,cost_5,cap_5,rel_1,13,5.699486,0.17328686985145325,1.0,0.0,2,1,truck|cost_5|cap_5|rel_1,truck,5.699486,5.699486,1.0,0.98764608870218,5.699486,0.0,0.40140511975958965
truck,cost_5,cap_5,rel_2,12,5.512048,0.17341956267479555,1.0,0.0005310944744772833,2,1,truck|cost_5|cap_5|rel_2,truck,5.512048,5.512048,1.0,0.9558969536024815,5.512048,0.0029274182358535604,0.40157213102075706
truck,cost_5,cap_5,rel_3,23,12.001804,0.17274652845825791,1.0,0.10036606898929289,2,1,truck|cost_5|cap_5|rel_3,truck,12.001804,12.001804,1.0,2.0732699762364337,12.001804,1.2045738882599712,0.37755674409890805
truck,cost_5,cap_5,rel_4,33,15.273344999999999,0.17414129420581287,1.0,0.38253407237998704,2,1,truck|cost_5|cap_5|rel_4,truck,15.273344999999999,15.273344999999999,1.0,2.659720065151881,15.273344999999999,5.842574861714513,0.3168125717507851
truck,cost_5,cap_5,rel_5,26,10.841567,0.17504941102450808,1.0,0.8063742515917315,2,1,truck|cost_5|cap_5|rel_5,truck,10.841567,10.841567,1.0,1.8978099179327428,10.841567,8.742360475706613,0.22300227751718926
truck,cost_5,cap_6,rel_1,26,36.94335,0.1744023957378446,1.0,0.0,2,1,truck|cost_5|cap_6|rel_1,truck,36.94335,36.94335,1.0,6.443008746581702,36.94335,0.0,0.4038180644308356
truck,cost_5,cap_6,rel_2,1,1.063,0.1754797742238946,1.0,0.0,1,1,truck|cost_5|cap_6|rel_2,truck,1.063,1.063,1.0,0.18653499999999995,1.063,0.0,0.4061484941488219
truck,cost_5,cap_6,rel_3,17,21.557597,0.17444131629886214,1.0,0.0768525246241687,2,1,truck|cost_5|cap_6|rel_3,truck,21.557597,21.557597,1.0,3.760535596920402,21.557597,1.6567557542804052,0.3865359890088801
truck,cost_5,cap_6,rel_4,34,40.495797,0.17331140797459976,1.0,0.40402897073002864,2,1,truck|cost_5|cap_6|rel_4,truck,40.495797,40.495797,1.0,7.018383595123574,40.495797,16.361475180802184,0.3101603079861576
truck,cost_5,cap_6,rel_5,21,22.223717,0.17370902998124585,1.0,0.8266397384694955,2,1,truck|cost_5|cap_6|rel_5,truck,22.223717,22.223717,1.0,3.860460322647723,22.223717,18.37100760870008,0.21552359349441969
truck,cost_5,cap_7,rel_1,6,13.80851,0.1757019058692442,1.0,0.0,2,1,truck|cost_5|cap_7|rel_1,truck,13.80851,13.80851,1.0,2.4261815242145173,13.80851,0.0,0.4066289772792451
truck,cost_5,cap_7,rel_2,15,44.64966,0.17278460638149812,1.0,8.263228069867641e-07,2,1,truck|cost_5|cap_7|rel_2,truck,44.64966,44.64966,1.0,7.714773928167721,44.64966,3.689503238220464e-05,0.4003185091550396
truck,cost_5,cap_7,rel_3,16,43.72604,0.17474073120527342,1.0,0.0899180062888926,1,1,truck|cost_5|cap_7|rel_3,truck,43.72604,43.72604,1.0,7.640720202311034,43.72604,3.9317583397083693,0.3842312506278358
truck,cost_5,cap_7,rel_4,54,150.86587,0.17415784002617812,1.0,0.384005372654401,2,1,truck|cost_5|cap_7|rel_4,truck,150.86587,150.86587,1.0,26.274474052870186,150.86587,57.933304630180416,0.316515893516516
truck,cost_5,cap_7,rel_5,50,145.27761,0.17398525849692933,1.0,0.7497617984650443,2,1,truck|cost_5|cap_7|rel_5,truck,145.27761,145.27761,1.0,25.276162529666088,145.27761,108.92360215030331,0.23349309701524365
truck,cost_5,cap_8,rel_1,28,221.8511,0.1732426947874198,1.0,0.0,2,1,truck|cost_5|cap_8|rel_1,truck,221.8511,221.8511,1.0,38.43408240555335,221.8511,0.0,0.4013095666337843
truck,cost_5,cap_8,rel_2,12,93.4917,0.173446254307846,1.0,0.0,2,1,truck|cost_5|cap_8|rel_2,truck,93.4917,93.4917,1.0,16.215785173872845,93.4917,0.0,0.4017498772227951
truck,cost_5,cap_8,rel_3,20,148.35435,0.17206538367676258,1.0,0.11595040549287457,2,1,truck|cost_5|cap_8|rel_3,truck,148.35435,148.35435,1.0,25.526648152866724,148.35435,17.20174703913184,0.37256181817939216
truck,cost_5,cap_8,rel_4,28,187.40868,0.1742473162688107,1.0,0.43163978141843373,2,1,truck|cost_5|cap_8|rel_4,truck,187.40868,187.40868,1.0,32.65545953548034,187.40868,80.89304167111719,0.3059455516286342
truck,cost_5,cap_8,rel_5,52,398.35948,0.17448480529738683,1.0,0.799654915740889,2,1,truck|cost_5|cap_8|rel_5,truck,398.35948,398.35948,1.0,69.50767630616826,398.35948,318.55011641398437,0.22329936324309152
truck,cost_5,cap_9,rel_1,61,1784.4209,0.1739190680398584,1.0,0.0,2,1,truck|cost_5|cap_9|rel_1,truck,1784.4209,1784.4209,1.0,310.34481991884536,1784.4209,0.0,0.4027725996795925
truck,cost_5,cap_9,rel_2,33,1093.1787,0.17446025033959256,1.0,0.0,2,1,truck|cost_5|cap_9|rel_2,truck,1093.1787,1093.1787,1.0,190.71622966791034,1093.1787,0.0,0.40394320715920956
truck,cost_5,cap_9,rel_3,4,69.0068,0.1744864342849046,1.0,0.0135274747091615,1,1,truck|cost_5|cap_9|rel_3,truck,69.0068,69.0068,1.0,12.040750473411554,69.0068,0.9334877417601658,0.40094305902578253
truck,cost_5,cap_9,rel_4,17,336.5401,0.17407332483097065,1.0,0.404666204006636,1,1,truck|cost_5|cap_9|rel_4,truck,336.5401,336.5401,1.0,58.582654145947345,336.5401,136.18640476301368,0.31166438185953205
truck,cost_5,cap_9,rel_5,48,1084.0625,0.17374649113852347,1.0,0.7725051906070194,1,1,truck|cost_5|cap_9|rel_5,truck,1084.0625,1084.0625,1.0,188.3520555498556,1084.0625,837.443908192422,0.22783733583974156
truck,cost_5,cap_10,rel_1,92,26749.1065,0.17389586192173526,1.0,0.0,2,1,truck|cost_5|cap_10|rel_1,truck,26749.1065,26749.1065,1.0,4651.558930453792,26749.1065,0.0,0.4027224035525921
truck,cost_5,cap_10,rel_2,129,44572.4611,0.1736420376410458,1.0,0.0,2,1,truck|cost_5|cap_10|rel_2,truck,44572.4611,44572.4611,1.0,7739.65296808025,44572.4611,0.0,0.40217336748539356
truck,cost_5,cap_10,rel_4,5,993.101,0.1725894825724267,1.0,0.39370738614277856,1,1,truck|cost_5|cap_10|rel_4,truck,993.101,993.101,1.0,171.39878773215955,993.101,390.9911988857795,0.31093109784146267
truck,cost_5,cap_10,rel_5,10,667.4762000000001,0.1720832611730371,1.0,0.8415557636972082,1,1,truck|cost_5|cap_10|rel_5,truck,667.4762000000001,667.4762000000001,1.0,114.86148125138635,667.4762000000001,561.7184432407105,0.20863641056220653
truck,cost_6,cap_1,rel_1,16,0.0099346921,0.18147049511695,1.0,0.0,2,1,truck|cost_6|cap_1|rel_1,truck,0.0099346921,0.0099346921,1.0,0.0018028534942214516,0.0099346921,0.0,0.41910675736096636
truck,cost_6,cap_1,rel_2,34,0.031079279,0.18082449906201783,1.0,0.00028207746651466765,2,1,truck|cost_6|cap_1|rel_2,truck,0.031079279,0.031079279,1.0,0.005619895056383691,0.031079279,8.766764281422514e-06,0.4176456912166715
truck,cost_6,cap_1,rel_3,20,0.025600616399999998,0.18099242001861887,1.0,0.07193960340156755,2,1,truck|cost_6|cap_1|rel_3,truck,0.025600616399999998,0.025600616399999998,1.0,0.0046335175162043425,0.025600616399999998,0.0018416981906516658,0.40181655778450914
truck,cost_6,cap_1,rel_4,1,0.000277569,0.1853200465469847,1.0,0.484293173163742,1,1,truck|cost_6|cap_1|rel_4,truck,0.000277569,0.000277569,1.0,5.14391e-05,0.000277569,0.0001344247717818867,0.31799846751362215
truck,cost_6,cap_1,rel_5,6,0.01154136,0.18233334209120436,1.0,0.7583175861166763,1,1,truck|cost_6|cap_1|rel_5,truck,0.01154136,0.01154136,1.0,0.0021043747410777426,0.01154136,0.008752016255703564,0.24961712719335116
truck,cost_6,cap_2,rel_1,14,0.21191046,0.18293729732327813,1.0,0.0,2,1,truck|cost_6|cap_2|rel_1,truck,0.21191046,0.21191046,1.0,0.03876632682693264,0.21191046,0.0,0.4222795322922418
truck,cost_6,cap_2,rel_2,13,0.2055232,0.18085716655080591,1.0,4.012523199084615e-05,2,1,truck|cost_6|cap_2|rel_2,truck,0.2055232,0.2055232,1.0,0.037170343612454596,0.2055232,8.246666079501071e-06,0.41777102644039876
truck,cost_6,cap_2,rel_3,46,0.59170927,0.1825534305703989,1.0,0.10369468965437771,2,1,truck|cost_6|cap_2|rel_3,truck,0.59170927,0.59170927,1.0,0.10801855713880641,0.59170927,0.06135710911826838,0.39801745601623584
truck,cost_6,cap_2,rel_4,24,0.32404662,0.18165901758263747,1.0,0.3869280295686755,2,1,truck|cost_6|cap_2|rel_4,truck,0.32404662,0.32404662,1.0,0.05886599064017425,0.32404662,0.12538272016498936,0.33208092978849213
truck,cost_6,cap_2,rel_5,17,0.19121495,0.1824310566847622,1.0,0.8112009079447681,2,1,truck|cost_6|cap_2|rel_5,truck,0.19121495,0.19121495,1.0,0.03488354538242397,0.19121495,0.1551137410526134,0.2378785154144169
truck,cost_6,cap_3,rel_1,18,0.8276975,0.1806100261970878,1.0,0.0,2,1,truck|cost_6|cap_3|rel_1,truck,0.8276975,0.8276975,1.0,0.14949046715826408,0.8276975,0.0,0.41724551512509966
truck,cost_6,cap_3,rel_2,18,0.9720866,0.18113441123290042,1.0,0.00045448686840337773,2,1,truck|cost_6|cap_3|rel_2,truck,0.9720866,0.9720866,1.0,0.17607833395839198,0.9720866,0.0004418005946508869,0.4182770893934586
truck,cost_6,cap_3,rel_3,36,1.9171274999999999,0.18195487042343628,1.0,0.09159841470343803,2,1,truck|cost_6|cap_3|rel_3,truck,1.9171274999999999,1.9171274999999999,1.0,0.3488306858477063,1.9171274999999999,0.1756058397843654,0.3994561162157924
truck,cost_6,cap_3,rel_4,35,1.6780921,0.1816897854382965,1.0,0.36286859819462786,2,1,truck|cost_6|cap_3|rel_4,truck,1.6780921,1.6780921,1.0,0.3048921935947004,1.6780921,0.6089269279684792,0.3375841600804986
truck,cost_6,cap_3,rel_5,33,1.8363739000000001,0.18093212895195251,1.0,0.7245384214451199,2,1,truck|cost_6|cap_3|rel_5,truck,1.8363739000000001,1.8363739000000001,1.0,0.33225903927879996,1.8363739000000001,1.3305234466890186,0.25421925797994915
truck,cost_6,cap_4,rel_1,11,1.9960968000000001,0.18310339094035982,1.0,0.0,2,1,truck|cost_6|cap_4|rel_1,truck,1.9960968000000001,1.9960968000000001,1.0,0.3654920927252013,1.9960968000000001,0.0,0.4226388020439835
truck,cost_6,cap_4,rel_2,4,0.86402,0.18187275162009614,1.0,0.00024544784801569996,1,1,truck|cost_6|cap_4|rel_2,truck,0.86402,0.86402,1.0,0.15714169485479548,0.86402,0.00021207184964252507,0.4199213970751568
truck,cost_6,cap_4,rel_3,27,4.460087,0.18174783760147678,1.0,0.0827014692553159,2,1,truck|cost_6|cap_4|rel_3,truck,4.460087,4.460087,1.0,0.8106111677644577,4.460087,0.3688557479065341,0.4010187236107108
truck,cost_6,cap_4,rel_4,32,5.795303,0.1833861152089355,1.0,0.36964178277856413,2,1,truck|cost_6|cap_4|rel_4,truck,5.795303,5.795303,1.0,1.0627781036286894,5.795303,2.142186132661961,0.33972288841599474
truck,cost_6,cap_4,rel_5,22,3.6714729,0.181786648137047,1.0,0.7643811652843927,2,1,truck|cost_6|cap_4|rel_5,truck,3.6714729,3.6714729,1.0,0.6674247522170036,3.6714729,2.8064047336120685,0.24706441877886798
truck,cost_6,cap_5,rel_1,16,6.630883,0.1820499290695396,1.0,0.0,2,1,truck|cost_6|cap_5|rel_1,truck,6.630883,6.630883,1.0,1.207151779818416,6.630883,0.0,0.42036010529784207
truck,cost_6,cap_5,rel_2,15,7.514931,0.18337957161852728,1.0,0.0006024250215596406,2,1,truck|cost_6|cap_5|rel_2,truck,7.514931,7.514931,1.0,1.3780848275227908,7.514931,0.004527182469694212,0.4231000670642505
truck,cost_6,cap_5,rel_3,25,11.340898,0.18274905930922153,1.0,0.1114162680522468,2,1,truck|cost_6|cap_5|rel_3,truck,11.340898,11.340898,1.0,2.0725384412218317,11.340898,1.2635605315211895,0.3966957770827785
truck,cost_6,cap_5,rel_4,45,20.63968,0.18043791770707637,1.0,0.3567443242998501,2,1,truck|cost_6|cap_5|rel_4,truck,20.63968,20.63968,1.0,3.7241808813403896,20.63968,7.363088695365129,0.3362601944251193
truck,cost_6,cap_5,rel_5,53,27.604313,0.18226447209475516,1.0,0.7793759861226687,2,1,truck|cost_6|cap_5|rel_5,truck,27.604313,27.604313,1.0,5.031285536483387,27.604313,21.514138665613803,0.24470961891347034
truck,cost_6,cap_6,rel_1,17,18.926545,0.1829744805302635,1.0,0.0,2,1,truck|cost_6|cap_6|rel_1,truck,18.926545,18.926545,1.0,3.463074739607656,18.926545,0.0,0.4223599616415287
truck,cost_6,cap_6,rel_2,10,10.065606,0.18025219240354137,1.0,2.9344277289602293e-05,2,1,truck|cost_6|cap_6|rel_2,truck,10.065606,10.065606,1.0,1.8143475493702406,10.065606,0.0002953679335518846,0.4164648697968343
truck,cost_6,cap_6,rel_3,22,25.13201,0.18205718310620037,1.0,0.07865985231099354,2,1,truck|cost_6|cap_6|rel_3,truck,25.13201,25.13201,1.0,4.575462946396859,25.13201,1.9768801948784127,0.40260113398522657
truck,cost_6,cap_6,rel_4,37,43.504821,0.18141479404099906,1.0,0.3920211385280749,1,1,truck|cost_6|cap_6|rel_4,truck,43.504821,43.504821,1.0,7.89241814150553,43.504821,17.0548094598801,0.3304017775979852
truck,cost_6,cap_6,rel_5,37,41.895625,0.1829395455550326,1.0,0.8208695010536511,2,1,truck|cost_6|cap_6|rel_5,truck,41.895625,41.895625,1.0,7.664366598244063,41.895625,34.39084079008087,0.23679360605953445
truck,cost_6,cap_7,rel_1,10,28.739579999999997,0.18279386718600513,1.0,0.0,2,1,truck|cost_6|cap_7|rel_1,truck,28.739579999999997,28.739579999999997,1.0,5.253418969501569,28.739579999999997,0.0,0.42196928491057994
truck,cost_6,cap_7,rel_2,21,46.56226,0.17886301228488663,1.0,0.0,2,1,truck|cost_6|cap_7|rel_2,truck,46.56226,46.56226,1.0,8.328266082392085,46.56226,0.0,0.4134666266551287
truck,cost_6,cap_7,rel_3,18,42.08899,0.180546246550173,1.0,0.10471601663315568,2,1,truck|cost_6|cap_7|rel_3,truck,42.08899,42.08899,1.0,7.599009165587767,42.08899,4.407391376912723,0.3934450172019377
truck,cost_6,cap_7,rel_4,40,105.00544,0.18185428537545317,1.0,0.4411866809039419,2,1,truck|cost_6|cap_7|rel_4,truck,105.00544,105.00544,1.0,19.095689251735024,105.00544,46.327001550458014,0.32024254963777216
truck,cost_6,cap_7,rel_5,63,187.03697,0.18185369521177794,1.0,0.8054644828051589,1,1,truck|cost_6|cap_7|rel_5,truck,187.03697,187.03697,1.0,34.013364135714454,187.03697,150.65163630649403,0.23792590272500672
truck,cost_6,cap_8,rel_1,47,358.16476,0.18292369213265028,1.0,0.0,2,1,truck|cost_6|cap_8|rel_1,truck,358.16476,358.16476,1.0,65.51682029100458,358.16476,0.0,0.4222501035065657
truck,cost_6,cap_8,rel_2,4,24.84778,0.1823613094718822,1.0,0.0,2,1,truck|cost_6|cap_8|rel_2,truck,24.84778,24.84778,1.0,4.531273698269245,24.84778,0.0,0.4210336384643324
truck,cost_6,cap_8,rel_3,33,218.87308,0.1816823111668108,1.0,0.0865651097465685,2,1,truck|cost_6|cap_8|rel_3,truck,218.87308,218.87308,1.0,39.76536702659827,218.87308,18.946772190769465,0.40000392457747713
truck,cost_6,cap_8,rel_4,45,327.36337000000003,0.18260240210409115,1.0,0.41910881820107226,1,1,truck|cost_6|cap_8|rel_4,truck,327.36337000000003,327.36337000000003,1.0,59.77733772289037,327.36337000000003,137.20087512302038,0.3268496730899147
truck,cost_6,cap_8,rel_5,55,409.24863,0.18227892914952273,1.0,0.8054009083253542,1,1,truck|cost_6|cap_8|rel_5,truck,409.24863,409.24863,1.0,74.59740203230925,409.24863,329.6092183329068,0.2388600732753626
truck,cost_6,cap_9,rel_1,54,1278.2211,0.1818832970075626,1.0,0.0,2,1,truck|cost_6|cap_9|rel_1,truck,1278.2211,1278.2211,1.0,232.48706797263335,1278.2211,0.0,0.4199996708597792
truck,cost_6,cap_9,rel_2,23,611.5043,0.1807495556375436,1.0,0.0,2,1,truck|cost_6|cap_9|rel_2,truck,611.5043,611.5043,1.0,110.52913049544715,611.5043,0.0,0.41754732508212256
truck,cost_6,cap_9,rel_3,10,200.3572,0.18303297487033782,1.0,0.15162460628041946,1,1,truck|cost_6|cap_9|rel_3,truck,200.3572,200.3572,1.0,36.67197435269125,200.3572,30.379081565447258,0.3882240775600384
truck,cost_6,cap_9,rel_4,21,472.3983,0.18269367002253759,1.0,0.4986641850884615,1,1,truck|cost_6|cap_9|rel_4,truck,472.3983,472.3983,1.0,86.30417913940772,472.3983,235.56811330667458,0.30907007024883276
truck,cost_6,cap_9,rel_5,44,790.2548,0.1817747133923633,1.0,0.829184763512168,1,1,truck|cost_6|cap_9|rel_5,truck,790.2548,790.2548,1.0,143.6483397769394,790.2548,655.2672394523556,0.2323950203670827
truck,cost_6,cap_10,rel_1,78,18178.014,0.18077389869216764,1.0,0.0,2,1,truck|cost_6|cap_10|rel_1,truck,18178.014,18178.014,1.0,3286.110461260805,18178.014,0.0,0.4175999804661469
truck,cost_6,cap_10,rel_2,51,6694.9556,0.18178974817722524,1.0,0.0,2,1,truck|cost_6|cap_10|rel_2,truck,6694.9556,6694.9556,1.0,1217.074292581704,6694.9556,0.0,0.41979731952538385
truck,cost_6,cap_10,rel_4,1,65.8333,0.1856750307215345,1.0,0.3933163553562996,1,1,truck|cost_6|cap_10|rel_4,truck,65.8333,65.8333,1.0,12.223599999999996,65.8333,25.893313617077876,0.33932422857807154
truck,cost_6,cap_10,rel_5,2,129.5394,0.1784028643022895,1.0,0.5969423729915029,1,1,truck|cost_6|cap_10|rel_5,truck,129.5394,129.5394,1.0,23.1102,129.5394,77.32755683189549,0.2775810269111951
truck,cost_7,cap_1,rel_1,10,0.0135892429,0.1926154060743954,1.0,0.0,1,1,truck|cost_7|cap_1|rel_1,truck,0.0135892429,0.0135892429,1.0,0.0026174975394270945,0.0135892429,0.0,0.4432138209749472
truck,cost_7,cap_1,rel_2,27,0.0071029437,0.19100707408122947,1.0,6.641320805887407e-05,2,1,truck|cost_7|cap_1|rel_2,truck,0.0071029437,0.0071029437,1.0,0.0013567124935007023,0.0071029437,4.7172927777856884e-07,0.43971990192163973
truck,cost_7,cap_1,rel_3,35,0.0467572406,0.19236337895487307,1.0,0.054786609184094434,2,1,truck|cost_7|cap_1|rel_3,truck,0.0467572406,0.0467572406,1.0,0.008994380792421977,0.0467572406,0.002561670667278873,0.43028861506395183
truck,cost_7,cap_1,rel_4,29,0.059459478,0.1901582527510479,1.0,0.31647694101978546,2,1,truck|cost_7|cap_1|rel_4,truck,0.059459478,0.059459478,1.0,0.011306710445969372,0.059459478,0.01881755371207323,0.36638498797156177
truck,cost_7,cap_1,rel_5,11,0.018195931999999998,0.1927351102412236,1.0,0.822619903833128,2,1,truck|cost_7|cap_1|rel_5,truck,0.018195931999999998,0.018195931999999998,1.0,0.0035069949599618082,0.018195931999999998,0.014968335831994134,0.25758642228895173
truck,cost_7,cap_2,rel_1,9,0.11217179,0.1921509745527662,1.0,0.0,2,1,truck|cost_7|cap_2|rel_1,truck,0.11217179,0.11217179,1.0,0.021553918765828232,0.11217179,0.0,0.4422092297064299
truck,cost_7,cap_2,rel_2,20,0.38617964,0.18954345754135382,1.0,0.0,2,1,truck|cost_7|cap_2|rel_2,truck,0.38617964,0.38617964,1.0,0.0731978241976753,0.38617964,0.0,0.43656902506875517
truck,cost_7,cap_2,rel_3,34,0.39203717,0.19249500098810365,1.0,0.07348714594858219,2,1,truck|cost_7|cap_2|rel_3,truck,0.39203717,0.39203717,1.0,0.07546519542652336,0.39203717,0.028809692729059127,0.4263475854400157
truck,cost_7,cap_2,rel_4,37,0.52244967,0.19304455137366522,1.0,0.34411203439882343,2,1,truck|cost_7|cap_2|rel_4,truck,0.52244967,0.52244967,1.0,0.10085606216046944,0.52244967,0.17978121881469394,0.366383547481081
truck,cost_7,cap_2,rel_5,28,0.32676584,0.19287000788012423,1.0,0.8644050287395525,2,1,truck|cost_7|cap_2|rel_5,truck,0.32676584,0.32676584,1.0,0.06302333013575541,0.32676584,0.282458035316304,0.24843608430591727
truck,cost_7,cap_3,rel_1,13,0.7137211,0.19221907688527182,1.0,0.0,2,1,truck|cost_7|cap_3|rel_1,truck,0.7137211,0.7137211,1.0,0.13719081099554079,0.7137211,0.0,0.44235653884763726
truck,cost_7,cap_3,rel_2,19,0.8722809,0.19189052047248448,1.0,6.855802212641052e-05,2,1,truck|cost_7|cap_3|rel_2,truck,0.8722809,0.8722809,1.0,0.16738243589920718,0.8722809,5.980185324264528e-05,0.44163036104810255
truck,cost_7,cap_3,rel_3,36,2.2437904,0.19112439369929254,1.0,0.09392776235791674,2,1,truck|cost_7|cap_3|rel_3,truck,2.2437904,2.2437904,1.0,0.4288430797882931,2.2437904,0.21075421147217493,0.41876394657602206
truck,cost_7,cap_3,rel_4,47,2.2114198,0.19163141014856508,1.0,0.3525209361402013,2,1,truck|cost_7|cap_3|rel_4,truck,2.2114198,2.2114198,1.0,0.42377749470445775,2.2114198,0.7795717780949767,0.36142669590174537
truck,cost_7,cap_3,rel_5,32,1.5922258,0.19078147273568008,1.0,0.7927963551397775,2,1,truck|cost_7|cap_3|rel_5,truck,1.5922258,1.5922258,1.0,0.3037671830517464,1.5922258,1.2623108107995165,0.26009978309826054
truck,cost_7,cap_4,rel_1,2,0.285822,0.1870373869051367,1.0,0.0,1,1,truck|cost_7|cap_4|rel_1,truck,0.285822,0.285822,1.0,0.05345939999999998,0.285822,0.0,0.43114825459520945
truck,cost_7,cap_4,rel_2,19,3.250422,0.1924041958658553,1.0,0.00011880086301702633,2,1,truck|cost_7|cap_4|rel_2,truck,3.250422,3.250422,1.0,0.6253948311346851,3.250422,0.00038615293876952876,0.4427301162481053
truck,cost_7,cap_4,rel_3,31,5.4469951,0.19257596713874592,1.0,0.06954090232291492,2,1,truck|cost_7|cap_4|rel_3,truck,5.4469951,5.4469951,1.0,1.04896034938251,5.4469951,0.37878895420249614,0.42741444715991994
truck,cost_7,cap_4,rel_4,47,8.3545994,0.19230550881643568,1.0,0.3426216392919283,2,1,truck|cost_7|cap_4|rel_4,truck,8.3545994,8.3545994,1.0,1.6066354885744882,8.3545994,2.8624665420553606,0.365121739835721
truck,cost_7,cap_4,rel_5,32,5.380222,0.192762905799776,1.0,0.8405750353306485,2,1,truck|cost_7|cap_4|rel_5,truck,5.380222,5.380222,1.0,1.0371072265678825,5.380222,4.522480297736732,0.25358924844972375
truck,cost_7,cap_5,rel_1,16,8.11871,0.19264588400308752,1.0,0.0,2,1,truck|cost_7|cap_5|rel_1,truck,8.11871,8.11871,1.0,1.5640360649147067,8.11871,0.0,0.4432797464335363
truck,cost_7,cap_5,rel_2,15,5.567149,0.19108362204907428,1.0,0.00044489859498813336,2,1,truck|cost_7|cap_5|rel_2,truck,5.567149,5.567149,1.0,1.0637909954068818,5.567149,0.0024768167681895915,0.43979995360339563
truck,cost_7,cap_5,rel_3,37,19.69362,0.19215016580797012,1.0,0.1084168286297913,2,1,truck|cost_7|cap_5|rel_3,truck,19.69362,19.69362,1.0,3.7841323483591562,19.69362,2.1351198246402303,0.4177086737902357
truck,cost_7,cap_5,rel_4,41,19.238677,0.1917974853245877,1.0,0.39948533946571596,2,1,truck|cost_7|cap_5|rel_4,truck,19.238677,19.238677,1.0,3.689929869571983,19.238677,7.685569412216261,0.35117344201412326
truck,cost_7,cap_5,rel_5,42,20.389108,0.19137823334141893,1.0,0.7701148910507817,2,1,truck|cost_7|cap_5|rel_5,truck,20.389108,20.389108,1.0,3.9020314684473916,20.389108,15.701955686042622,0.26651590982239026
truck,cost_7,cap_6,rel_1,17,18.215549,0.19198681469586298,1.0,0.0,2,1,truck|cost_7|cap_6|rel_1,truck,18.215549,18.215549,1.0,3.4971452304464123,18.215549,0.0,0.4418541427857413
truck,cost_7,cap_6,rel_2,37,46.947132,0.19359202831093494,1.0,6.240136873594055e-05,2,1,truck|cost_7|cap_6|rel_2,truck,46.947132,46.947132,1.0,9.0885905072612,46.947132,0.0029295652950268743,0.4453122085548372
truck,cost_7,cap_6,rel_3,27,31.695254,0.1930759273627665,1.0,0.11514882698754449,2,1,truck|cost_7|cap_6|rel_3,truck,31.695254,31.695254,1.0,6.119590559048434,31.695254,3.649671319172277,0.41818992692043716
truck,cost_7,cap_6,rel_4,40,41.484736,0.1928943779933106,1.0,0.42446927243561755,2,1,truck|cost_7|cap_6|rel_4,truck,41.484736,41.484736,1.0,8.0021723469367,41.484736,17.60899570710367,0.34790049589581606
truck,cost_7,cap_6,rel_5,46,51.996431,0.19151793718415086,1.0,0.8262987840226692,2,1,truck|cost_7|cap_6|rel_5,truck,51.996431,51.996431,1.0,9.958249206058035,51.996431,42.96458770881862,0.25412229745873594
truck,cost_7,cap_7,rel_1,10,29.25206,0.19233715920356925,1.0,0.0,2,1,truck|cost_7|cap_7|rel_1,truck,29.25206,29.25206,1.0,5.62625812125236,29.25206,0.0,0.4426119574839773
truck,cost_7,cap_7,rel_2,12,28.25605,0.19462488944208603,1.0,0.00012825924146090298,2,1,truck|cost_7|cap_7|rel_2,truck,28.25605,28.25605,1.0,5.499330607320054,28.25605,0.0036240995396813473,0.44753146293689744
truck,cost_7,cap_7,rel_3,31,79.22374,0.19240131478608483,1.0,0.09385228361443308,2,1,truck|cost_7|cap_7|rel_3,truck,79.22374,79.22374,1.0,15.242751738270941,79.22374,7.4353289154761075,0.4215430538931092
truck,cost_7,cap_7,rel_4,27,60.96436,0.19230641229517625,1.0,0.41120655688827107,2,1,truck|cost_7|cap_7|rel_4,truck,60.96436,60.96436,1.0,11.723837349471552,60.96436,25.068944568497038,0.34962565150876174
truck,cost_7,cap_7,rel_5,53,146.67662,0.19281494737987476,1.0,0.8051007119483028,1,1,truck|cost_7|cap_7|rel_5,truck,146.67662,146.67662,1.0,28.28144476715789,146.67662,118.08945118817068,0.261717902957215
truck,cost_7,cap_8,rel_1,47,340.67421,0.19267790204294852,1.0,0.0,2,1,truck|cost_7|cap_8|rel_1,truck,340.67421,340.67421,1.0,65.64039206293887,340.67421,0.0,0.44334900323842874
truck,cost_7,cap_8,rel_2,9,70.82581,0.1889904355266002,1.0,0.0005033416203567556,2,1,truck|cost_7|cap_8|rel_2,truck,70.82581,70.82581,1.0,13.385400678424237,70.82581,0.03564957796847971,0.4352590681891717
truck,cost_7,cap_8,rel_3,13,88.73351,0.1923490529261785,1.0,0.08182230724231526,2,1,truck|cost_7|cap_8|rel_3,truck,88.73351,88.73351,1.0,17.067806611315586,88.73351,7.260380517909053,0.42414840633635364
truck,cost_7,cap_8,rel_4,39,287.11993,0.19192192511586775,1.0,0.4163419974754078,1,1,truck|cost_7|cap_8|rel_4,truck,287.11993,287.11993,1.0,55.10460970473319,287.11993,119.54008517119927,0.34763353563012056
truck,cost_7,cap_8,rel_5,67,484.74566,0.19127615229533748,1.0,0.7612958499797658,1,1,truck|cost_7|cap_8|rel_5,truck,484.74566,484.74566,1.0,92.72028468666387,484.74566,369.03485925370256,0.26828792981003313
truck,cost_7,cap_9,rel_1,47,1361.0016,0.19087367917467704,1.0,0.0,2,1,truck|cost_7|cap_9|rel_1,truck,1361.0016,1361.0016,1.0,259.77938275462213,1361.0016,0.0,0.43944636860767267
truck,cost_7,cap_9,rel_2,32,1010.9969,0.19186286198346947,1.0,0.0,2,1,truck|cost_7|cap_9|rel_2,truck,1010.9969,1010.9969,1.0,193.97275869041547,1010.9969,0.0,0.44158602615975784
truck,cost_7,cap_9,rel_3,11,237.63569999999999,0.1883748898861912,1.0,0.10495210012002004,1,1,truck|cost_7|cap_9|rel_3,truck,237.63569999999999,237.63569999999999,1.0,44.764598820527965,237.63569999999999,24.940365778491046,0.41032546163179373
truck,cost_7,cap_9,rel_4,13,228.4504,0.19202386512965205,1.0,0.40313824259132425,1,1,truck|cost_7|cap_9|rel_4,truck,228.4504,228.4504,1.0,43.867928798415065,228.4504,92.09709277528506,0.3508376724903721
truck,cost_7,cap_9,rel_5,21,373.4206,0.19275172289664524,1.0,0.7626797007478847,1,1,truck|cost_7|cap_9|rel_5,truck,373.4206,373.4206,1.0,71.977464015099,373.4206,284.80031146109553,0.2711669643510372
truck,cost_7,cap_10,rel_1,38,5669.9018,0.19365887876041415,1.0,0.0,2,1,truck|cost_7|cap_10|rel_1,truck,5669.9018,5669.9018,1.0,1098.026825269654,5669.9018,0.0,0.4454709105575698
truck,cost_7,cap_10,rel_2,15,2058.4296,0.19409055393357327,1.0,0.0,2,1,truck|cost_7|cap_10|rel_2,truck,2058.4296,2058.4296,1.0,399.52174129726365,2058.4296,0.0,0.4464046480185202
truck,cost_7,cap_10,rel_4,2,138.8122,0.1876650611401591,1.0,0.3469050661477579,1,1,truck|cost_7|cap_10|rel_4,truck,138.8122,138.8122,1.0,26.05019999999999,138.8122,48.1546554231158,0.35411627258611333
truck,cost_7,cap_10,rel_5,2,136.8866,0.1934360266088865,1.0,0.594055478669411,1,1,truck|cost_7|cap_10|rel_5,truck,136.8866,136.8866,1.0,26.4788,136.8866,81.31823468642818,0.31075094259301234
truck,cost_8,cap_1,rel_1,51,0.0685149878,0.2060209891539652,1.0,0.0,2,1,truck|cost_8|cap_1|rel_1,truck,0.0685149878,0.0685149878,1.0,0.014115525558427856,0.0685149878,0.0,0.4722108443980729
truck,cost_8,cap_1,rel_2,24,0.0119574694,0.202816013119308,1.0,0.0008438571019247491,2,1,truck|cost_8|cap_1|rel_2,truck,0.0119574694,0.0119574694,1.0,0.002425166270704124,0.0119574694,1.0090395474237867e-05,0.4650876173241093
truck,cost_8,cap_1,rel_3,38,0.06154670944,0.20567488257075,1.0,0.06935106162161794,2,1,truck|cost_8|cap_1|rel_3,truck,0.06154670944,0.06154670944,1.0,0.012658612236688072,0.06154670944,0.004268329638981255,0.4557910294185827
truck,cost_8,cap_1,rel_4,20,0.02085010142,0.2055365837520542,1.0,0.40857200641973285,1,1,truck|cost_8|cap_1|rel_4,truck,0.02085010142,0.02085010142,1.0,0.004285458616750654,0.02085010142,0.00851876777122432,0.37883857567968865
truck,cost_8,cap_1,rel_5,4,0.0007492156,0.2056255002905511,1.0,0.7417423475294964,2,1,truck|cost_8|cap_1|rel_5,truck,0.0007492156,0.0007492156,1.0,0.00015405783257548542,0.0007492156,0.0005557249379497201,0.30374484829061693
truck,cost_8,cap_2,rel_1,35,0.55609594,0.20761934661235137,1.0,0.0,2,1,truck|cost_8|cap_2|rel_1,truck,0.55609594,0.55609594,1.0,0.11545627571658135,0.55609594,0.0,0.47566818067238886
truck,cost_8,cap_2,rel_2,12,0.17228596,0.20616487961352692,1.0,0.0,2,1,truck|cost_8|cap_2|rel_2,truck,0.17228596,0.17228596,1.0,0.035519314202500915,0.17228596,0.0,0.47252208748250357
truck,cost_8,cap_2,rel_3,36,0.40605149,0.20677336290475634,1.0,0.09780192588800846,2,1,truck|cost_8|cap_2|rel_3,truck,0.40605149,0.40605149,1.0,0.08396063209978705,0.40605149,0.03971261773169541,0.45173809965520917
truck,cost_8,cap_2,rel_4,19,0.21958051,0.20670824856326567,1.0,0.37657120062256483,2,1,truck|cost_8|cap_2|rel_4,truck,0.21958051,0.21958051,1.0,0.045389102640728644,0.21958051,0.08268769628401511,0.38860413149497797
truck,cost_8,cap_2,rel_5,22,0.269312,0.20599821381936925,1.0,0.7922584893956035,2,1,truck|cost_8|cap_2|rel_5,truck,0.269312,0.269312,1.0,0.055477790960121974,0.269312,0.21336471829610876,0.2931359830443184
truck,cost_8,cap_3,rel_1,21,0.9844614,0.20446694497406157,1.0,0.0,2,1,truck|cost_8|cap_3|rel_1,truck,0.9844614,0.9844614,1.0,0.2012898149028876,0.9844614,0.0,0.46884936021511986
truck,cost_8,cap_3,rel_2,23,1.3018983,0.2049553000492507,1.0,8.905769955219566e-05,2,1,truck|cost_8|cap_3|rel_2,truck,1.3018983,1.3018983,1.0,0.26683095671010937,1.3018983,0.00011594406764891428,0.46988557521356816
truck,cost_8,cap_3,rel_3,51,2.7580149,0.20587723895776575,1.0,0.06902373353483203,2,1,truck|cost_8|cap_3|rel_3,truck,2.7580149,2.7580149,1.0,0.5678124926163785,2.7580149,0.19036848554269642,0.45630270345534385
truck,cost_8,cap_3,rel_4,38,2.2443875,0.20505662326659735,1.0,0.3306544380393609,2,1,truck|cost_8|cap_3|rel_4,truck,2.2443875,2.2443875,1.0,0.4602265220517603,2.2443875,0.7421166875550662,0.3954073236826211
truck,cost_8,cap_3,rel_5,21,1.4693671,0.20762494945565757,1.0,0.7129775047236031,2,1,truck|cost_8|cap_3|rel_5,truck,1.4693671,1.4693671,1.0,0.3050772698693061,1.4693671,1.047625688480957,0.3145697215509002
truck,cost_8,cap_4,rel_1,8,1.0674435,0.20865808170785607,1.0,0.0,2,1,truck|cost_8|cap_4|rel_1,truck,1.0674435,1.0674435,1.0,0.22273071304151987,1.0674435,0.0,0.477915022582658
truck,cost_8,cap_4,rel_2,21,3.3704324,0.2073522547019672,1.0,0.00014966325537378537,2,1,truck|cost_8|cap_4|rel_2,truck,3.3704324,3.3704324,1.0,0.6988667574605626,3.3704324,0.0005044298850012803,0.47505662677588406
truck,cost_8,cap_4,rel_3,23,3.7350537999999998,0.20680046653897272,1.0,0.10644479994226341,2,1,truck|cost_8|cap_4|rel_3,truck,3.7350537999999998,3.7350537999999998,1.0,0.7724108683881629,3.7350537999999998,0.3975770545145907,0.44984370757294123
truck,cost_8,cap_4,rel_4,38,5.343874,0.2055092576910605,1.0,0.3745956361213021,2,1,truck|cost_8|cap_4|rel_4,truck,5.343874,5.343874,1.0,1.098215578934558,5.343874,2.001791880382087,0.38645706308968747
truck,cost_8,cap_4,rel_5,42,7.031783,0.2065658656616162,1.0,0.8244399548849346,2,1,truck|cost_8|cap_4|rel_5,truck,7.031783,7.031783,1.0,1.4525263425396364,7.031783,5.79728285928065,0.28709184266896143
truck,cost_8,cap_5,rel_1,22,11.346818,0.21125107697808906,1.0,0.0,2,1,truck|cost_8|cap_5|rel_1,truck,11.346818,11.346818,1.0,2.397027522774367,11.346818,0.0,0.4835238158847254
truck,cost_8,cap_5,rel_2,6,2.260262,0.20835802133220058,1.0,0.0,2,1,truck|cost_8|cap_5|rel_2,truck,2.260262,2.260262,1.0,0.47094371801236234,2.260262,0.0,0.4772659752648658
truck,cost_8,cap_5,rel_3,25,11.259182,0.206496070461134,1.0,0.09557924563774975,2,1,truck|cost_8|cap_5|rel_3,truck,11.259182,11.259182,1.0,2.3249768396067316,11.259182,1.0761441220581305,0.45164055674315984
truck,cost_8,cap_5,rel_4,43,20.950487,0.20586485694947057,1.0,0.41955408868418786,2,1,truck|cost_8|cap_5|rel_4,truck,20.950487,20.950487,1.0,4.312969009276743,20.950487,8.789862480774925,0.37706704238190825
truck,cost_8,cap_5,rel_5,40,18.556975,0.20678423852656852,1.0,0.8358311394610858,2,1,truck|cost_8|cap_5|rel_5,truck,18.556975,18.556975,1.0,3.837289944731569,18.556975,15.510497559200884,0.284990144521048
truck,cost_8,cap_6,rel_1,27,24.981019,0.20729454664764965,1.0,0.0,2,1,truck|cost_8|cap_6|rel_1,truck,24.981019,24.981019,1.0,5.178429008401322,24.981019,0.0,0.47496562024451455
truck,cost_8,cap_6,rel_2,30,36.484564,0.20776400103816556,1.0,0.0,2,1,truck|cost_8|cap_6|rel_2,truck,36.484564,36.484564,1.0,7.580178992773018,36.484564,0.0,0.4759810762584067
truck,cost_8,cap_6,rel_3,22,26.251068,0.20454054014963693,1.0,0.10605492924152422,2,1,truck|cost_8|cap_6|rel_3,truck,26.251068,26.251068,1.0,5.36940762822485,26.251068,2.7840551592544407,0.4450434593890492
truck,cost_8,cap_6,rel_4,36,43.30333,0.20790852430902088,1.0,0.4020916184155821,2,1,truck|cost_8|cap_6|rel_4,truck,43.30333,43.30333,1.0,9.003131437966553,43.30333,17.41190604248403,0.38543357997294386
truck,cost_8,cap_6,rel_5,73,83.727166,0.2057748868734135,1.0,0.8523835738960026,2,1,truck|cost_8|cap_6|rel_5,truck,83.727166,83.727166,1.0,17.22894811188151,83.727166,71.36766098726387,0.2790665290421681
truck,cost_8,cap_7,rel_1,22,66.00133,0.20838182983261683,1.0,0.0,2,1,truck|cost_8|cap_7|rel_1,truck,66.00133,66.00133,1.0,13.753477916786387,66.00133,0.0,0.4773174743783429
truck,cost_8,cap_7,rel_2,15,41.65668,0.20660894394334092,1.0,0.0,2,1,truck|cost_8|cap_7|rel_2,truck,41.65668,41.65668,1.0,8.606642662985692,41.65668,0.0,0.4734826233798652
truck,cost_8,cap_7,rel_3,16,37.32089,0.20469230365764773,1.0,0.07684799037804782,2,1,truck|cost_8|cap_7|rel_3,truck,37.32089,37.32089,1.0,7.639298948653669,37.32089,2.868035395620181,0.4519715854418338
truck,cost_8,cap_7,rel_4,59,160.75642,0.20608841871445252,1.0,0.39793397124778196,2,1,truck|cost_8|cap_7|rel_4,truck,160.75642,160.75642,1.0,33.130036395996385,160.75642,63.970440614176354,0.3824360881201736
truck,cost_8,cap_7,rel_5,34,103.11825,0.20562303991489664,1.0,0.7591996618650997,1,1,truck|cost_8|cap_7|rel_5,truck,103.11825,103.11825,1.0,21.20348803570429,103.11825,78.28734053212082,0.2997947202611583
truck,cost_8,cap_8,rel_1,43,350.2248,0.20488407756713056,1.0,0.0,2,1,truck|cost_8|cap_8|rel_1,truck,350.2248,350.2248,1.0,71.75548508913279,350.2248,0.0,0.4697516412647375
truck,cost_8,cap_8,rel_2,19,150.61779,0.20603991944217367,1.0,0.00031031245093342047,2,1,truck|cost_8|cap_8|rel_2,truck,150.61779,150.61779,1.0,31.033277318158234,150.61779,0.04673857556907523,0.47218167077485573
truck,cost_8,cap_8,rel_3,16,124.51948,0.20513238396613784,1.0,0.10963556734973788,2,1,truck|cost_8|cap_8|rel_3,truck,124.51948,124.51948,1.0,25.542977782623822,124.51948,13.65176383589434,0.44551453852271616
truck,cost_8,cap_8,rel_4,25,190.29118,0.2055730057648684,1.0,0.44877006890583543,2,1,truck|cost_8|cap_8|rel_4,truck,190.29118,190.29118,1.0,39.11872984314361,190.29118,85.39698596077272,0.3698338558125438
truck,cost_8,cap_8,rel_5,57,380.14804,0.20415170991964626,1.0,0.7737664414659713,1,1,truck|cost_8|cap_8|rel_5,truck,380.14804,380.14804,1.0,77.60787238860208,380.14804,294.14579614106367,0.2933205156594862
truck,cost_8,cap_9,rel_1,37,1177.4331,0.20608781743467394,1.0,0.0,2,1,truck|cost_8|cap_9|rel_1,truck,1177.4331,1177.4331,1.0,242.65461775434218,1177.4331,0.0,0.47235539769422846
truck,cost_8,cap_9,rel_2,34,893.8697,0.2068766348520775,1.0,0.00026395375176929995,2,1,truck|cost_8|cap_9|rel_2,truck,893.8697,893.8697,1.0,184.92075553223606,893.8697,0.2359402609078986,0.4740020084582577
truck,cost_8,cap_9,rel_3,19,448.68019999999996,0.2063907435259031,1.0,0.07507208123851691,2,1,truck|cost_8|cap_9|rel_3,truck,448.68019999999996,448.68019999999996,1.0,92.60344008335089,448.68019999999996,33.68335642451402,0.456046705373307
truck,cost_8,cap_9,rel_4,19,563.486,0.20467005824273796,1.0,0.46183795116854537,1,1,truck|cost_8|cap_9|rel_4,truck,563.486,563.486,1.0,115.32871243896744,563.486,260.23921975215893,0.36492779801941333
truck,cost_8,cap_9,rel_5,25,568.7044999999999,0.20545702172414287,1.0,0.7401473448639574,1,1,truck|cost_8|cap_9|rel_5,truck,568.7044999999999,568.7044999999999,1.0,116.8443328111178,568.7044999999999,420.9251256871844,0.3037408403913039
truck,cost_8,cap_10,rel_1,7,1147.0965,0.20304702230839192,1.0,0.0,1,1,truck|cost_8|cap_10|rel_1,truck,1147.0965,1147.0965,1.0,232.9145286253783,1147.0965,0.0,0.46577798834333617
truck,cost_8,cap_10,rel_2,4,1450.681,0.2078498114391848,1.0,0.0,1,1,truck|cost_8|cap_10|rel_2,truck,1450.681,1450.681,1.0,301.52377230840807,1450.681,0.0,0.4761666889388499
truck,cost_8,cap_10,rel_5,3,190.8036,0.2118309088507764,1.0,0.667076037057102,1,1,truck|cost_8|cap_10|rel_5,truck,190.8036,190.8036,1.0,40.418099999999995,190.8036,127.28050934422845,0.3340397397544012
truck,cost_9,cap_1,rel_1,22,0.03025354856,0.22428146186502385,1.0,0.0,2,1,truck|cost_9|cap_1|rel_1,truck,0.03025354856,0.03025354856,1.0,0.006785310097641287,0.03025354856,0.0,0.5117092647037795
truck,cost_9,cap_1,rel_2,30,0.0221143284,0.22572150416080008,1.0,0.0003334371630482121,2,1,truck|cost_9|cap_1|rel_2,truck,0.0221143284,0.0221143284,1.0,0.004991679469953899,0.0221143284,7.373738924412508e-06,0.5147488101047275
truck,cost_9,cap_1,rel_3,30,0.0362278403,0.2248633248234335,1.0,0.0627917432670718,2,1,truck|cost_9|cap_1|rel_3,truck,0.0362278403,0.0362278403,1.0,0.008146312621030374,0.0362278403,0.0022748092472380777,0.4987789000112647
truck,cost_9,cap_1,rel_4,2,0.00757054,0.2415418186813622,1.0,0.4935655251143042,1,1,truck|cost_9|cap_1|rel_4,truck,0.00757054,0.00757054,1.0,0.0018286019999999997,0.00757054,0.003736557550498844,0.4375140333833556
truck,cost_9,cap_1,rel_5,2,0.00439732,0.215520817225037,1.0,0.6013108360716488,1,1,truck|cost_9|cap_1|rel_5,truck,0.00439732,0.00439732,1.0,0.0009477139999999996,0.00439732,0.0026441561656745825,0.35688209223187695
truck,cost_9,cap_2,rel_1,33,0.52258857,0.22846685099523645,1.0,0.0,2,1,truck|cost_9|cap_2|rel_1,truck,0.52258857,0.52258857,1.0,0.11939416495400369,0.52258857,0.0,0.5207624946844007
truck,cost_9,cap_2,rel_2,16,0.16819417,0.22501658921256446,1.0,0.0003516749100355125,2,1,truck|cost_9|cap_2|rel_2,truck,0.16819417,0.16819417,1.0,0.037846478458838234,0.16819417,5.91496696032477e-05,0.5132199186205794
truck,cost_9,cap_2,rel_3,46,0.5552187000000001,0.2288374360188183,1.0,0.11341282023743951,2,1,truck|cost_9|cap_2|rel_3,truck,0.5552187000000001,0.5552187000000001,1.0,0.1270548237377015,0.5552187000000001,0.06296891861556486,0.49593634661233144
truck,cost_9,cap_2,rel_4,32,0.44529652,0.22699867430200735,1.0,0.346033292073784,2,1,truck|cost_9|cap_2|rel_4,truck,0.44529652,0.44529652,1.0,0.1010817197112973,0.44529652,0.1540874207645996,0.4393940639234924
truck,cost_9,cap_2,rel_5,24,0.40323924,0.22801066942510775,1.0,0.7900684187094952,2,1,truck|cost_9|cap_2|rel_5,truck,0.40323924,0.40323924,1.0,0.09194284905087169,0.40323924,0.3185865887084186,0.3412450388451364
truck,cost_9,cap_3,rel_1,17,1.0070461,0.22802498764906676,1.0,0.0,2,1,truck|cost_9|cap_3|rel_1,truck,1.0070461,1.0070461,1.0,0.22963167451454083,1.0070461,0.0,0.5198067196373437
truck,cost_9,cap_3,rel_2,39,2.6063103,0.22496001590504136,1.0,8.259511301435524e-05,2,1,truck|cost_9|cap_3|rel_2,truck,2.6063103,2.6063103,1.0,0.5863156065414732,2.6063103,0.00021526849377897811,0.5131583510068521
truck,cost_9,cap_3,rel_3,29,1.424321,0.22466464239851588,1.0,0.06707559435607445,2,1,truck|cost_9|cap_3|rel_3,truck,1.424321,1.424321,1.0,0.31999456812569654,1.424321,0.09553717762883832,0.49738112271921786
truck,cost_9,cap_3,rel_4,34,1.7251862,0.22481298466346739,1.0,0.3856163484144096,2,1,truck|cost_9|cap_3|rel_4,truck,1.7251862,1.7251862,1.0,0.38784425872222555,1.7251862,0.6652600027789314,0.42572176481547497
truck,cost_9,cap_3,rel_5,36,2.1453643000000002,0.23001680104745162,1.0,0.840798484635052,2,1,truck|cost_9|cap_3|rel_5,truck,2.1453643000000002,2.1453643000000002,1.0,0.49346983336740535,2.1453643000000002,1.8038190524301394,0.33412100784606164
truck,cost_9,cap_4,rel_1,42,6.4715002,0.22852124201929583,1.0,0.0,2,1,truck|cost_9|cap_4|rel_1,truck,6.4715002,6.4715002,1.0,1.4788752634321214,6.4715002,0.0,0.5208801455011758
truck,cost_9,cap_4,rel_2,21,3.2284778,0.22715971851480668,1.0,0.00032796650637366664,2,1,truck|cost_9|cap_4|rel_2,truck,3.2284778,3.2284778,1.0,0.7333801082793023,3.2284778,0.0010588325849709413,0.5178609841149677
truck,cost_9,cap_4,rel_3,31,5.352501,0.22747368087726202,1.0,0.09033602744621862,2,1,truck|cost_9|cap_4|rel_3,truck,5.352501,5.352501,1.0,1.2175531043692258,5.352501,0.4835236772419126,0.4982011003976722
truck,cost_9,cap_4,rel_4,38,6.0908591,0.22926656942826643,1.0,0.38340969252413176,2,1,truck|cost_9|cap_4|rel_4,truck,6.0908591,6.0908591,1.0,1.3964303707279384,6.0908591,2.33529441473881,0.4358537519991966
truck,cost_9,cap_4,rel_5,23,4.7017240000000005,0.22556786001110612,1.0,0.7910124666630108,2,1,truck|cost_9|cap_4|rel_5,truck,4.7017240000000005,4.7017240000000005,1.0,1.0605578210428581,4.7017240000000005,3.7191222988086783,0.33574778066105715
truck,cost_9,cap_5,rel_1,10,4.414198,0.23116226286157024,1.0,0.0,1,1,truck|cost_9|cap_5|rel_1,truck,4.414198,4.414198,1.0,1.0203959983990176,4.414198,0.0,0.5265928207924957
truck,cost_9,cap_5,rel_2,28,15.358872,0.2251613467946811,1.0,1.5822511974735713e-05,2,1,truck|cost_9|cap_5|rel_2,truck,15.358872,15.358872,1.0,3.4582243047671173,15.358872,0.00024301593613843307,0.513608929459089
truck,cost_9,cap_5,rel_3,30,13.693728,0.23059422674214097,1.0,0.10014989227284765,2,1,truck|cost_9|cap_5|rel_3,truck,13.693728,13.693728,1.0,3.157694619377205,13.693728,1.3714253840136776,0.5027333890603471
truck,cost_9,cap_5,rel_4,39,20.268704,0.22906102197772002,1.0,0.41829892994191087,1,1,truck|cost_9|cap_5|rel_4,truck,20.268704,20.268704,1.0,4.642770052403901,20.268704,8.478377194509328,0.42752526683473724
truck,cost_9,cap_5,rel_5,24,10.707759,0.23299493964574577,1.0,0.8001772393240101,2,1,truck|cost_9|cap_5|rel_5,truck,10.707759,10.707759,1.0,2.494853661946191,10.707759,8.568105035966822,0.3497420164055362
truck,cost_9,cap_6,rel_1,33,39.885688,0.22834560730077078,1.0,0.0,2,1,truck|cost_9|cap_6|rel_1,truck,39.885688,39.885688,1.0,9.107721648969065,39.885688,0.0,0.5205002378151948
truck,cost_9,cap_6,rel_2,34,40.850904,0.22435488461045958,1.0,0.0,2,1,truck|cost_9|cap_6|rel_2,truck,40.850904,40.850904,1.0,9.165099853152961,40.850904,0.0,0.5118680821947124
truck,cost_9,cap_6,rel_3,32,36.322915,0.22878210139634098,1.0,0.09663713171984818,2,1,truck|cost_9|cap_6|rel_3,truck,36.322915,36.322915,1.0,8.310032822540675,36.322915,3.5101423213038494,0.49960743475992053
truck,cost_9,cap_6,rel_4,37,41.10152,0.22421955739490304,1.0,0.42393850676728817,2,1,truck|cost_9|cap_6|rel_4,truck,41.10152,41.10152,1.0,9.215764622657755,41.10152,17.42451701466583,0.4157785414069261
truck,cost_9,cap_6,rel_5,51,61.819735,0.22610533030196894,1.0,0.816024208311311,1,1,truck|cost_9|cap_6|rel_5,truck,61.819735,61.819735,1.0,13.97777160135519,61.819735,50.44640031139004,0.3312584888673833
truck,cost_9,cap_7,rel_1,27,74.59621,0.22286510767050932,1.0,0.0,2,1,truck|cost_9|cap_7|rel_1,truck,74.59621,74.59621,1.0,16.624892373461925,74.59621,0.0,0.5086456116340096
truck,cost_9,cap_7,rel_2,29,80.4789,0.2292064014822583,1.0,9.195195444147612e-08,2,1,truck|cost_9|cap_7|rel_2,truck,80.4789,80.4789,1.0,18.446279064250515,80.4789,7.400192146300112e-06,0.5223621628318263
truck,cost_9,cap_7,rel_3,25,71.5629,0.22661731424790688,1.0,0.05522756875809222,2,1,truck|cost_9|cap_7|rel_3,truck,71.5629,71.5629,1.0,16.217392197791536,71.5629,3.9522449802784774,0.5042821433554903
truck,cost_9,cap_7,rel_4,48,132.28178,0.22421150257948688,1.0,0.4429169586150465,2,1,truck|cost_9|cap_7|rel_4,truck,132.28178,132.28178,1.0,29.659096657689116,132.28178,58.589843677784685,0.41147258287213223
truck,cost_9,cap_7,rel_5,58,147.51871,0.22694115669410747,1.0,0.7965168708001256,1,1,truck|cost_9|cap_7|rel_5,truck,147.51871,147.51871,1.0,33.4780666814226,147.51871,117.5011412736712,0.33747447505216877
truck,cost_9,cap_8,rel_1,9,73.33830999999999,0.2278390919632611,1.0,0.0,2,1,truck|cost_9|cap_8|rel_1,truck,73.33830999999999,73.33830999999999,1.0,16.70933395652015,73.33830999999999,0.0,0.5194046169071924
truck,cost_9,cap_8,rel_2,44,329.46929,0.22756450256816618,1.0,5.7907375587063634e-05,2,1,truck|cost_9|cap_8|rel_2,truck,329.46929,329.46929,1.0,74.97551509033688,329.46929,0.019078701920433188,0.5187975794874589
truck,cost_9,cap_8,rel_3,24,142.58626,0.22876613462585993,1.0,0.1179436408866625,2,1,truck|cost_9|cap_8|rel_3,truck,142.58626,142.58626,1.0,32.61890755095787,142.58626,16.81714264481229,0.49475829420956263
truck,cost_9,cap_8,rel_4,26,196.07296,0.22521159587330028,1.0,0.4011000659003028,1,1,truck|cost_9|cap_8|rel_4,truck,196.07296,196.07296,1.0,44.15790422920177,196.07296,78.64487717726743,0.42308514803597314
truck,cost_9,cap_8,rel_5,29,187.26763,0.2264227139165522,1.0,0.7697287822766881,1,1,truck|cost_9|cap_8|rel_5,truck,187.26763,187.26763,1.0,42.401645013320746,187.26763,144.14528479974138,0.3424063231583012
truck,cost_9,cap_9,rel_1,32,897.3998,0.22600563739612922,1.0,0.0,2,1,truck|cost_9|cap_9|rel_1,truck,897.3998,897.3998,1.0,202.8174137981589,897.3998,0.0,0.5154387524824378
truck,cost_9,cap_9,rel_2,39,1173.3572,0.23082033830690235,1.0,5.74054682891641e-05,2,1,truck|cost_9|cap_9|rel_2,truck,1173.3572,1173.3572,1.0,270.83470585883964,1173.3572,0.06735711953646238,0.5258402470846946
truck,cost_9,cap_9,rel_3,15,355.945,0.23111741760986934,1.0,0.08884682885025816,2,1,truck|cost_9|cap_9|rel_3,truck,355.945,355.945,1.0,82.26508921114494,355.945,31.62458449510514,0.5064192182766676
truck,cost_9,cap_9,rel_4,16,368.2078,0.22823591628395695,1.0,0.4583056615700639,1,1,truck|cost_9|cap_9|rel_4,truck,368.2078,368.2078,1.0,84.03824461589997,368.2078,168.7517193742578,0.41670024929651917
truck,cost_9,cap_9,rel_5,16,312.4833,0.22427307065810034,1.0,0.7534824822970948,1,1,truck|cost_9|cap_9|rel_5,truck,312.4833,312.4833,1.0,70.08158922037636,312.4833,235.45069256038775,0.34142767976655236
truck,cost_9,cap_10,rel_1,7,717.9646,0.22199144676347182,1.0,0.0,2,1,truck|cost_9|cap_10|rel_1,truck,717.9646,717.9646,1.0,159.38200027895735,717.9646,0.0,0.5067558343945664
truck,cost_9,cap_10,rel_2,11,1022.4313,0.22747672550858208,1.0,0.0,2,1,truck|cost_9|cap_10|rel_2,truck,1022.4313,1022.4313,1.0,232.57932418148275,1022.4313,0.0,0.5186207980675557
truck,cost_9,cap_10,rel_4,5,403.8406,0.2202938075594764,1.0,0.2799187609977836,1,1,truck|cost_9|cap_10|rel_4,truck,403.8406,403.8406,1.0,88.96358342110348,403.8406,113.04256039260153,0.43983087607850685
truck,cost_10,cap_1,rel_1,51,0.03502622856,0.2833197270368628,1.0,0.0,2,1,truck|cost_10|cap_1|rel_1,truck,0.03502622856,0.03502622856,1.0,0.009923621514749967,0.03502622856,0.0,0.6394123230405347
truck,cost_10,cap_1,rel_2,22,0.025864559159999998,0.2706379064453909,1.0,0.00022616870077761818,2,1,truck|cost_10|cap_1|rel_2,truck,0.025864559159999998,0.025864559159999998,1.0,0.006999930142195357,0.025864559159999998,5.849753741403043e-06,0.6119297311809269
truck,cost_10,cap_1,rel_3,73,0.0746160201,0.2716021418750383,1.0,0.06462351309318727,2,1,truck|cost_10|cap_1|rel_3,truck,0.0746160201,0.0746160201,1.0,0.02026587087735091,0.0746160201,0.004821949351893874,0.5994636439063715
truck,cost_10,cap_1,rel_4,7,0.007670222,0.33444539843506643,1.0,0.5343480570751837,2,1,truck|cost_10|cap_1|rel_4,truck,0.007670222,0.007670222,1.0,0.0025652704528754122,0.007670222,0.00409856822303533,0.6292540802994218
truck,cost_10,cap_1,rel_5,8,0.008445114,0.250506499626545,1.0,0.7247019215530573,2,1,truck|cost_10|cap_1|rel_5,truck,0.008445114,0.008445114,1.0,0.00211555594708713,0.008445114,0.006120190343534626,0.4046755538956933
truck,cost_10,cap_2,rel_1,25,0.29965872,0.27227612091842324,1.0,0.0,2,1,truck|cost_10|cap_2|rel_1,truck,0.29965872,0.29965872,1.0,0.08158991388097993,0.29965872,0.0,0.615524387440016
truck,cost_10,cap_2,rel_2,33,0.48652869,0.2772076876075853,1.0,0.00017630838364364546,2,1,truck|cost_10|cap_2|rel_2,truck,0.48652869,0.48652869,1.0,0.13486949310964771,0.48652869,8.577908693016025e-05,0.626151800901356
truck,cost_10,cap_2,rel_3,62,0.9133449299999999,0.28603155661573265,1.0,0.06769949452968985,2,1,truck|cost_10|cap_2|rel_3,truck,0.9133449299999999,0.9133449299999999,1.0,0.2612454720549874,0.9133449299999999,0.06183299009225495,0.6299801968467641
truck,cost_10,cap_2,rel_4,32,0.44673007,0.28001255094017086,1.0,0.3724270398985408,2,1,truck|cost_10|cap_2|rel_4,truck,0.44673007,0.44673007,1.0,0.1250900264823811,0.44673007,0.16637435760376793,0.5481018739761896
truck,cost_10,cap_2,rel_5,20,0.34455066,0.2666046095702277,1.0,0.810978203660531,2,1,truck|cost_10|cap_2|rel_5,truck,0.34455066,0.34455066,1.0,0.09185879418646427,0.34455066,0.27942307531685034,0.4200009262978441
truck,cost_10,cap_3,rel_1,25,1.3105126,0.3237199338791328,1.0,0.0,2,1,truck|cost_10|cap_3|rel_1,truck,1.3105126,1.3105126,1.0,0.4242390522197704,1.3105126,0.0,0.7268002223322694
truck,cost_10,cap_3,rel_2,17,0.8385542,0.2894677030968118,1.0,0.0003115560237022177,2,1,truck|cost_10|cap_3|rel_2,truck,0.8385542,0.8385542,1.0,0.24273435819618455,0.8385542,0.00026125661221079423,0.6526403360437488
truck,cost_10,cap_3,rel_3,34,1.8373716,0.2788430089243047,1.0,0.08562483531921479,2,1,truck|cost_10|cap_3|rel_3,truck,1.8373716,1.8373716,1.0,0.512338225456064,1.8373716,0.1573246406702022,0.6103804020883068
truck,cost_10,cap_3,rel_4,36,1.8590775,0.2984647433296654,1.0,0.3776846055510252,2,1,truck|cost_10|cap_3|rel_4,truck,1.8590775,1.8590775,1.0,0.554869088867456,1.8590775,0.702144952276286,0.58682694951553
truck,cost_10,cap_3,rel_5,28,1.5059308,0.2801870749011157,1.0,0.767030579868581,2,1,truck|cost_10|cap_3|rel_5,truck,1.5059308,1.5059308,1.0,0.4219423458554971,1.5059308,1.1550949747659562,0.45931134198177825
truck,cost_10,cap_4,rel_1,37,5.719518,0.27604499494558954,1.0,0.0,2,1,truck|cost_10|cap_4|rel_1,truck,5.719518,5.719518,1.0,1.5788443174012083,5.719518,0.0,0.6236766720363575
truck,cost_10,cap_4,rel_2,16,2.38446,0.28539015489931385,1.0,0.0004187495675086125,2,1,truck|cost_10|cap_4|rel_2,truck,2.38446,2.38446,1.0,0.6805014087512179,2.38446,0.000998491593741586,0.6437961496290896
truck,cost_10,cap_4,rel_3,24,4.553738,0.27071059298366335,1.0,0.07692868597262505,2,1,truck|cost_10|cap_4|rel_3,truck,4.553738,4.553738,1.0,1.2327451142722412,4.553738,0.35031308060360966,0.5947545904117497
truck,cost_10,cap_4,rel_4,57,9.4148756,0.2773384641509809,1.0,0.3848492434885753,2,1,truck|cost_10|cap_4|rel_4,truck,9.4148756,9.4148756,1.0,2.611107139076545,9.4148756,3.6233077521990467,0.5395106463766144
truck,cost_10,cap_4,rel_5,60,10.487571599999999,0.26448086920298347,1.0,0.7902151336177877,2,1,truck|cost_10|cap_4|rel_5,truck,10.487571599999999,10.487571599999999,1.0,2.7737620525965236,10.487571599999999,8.287437793220114,0.4200989608268366
truck,cost_10,cap_5,rel_1,24,10.736063,0.2812139430996224,1.0,0.0,2,1,truck|cost_10|cap_5|rel_1,truck,10.736063,10.736063,1.0,3.0191306095959614,10.736063,0.0,0.6348573950087015
truck,cost_10,cap_5,rel_2,29,14.551767,0.27973003482567727,1.0,7.681048199796551e-05,2,1,truck|cost_10|cap_5|rel_2,truck,14.551767,14.551767,1.0,4.070566289685141,14.551767,0.0011177282371920886,0.6316302619372364
truck,cost_10,cap_5,rel_3,35,15.15566,0.2780850227421389,1.0,0.11329868220144775,2,1,truck|cost_10|cap_5|rel_3,truck,15.15566,15.15566,1.0,4.214562055772125,15.15566,1.7171163058931935,0.6024874133564851
truck,cost_10,cap_5,rel_4,49,23.062525,0.28808924495824323,1.0,0.43032358947135824,2,1,truck|cost_10|cap_5|rel_4,truck,23.062525,23.062525,1.0,6.644065414080608,23.062525,9.924348540272936,0.552489407032517
truck,cost_10,cap_5,rel_5,48,23.187324,0.2775420723866354,1.0,0.7176563282138891,2,1,truck|cost_10|cap_5|rel_5,truck,23.187324,23.187324,1.0,6.435457956060369,23.187324,16.64052980294579,0.46474708808337833
truck,cost_10,cap_6,rel_1,37,47.963317,0.27820447258828634,1.0,0.0,2,1,truck|cost_10|cap_6|rel_1,truck,47.963317,47.963317,1.0,13.34360930956979,47.963317,0.0,0.6283477425459593
truck,cost_10,cap_6,rel_2,35,37.001292,0.2963607294676066,1.0,2.7746919905512005e-07,2,1,truck|cost_10|cap_6|rel_2,truck,37.001292,37.001292,1.0,10.965729888363917,37.001292,1.026671885524462e-05,0.6676206754993196
truck,cost_10,cap_6,rel_3,13,12.642122,0.2949702124487177,1.0,0.08762218030666115,1,1,truck|cost_10|cap_6|rel_3,truck,12.642122,12.642122,1.0,3.729049412142608,12.642122,1.1077302933428077,0.6448131048456307
truck,cost_10,cap_6,rel_4,23,26.411147,0.25930845371691336,1.0,0.38698012797259174,1,1,truck|cost_10|cap_6|rel_4,truck,26.411147,26.411147,1.0,6.848633689460095,26.411147,10.220589045962932,0.5000292156894351
truck,cost_10,cap_6,rel_5,44,53.270855,0.27017177879594745,1.0,0.826207944468194,2,1,truck|cost_10|cap_6|rel_5,truck,53.270855,53.270855,1.0,14.39228165333099,53.270855,44.012803609613215,0.42427546789305953
truck,cost_10,cap_7,rel_1,26,85.64479,0.28576855592527617,1.0,0.0,2,1,truck|cost_10|cap_7|rel_1,truck,85.64479,85.64479,1.0,24.474587960823534,85.64479,0.0,0.6447092764229481
truck,cost_10,cap_7,rel_2,23,65.59711,0.27678504131978454,1.0,0.0001007964510438,2,1,truck|cost_10|cap_7|rel_2,truck,65.59711,65.59711,1.0,18.15629880180845,65.59711,0.0066119558867297635,0.6252546567536708
truck,cost_10,cap_7,rel_3,12,40.548230000000004,0.2774446374153795,1.0,0.11950129683020888,1,1,truck|cost_10|cap_7|rel_3,truck,40.548230000000004,40.548230000000004,1.0,11.249888970185415,40.548230000000004,4.845566069169581,0.5997006276225468
truck,cost_10,cap_7,rel_4,24,63.67467,0.28280481426969367,1.0,0.3782569478343976,2,1,truck|cost_10|cap_7|rel_4,truck,63.67467,63.67467,1.0,18.007503223034035,63.67467,24.085386328562482,0.5528243186559425
truck,cost_10,cap_7,rel_5,28,69.34546,0.2601310215832856,1.0,0.7763073284463242,1,1,truck|cost_10|cap_7|rel_5,truck,69.34546,69.34546,1.0,18.03890535196287,69.34546,53.83338879248144,0.4138327262019004
truck,cost_10,cap_8,rel_1,20,133.63747,0.28138856480288477,1.0,0.0,2,1,truck|cost_10|cap_8|rel_1,truck,133.63747,133.63747,1.0,37.60405588718857,133.63747,0.0,0.6352351114862043
truck,cost_10,cap_8,rel_2,29,212.06187,0.2796829399477636,1.0,0.0,2,1,truck|cost_10|cap_8|rel_2,truck,212.06187,212.06187,1.0,59.31008725242045,212.06187,0.0,0.6315457498537074
truck,cost_10,cap_8,rel_3,10,61.29927,0.2888274078670066,1.0,0.1324406441950076,2,1,truck|cost_10|cap_8|rel_3,truck,61.29927,61.29927,1.0,17.704909258239763,61.29927,8.118514807483702,0.6213983074677341
truck,cost_10,cap_8,rel_4,11,78.21965,0.2733423330706936,1.0,0.45674076578215245,1,1,truck|cost_10|cap_8|rel_4,truck,78.21965,78.21965,1.0,21.38074162297308,78.21965,35.726102840211944,0.5146215604401241
truck,cost_10,cap_8,rel_5,26,169.66087,0.2614779459485393,1.0,0.8251648722252227,1,1,truck|cost_10|cap_8|rel_5,truck,169.66087,169.66087,1.0,44.36257579544215,169.66087,139.9981901151701,0.4057059245005493
truck,cost_10,cap_9,rel_1,19,450.94710000000003,0.27620112498770155,1.0,0.0,2,1,truck|cost_10|cap_9|rel_1,truck,450.94710000000003,450.94710000000003,1.0,124.55209632994156,450.94710000000003,0.0,0.6240143900200739
truck,cost_10,cap_9,rel_2,43,1193.8756,0.2745792365638344,1.0,0.0,2,1,truck|cost_10|cap_9|rel_2,truck,1193.8756,1193.8756,1.0,327.81345080018974,1193.8756,0.0,0.6205061549558157
truck,cost_10,cap_9,rel_3,4,85.4544,0.27388993984367926,1.0,0.1846509256499533,1,1,truck|cost_10|cap_9|rel_3,truck,85.4544,85.4544,1.0,23.405100475377708,85.4544,15.779234060861372,0.5772898436710961
truck,cost_10,cap_9,rel_4,13,291.96,0.2678314433305165,1.0,0.40938690585889315,2,1,truck|cost_10|cap_9|rel_4,truck,291.96,291.96,1.0,78.1960681947776,291.96,119.52460103456244,0.5134016874969447
truck,cost_10,cap_9,rel_5,4,56.2774,0.29204929158650395,1.0,0.8437916463802522,1,1,truck|cost_10|cap_9|rel_5,truck,56.2774,56.2774,1.0,16.435774802330318,56.2774,47.4864,0.46762438177081894
truck,cost_10,cap_10,rel_1,5,758.6193000000001,0.28297528045190296,1.0,0.0,1,1,truck|cost_10|cap_10|rel_1,truck,758.6193000000001,758.6193000000001,1.0,214.67050917372632,758.6193000000001,0.0,0.6386672658779472
truck,cost_10,cap_10,rel_2,17,2320.9433,0.27307972363270994,1.0,0.0,2,1,truck|cost_10|cap_10|rel_2,truck,2320.9433,2320.9433,1.0,633.8025549311898,2320.9433,0.0,0.6172626249035227
truck,cost_10,cap_10,rel_3,2,323.488,0.2835932090216638,1.0,0.1571866972997083,1,1,truck|cost_10|cap_10|rel_3,truck,323.488,323.488,1.0,91.73899999999998,323.488,50.84801033608804,0.6044846109086367
truck,cost_10,cap_10,rel_4,3,309.534,0.2756391866483165,1.0,0.4213686989503382,1,1,truck|cost_10|cap_10|rel_4,truck,309.534,309.534,1.0,85.3197,309.534,130.427938860894,0.5275827616465044
truck,cost_10,cap_10,rel_5,2,146.75150000000002,0.2887556175183964,1.0,0.8651059784738145,1,1,truck|cost_10|cap_10|rel_5,truck,146.75150000000002,146.75150000000002,1.0,42.37532000425096,146.75150000000002,126.95560000000002,0.4556836099012061
