origin_date,forecast_date,hs_code,horizon_months,actual_supply,baseline_q10,baseline_q50,baseline_q90,demand_proxy_base,demand_proxy_seasonal,demand_proxy_selected,predicted_gap_pct,lower_gap_pct,upper_gap_pct,trigger_active,actual_shortage_flag,baseline_shortage_flag,ungated_q10,ungated_q50,ungated_q90,ungated_shortage_flag,gated_q10,gated_q50,gated_q90,gated_shortage_flag,effective_predicted_gap_pct,breach_line_q10
2021-01-01,2021-02-01,854231,1,9780814160,7350235908.807162,10233890355.296371,10714980385.74369,9394995486.0,8216319754.893184,8216319754.893184,17.95,15.0,20.9,True,False,False,5906208562.162908,8507126035.647215,9204168151.35383,False,8035986310.256198,10384866476.317028,10715338327.827442,False,17.95,5906208562.162908
2021-01-01,2021-02-01,854232,1,542343250,620852328.4208785,673389777.2864295,740532913.3859605,1196269097.0,1060380191.0989347,1060380191.0989347,17.95,15.0,20.9,True,True,True,498879679.9793128,559768720.1648903,636117772.5985401,True,673928038.1559535,686330691.3034861,752400230.3354093,True,17.95,498879679.9793128
2021-01-01,2021-02-01,854233,1,252895658,375346725.96842486,455774298.7193082,638009888.95729,649675156.0,581784962.4981362,581784962.4981362,17.95,15.0,20.9,True,True,True,301606108.1846681,378871501.29639935,548050494.6143122,True,393382234.4325627,482395131.5014076,624537102.9851868,False,17.95,301606108.1846681
2021-01-01,2021-02-01,854239,1,3439596090,4718460395.060447,4718460395.060447,4718460395.060447,4153479501.0,3911902253.0781727,3911902253.0781727,17.95,15.0,20.9,True,False,False,3791471665.8468714,3922314572.6018977,4053157479.3569236,False,3570051062.154955,4499916012.407089,4499916012.407089,False,17.95,3791471665.8468714
2021-02-01,2021-03-01,854231,1,17742933078,7750610840.388273,10246298452.555536,10606569937.38509,8577393200.0,8821506280.740414,8821506280.740414,17.95,15.0,20.9,True,False,False,6227925834.685594,8517440514.655841,9111043576.213793,False,8126020227.019014,10521539455.203812,10521539455.203812,False,17.95,6227925834.685594
2021-02-01,2021-03-01,854232,1,692604863,606280567.0054625,699159306.7520492,728189983.2059206,863927862.0,901180443.1171942,901180443.1171942,17.95,15.0,20.9,True,True,True,487170686.8115694,581190156.923776,625515195.5738858,True,619791456.6627564,659573581.502478,733321316.256102,True,17.95,487170686.8115694
2021-02-01,2021-03-01,854233,1,282103408,384208736.12360454,442328233.56949925,543071540.4842818,489440485.0,492789076.03390795,492789076.03390795,17.95,15.0,20.9,True,True,False,308727087.8247612,367694190.7193177,466498453.27599806,True,360017427.87326264,446648975.2596375,567950905.7506349,False,17.95,308727087.8247612
2021-02-01,2021-03-01,854239,1,4587184430,3717397474.316256,4273258986.41106,4273258986.41106,3409319222.0,3503097764.3618927,3503097764.3618927,17.95,15.0,20.9,True,False,False,2987077566.5120845,3552231997.633922,3670729469.3271003,False,3029599960.549288,4104622367.215263,4182413090.264859,False,17.95,2987077566.5120845
2021-03-01,2021-04-01,854231,1,12570026058,9181949120.310806,10079348919.925247,10952597808.152725,14312494355.0,13511855190.25661,13511855190.25661,17.95,15.0,20.9,True,False,True,7378063396.134545,8378660376.666261,9408281517.203192,True,9020925051.46454,10047714842.649145,10930710006.886625,True,17.95,7378063396.134545
2021-01-01,2021-04-01,854231,3,12570026058,7166985741.492863,10333788075.617651,10400184866.387577,9394995486.0,8869440600.030653,8869440600.030653,17.95,15.0,20.9,True,False,False,5998623725.914697,8886954407.150425,9183363237.020231,False,7892765470.3757305,10037886745.275873,10779574037.379906,False,17.95,5998623725.914697
2021-03-01,2021-04-01,854232,1,695969916,640266539.0237485,640266539.0237485,711173995.9534414,947960556.0,952248554.0492067,952248554.0492067,17.95,15.0,20.9,True,True,True,514479774.7671429,532234365.8942715,610898462.5240061,True,646011445.4767773,659319134.3499433,717788159.7412784,True,17.95,514479774.7671429
2021-01-01,2021-04-01,854232,3,695969916,652281857.7122625,725223793.622172,818374800.0703455,1196269097.0,1201680292.140763,1201680292.140763,17.95,15.0,20.9,True,True,True,545946869.2680095,623685210.2771317,722624948.462115,True,633847775.3244635,732405093.6822871,849783730.447047,True,17.95,545946869.2680095
2021-03-01,2021-04-01,854233,1,238372697,396468735.3743943,420099610.8987799,571126452.6730248,681107675.0,661317153.0463848,661317153.0463848,17.95,15.0,20.9,True,True,True,318578487.6227408,349216203.5518288,490597622.8461283,True,375305450.30766,465649240.91184795,566875929.8712648,True,17.95,318578487.6227408
2021-01-01,2021-04-01,854233,3,238372697,465739306.99429,551300504.8590474,685315340.8472263,649675156.0,630797949.1948698,630797949.1948698,17.95,15.0,20.9,True,True,False,389814485.16808087,474112921.1737322,605133445.9681008,True,532703328.525962,582852095.8754191,795282139.7872648,False,17.95,389814485.16808087
2021-03-01,2021-04-01,854239,1,4001548201,3824784989.5718126,3824784989.5718126,4145228802.8810663,4128265570.0,4125165124.8715525,4125165124.8715525,17.95,15.0,20.9,True,False,False,3073367730.5205345,3179429018.281361,3560751541.6748357,True,3162878087.56379,4089869443.542158,4220785794.6416807,False,17.95,3073367730.5205345
2021-01-01,2021-04-01,854239,3,4001548201,3885607562.447651,4470685242.54339,4470685242.54339,4153479501.0,4150360119.4905925,4150360119.4905925,17.95,15.0,20.9,True,False,False,3252175817.617435,3844744601.7348905,3947615069.1658134,False,4363875735.729512,4363875735.729512,4363875735.729512,False,17.95,3252175817.617435
2021-04-01,2021-05-01,854231,1,14704496724,9652929197.724749,9652929197.724749,12438116168.785553,7340963178.0,7714766942.896306,7714766942.896306,19.0,15.89,22.11,True,False,False,7646722310.844824,7928916043.011108,10580284509.11873,False,10949289967.985004,11975026251.649313,14210273840.228708,False,19.0,7646722310.844824
2021-02-01,2021-05-01,854231,3,14704496724,6925875339.868797,9497086602.771473,10464411861.626669,8577393200.0,9014156304.978481,9014156304.978481,17.95,15.0,20.9,True,False,False,5796819141.963387,8167399507.517439,9240075673.816349,False,8666404506.583195,9820780115.155447,10556157287.962065,False,17.95,5796819141.963387
2021-04-01,2021-05-01,854232,1,953435340,710173879.7105148,710173879.7105148,720424977.9546084,848113278.0,834701077.9430065,834701077.9430065,19.0,15.89,22.11,True,False,False,562575601.5947597,583336824.7942169,612817980.6974404,True,774791081.6964903,797630761.0656675,944204318.9281186,False,19.0,562575601.5947597
2021-02-01,2021-05-01,854232,3,953435340,629990167.78074,699289081.1326338,707186933.6127079,863927862.0,850265567.5630125,850265567.5630125,17.95,15.0,20.9,True,False,False,527289170.6291238,601381616.8832538,624446062.3800211,True,638700179.6988074,750884616.5382593,774365318.1811523,False,17.95,527289170.6291238
2021-04-01,2021-05-01,854233,1,274710441,373245339.4596174,438237964.5453421,588916300.9004643,595656409.0,588278851.5034089,588278851.5034089,19.0,15.89,22.11,True,True,True,295672267.5783673,359968664.077544,500952228.70016557,True,410362130.3744999,616387800.3182064,711834087.8187159,False,19.0,295672267.5783673
2021-02-01,2021-05-01,854233,3,274710441,416614972.96557724,524191358.55682534,616573038.0352468,489440485.0,483378474.6452236,483378474.6452236,17.95,15.0,20.9,True,True,False,348698400.0727289,450799326.44528425,544433992.585123,False,482761409.478632,582425490.7731453,728528533.4954418,False,17.95,348698400.0727289
2021-04-01,2021-05-01,854239,1,4949540990,4632351372.667399,4632351372.667399,4632351372.667399,2927896194.0,2898704407.767331,2898704407.767331,19.0,15.89,22.11,True,False,False,3669591257.4804435,3805013417.5090017,3940435577.5375605,False,4478216947.275082,4902863395.742711,5032006830.150221,False,19.0,3669591257.4804435
2021-02-01,2021-05-01,854239,3,4949540990,3601791624.8304305,4083420142.2820883,4325643093.93717,3409319222.0,3375327539.4630632,3375327539.4630632,17.95,15.0,20.9,True,False,False,3014627554.1505737,3511700488.1611733,3819542851.9465213,False,3552796820.815231,3802636295.359877,4241331946.2641883,False,17.95,3014627554.1505737
2021-05-01,2021-06-01,854231,1,15480777499,8478967694.1885805,9260102317.46663,11254586745.859278,8553109548.0,8702351227.703983,8702351227.703983,19.0,15.89,22.11,True,False,False,6716749922.434591,7606248043.567091,9573534141.97726,False,11329862000.637522,12961809526.419607,14562092009.881561,False,19.0,6716749922.434591
2021-03-01,2021-06-01,854231,3,15480777499,7670339867.446414,10081066463.034891,10394592706.99228,14312494355.0,14562230510.757933,14562230510.757933,17.95,15.0,20.9,True,False,True,6419921062.2553,8669616347.545376,9178425360.274183,True,8776229693.860647,9947329790.861483,10526589938.605898,True,17.95,6419921062.2553
2021-05-01,2021-06-01,854232,1,997911927,618510313.3511974,689838089.2518919,724181439.6193373,874122677.0,897015002.3619994,897015002.3619994,19.0,15.89,22.11,True,False,True,489962840.8861646,566633006.5115039,616013354.7091554,True,800948471.8501123,909823286.1835202,960097129.3051264,False,19.0,489962840.8861646
2021-03-01,2021-06-01,854232,3,997911927,655441499.0506058,748933062.9278493,842588472.7595937,947960556.0,972786615.3727782,972786615.3727782,17.95,15.0,20.9,True,False,True,548591425.8753761,644074944.7873211,744005621.4467213,True,641344702.516883,754502173.467448,873750656.3489444,True,17.95,548591425.8753761
2021-05-01,2021-06-01,854233,1,316570655,370623610.610626,427934290.2216761,581004455.6895163,435038259.0,443674217.0409584,443674217.0409584,19.0,15.89,22.11,True,True,False,293595423.12297714,351505225.9880848,494222144.160996,True,436550985.6469323,624898536.2556026,763885309.6762885,False,19.0,293595423.12297714
2021-03-01,2021-06-01,854233,3,316570655,461262312.16739726,507793971.1327996,624214053.1347526,681107675.0,694628364.6887538,694628364.6887538,17.95,15.0,20.9,True,True,True,386067330.0378682,436697737.23449636,551181008.9179866,True,482597497.7016591,539297210.1774184,743604742.8578116,True,17.95,386067330.0378682
2021-05-01,2021-06-01,854239,1,5165541075,3674659282.8414373,3917879007.1641736,4226264555.1159654,3009123238.0,2994898300.8590846,2994898300.8590846,19.0,15.89,22.11,True,False,False,2910940145.4513702,3218145816.484652,3595004323.5765142,False,3797731518.800662,4773084669.755512,5258136225.454047,False,19.0,2910940145.4513702
2021-03-01,2021-06-01,854239,3,5165541075,3526558290.9462585,4133937077.881152,4185393100.440002,4128265570.0,4108750145.2102575,4108750145.2102575,17.95,15.0,20.9,True,False,False,2951658758.3561997,3555144547.6070123,3695702107.688522,False,3494769464.4050207,3910692191.881907,4025550176.4158273,False,17.95,2951658758.3561997
2021-06-01,2021-07-01,854231,1,12542491149,9216552093.664347,10239123229.211731,11639761540.883938,10728980477.0,10620464367.822895,10620464367.822895,19.0,15.89,22.11,True,False,False,7301039205.829711,8410415820.474516,9901176918.568268,True,12118731264.69286,13548793375.316813,14917986681.451302,False,19.0,7301039205.829711
2021-04-01,2021-07-01,854231,3,12542491149,8737342305.176222,9698477713.475544,11064647135.79509,7340963178.0,7266714486.486704,7266714486.486704,19.0,15.89,22.11,True,False,False,7230517725.910141,8261163316.338469,9693272640.490376,False,11879633750.632023,13776500421.059147,14123876540.670996,False,19.0,7230517725.910141
2021-01-01,2021-07-01,854231,6,12542491149,7533153062.386479,8777948256.587967,10176970996.85977,9394995486.0,9299971698.971704,9299971698.971704,17.95,15.0,20.9,True,False,False,6667217117.865153,7911345314.956321,9337370889.61884,False,6701701869.870195,8953998668.0633,9612257137.98762,False,17.95,6667217117.865153
2021-06-01,2021-07-01,854232,1,936180082,715162015.8123207,807776825.8729875,845560527.7389834,704946657.0,733102181.7346319,733102181.7346319,19.0,15.89,22.11,True,False,False,566527033.4179828,663507884.772072,719262533.9527224,False,839811629.9216745,983618996.7196021,1155672777.6167006,False,19.0,566527033.4179828
2021-04-01,2021-07-01,854232,3,936180082,618531460.9178993,832222803.9177291,854837381.8964639,848113278.0,881986868.4899805,881986868.4899805,19.0,15.89,22.11,True,False,False,511860762.2309202,708887384.3771217,748887127.1094524,False,770520851.3153684,1151806469.348284,1151806469.348284,False,19.0,511860762.2309202
2021-01-01,2021-07-01,854232,6,936180082,647731771.2539464,786401009.9869363,918201598.3591722,1196269097.0,1244048008.801917,1244048008.801917,17.95,15.0,20.9,True,True,True,573275004.1483053,708763570.2759761,842449966.4945405,True,623678749.9776192,816743945.6278958,924381780.322521,True,17.95,573275004.1483053
2021-06-01,2021-07-01,854233,1,337167156,407539080.7729491,407539080.7729491,581668653.7754977,532757991.0,483919928.57006127,483919928.57006127,19.0,15.89,22.11,True,True,False,322838603.459584,334752600.9469004,494787133.63566667,True,451110524.0617392,658849452.0228835,684633139.5351106,False,19.0,322838603.459584
2021-04-01,2021-07-01,854233,3,337167156,396799411.4738619,544220312.5087017,554706119.4707931,595656409.0,541052432.370891,541052432.370891,19.0,15.89,22.11,True,True,False,328368178.5699026,463566862.1949121,485954733.6113441,False,578335189.3061838,815632664.509638,895710248.153157,False,19.0,328368178.5699026
2021-01-01,2021-07-01,854233,6,337167156,553376031.8000507,553376031.8000507,722865400.3872979,649675156.0,590119266.9023024,590119266.9023024,17.95,15.0,20.9,True,True,False,489765456.9446349,498743983.06059074,663229004.8553457,False,549634364.5008136,627136982.1379553,792347045.1534772,False,17.95,489765456.9446349
2021-06-01,2021-07-01,854239,1,5132813343,4769824553.220321,4829408350.830486,4829408350.830486,3353374516.0,3375533863.9348392,3375533863.9348392,19.0,15.89,22.11,True,False,False,3778492837.0263286,3966876019.3721614,4108058943.10034,False,6716187756.370903,6716187756.370903,6716187756.370903,False,19.0,3778492837.0263286
2021-04-01,2021-07-01,854239,3,5132813343,5627753435.545615,5627753435.545615,5627753435.545615,2927896194.0,2947243949.572893,2947243949.572893,19.0,15.89,22.11,True,False,False,4657202333.55829,4793720376.397755,4930238419.237221,False,5942473919.251541,5942473919.251541,5942473919.251541,False,19.0,4657202333.55829
2021-01-01,2021-07-01,854239,6,5132813343,4229329624.3268375,4229329624.3268375,4229329624.3268375,4153479501.0,4180926002.1181235,4180926002.1181235,17.95,15.0,20.9,True,False,False,3743168184.0104675,3811789057.1651707,3880409930.3198733,False,4972490424.882931,4972490424.882931,4972490424.882931,False,17.95,3743168184.0104675
2021-07-01,2021-08-01,854231,1,15422237298,9181851786.699585,9885721261.662317,12100258405.210535,7734991642.0,8359251464.6646805,8359251464.6646805,18.35,15.32,21.41,True,False,False,7333967387.219147,8180533201.238184,10357724392.792976,False,12050145553.944744,13359891746.746315,15151184031.496399,False,18.35,7333967387.219147
2021-05-01,2021-08-01,854231,3,15422237298,9372698276.200546,9372698276.200546,10558937276.35643,8553109548.0,9243396350.725683,9243396350.725683,19.0,15.89,22.11,True,False,False,7756301476.883553,7983664391.667625,9250241472.450262,False,11179828584.2964,12818551390.225834,14676938815.543224,False,19.0,7756301476.883553
2021-02-01,2021-08-01,854231,6,15422237298,8251855726.173986,9471171047.865631,9945964935.283697,8577393200.0,9269639837.848045,9269639837.848045,17.95,15.0,20.9,True,False,False,7303304910.450287,8536129686.165097,9125422828.122791,False,8118150273.3032055,9883886023.513954,10857062677.423231,False,17.95,7303304910.450287
2021-07-01,2021-08-01,854232,1,1198253513,666349511.4507885,811339322.804688,899800327.126722,544270195.0,562861450.9232959,562861450.9232959,18.35,15.32,21.41,True,False,False,532244006.87327147,671391403.0141073,770221881.617857,False,811757827.2988178,939272663.7287122,1238255022.9452264,False,18.35,532244006.87327147
2021-05-01,2021-08-01,854232,3,1198253513,639538047.0324365,742267382.778407,858546068.2015371,874122677.0,903981079.2159499,903981079.2159499,19.0,15.89,22.11,True,False,False,529244594.5173166,632263356.650647,752136151.4165022,True,776205734.693302,1011902237.527712,1033485103.5680847,False,19.0,529244594.5173166
2021-02-01,2021-08-01,854232,6,1198253513,690410191.2632241,858515440.0042363,858515440.0042363,863927862.0,893438028.3277884,893438028.3277884,17.95,15.0,20.9,True,False,False,611047539.7775165,773758503.1898181,787687916.2038869,False,634387235.8817402,877986317.6379883,877986317.6379883,False,17.95,611047539.7775165
2021-07-01,2021-08-01,854233,1,348782673,364562555.1666922,419627914.8650861,576921460.571165,514803346.0,549614286.5086464,549614286.5086464,18.35,15.32,21.41,True,True,True,291192882.6891747,347246295.8300074,493840154.8772326,True,438774176.6602181,617686800.9314649,764736833.4216844,False,18.35,291192882.6891747
2021-05-01,2021-08-01,854233,3,348782673,415035752.74906296,537565105.0400062,575800307.2612284,435038259.0,464455493.8930966,464455493.8930966,19.0,15.89,22.11,True,True,False,343459516.90146506,457897956.47307724,504434465.57865727,False,585437046.7422355,844179379.6332178,846597640.8434843,False,19.0,343459516.90146506
2021-02-01,2021-08-01,854233,6,348782673,412772812.2544497,412772812.2544497,574986888.2362382,489440485.0,522536391.88996416,522536391.88996416,17.95,15.0,20.9,True,True,True,365324577.48580074,372021816.3646292,527550469.9567486,True,445236195.792342,445236195.792342,707433724.9801323,False,17.95,365324577.48580074
2021-07-01,2021-08-01,854239,1,5828396539,4531138314.923335,4531138314.923335,4613807929.655166,3714744787.0,3676430284.332181,3676430284.332181,18.35,15.32,21.41,True,False,False,3619228604.491754,3749562266.9822087,3949382677.3213844,False,6626001547.922154,6626001547.922154,6626001547.922154,False,18.35,3619228604.491754
2021-05-01,2021-08-01,854239,3,5828396539,3355762298.6969433,3960478946.5165744,4243255765.402409,3009123238.0,2978086634.695885,2978086634.695885,19.0,15.89,22.11,True,False,False,2777034244.188266,3373535966.642818,3717338159.326904,False,3811937209.6693096,4409424426.133024,5279487589.516295,False,19.0,2777034244.188266
2021-02-01,2021-08-01,854239,6,5828396539,4021354877.154304,4021354877.154304,4198889675.23145,3409319222.0,3374154929.9915957,3374154929.9915957,17.95,15.0,20.9,True,False,False,3559100134.025417,3624346616.9072456,3852481277.024855,False,4369128372.904043,4369128372.904043,4369128372.904043,False,17.95,3559100134.025417
2021-08-01,2021-09-01,854231,1,13564183498,8778499633.32198,8904113627.86353,11511548307.225197,10248217902.0,10515342931.676142,10515342931.676142,18.35,15.32,21.41,True,False,False,7011791468.117397,7368243068.193349,9853793258.59831,True,11778256303.95519,11945821180.192205,14227175433.884838,False,18.35,7011791468.117397
2021-06-01,2021-09-01,854231,3,13564183498,7856422959.590562,9982194676.808605,10899407784.474106,10728980477.0,11008636828.545185,11008636828.545185,19.0,15.89,22.11,True,False,False,6501519968.825493,8502833425.70557,9548513384.850817,True,11501300972.915703,13884319998.357594,14072834029.353048,False,19.0,6501519968.825493
2021-03-01,2021-09-01,854231,6,13564183498,8369937939.877849,10266699802.555525,11077866517.733595,14312494355.0,14685556824.580479,14685556824.580479,17.95,15.0,20.9,True,False,True,7407813573.6888895,9253119864.548231,10163942530.020573,True,6835231583.904791,10268508997.726631,11463858557.824247,True,17.95,7407813573.6888895
2021-08-01,2021-09-01,854232,1,1253630927,683725912.5838897,762496080.5431023,841569924.0338937,784323750.0,802599592.7930276,802599592.7930276,18.35,15.32,21.41,True,False,False,546123337.7727315,630973131.6102226,720377122.4136207,True,842747252.1770108,1101020417.5685058,1133880851.481811,False,18.35,546123337.7727315
2021-06-01,2021-09-01,854232,3,1253630927,692325902.0769578,958437190.2920256,958437190.2920256,704946657.0,721372902.2600758,721372902.2600758,19.0,15.89,22.11,True,False,False,572928761.6565698,816396798.6907474,839646568.0528513,False,796737621.1631666,1262804614.9500866,1262804614.9500866,False,19.0,572928761.6565698
2021-03-01,2021-09-01,854232,6,1253630927,666749834.4919902,916742119.3044122,916742119.3044122,947960556.0,970049365.7490954,970049365.7490954,17.95,15.0,20.9,True,False,False,590106941.017136,826236753.5760841,841110894.4617982,False,614540153.0671226,1022156071.1931117,1022156071.1931117,False,17.95,590106941.017136
2021-08-01,2021-09-01,854233,1,343416372,330662039.91392237,330662039.91392237,504079049.0661274,291134002.0,293912376.2977709,293912376.2977709,18.35,15.32,21.41,True,False,False,264114981.7330858,273626144.64916986,431487633.3682125,False,401401627.8376466,443631106.2740154,645982936.4291553,False,18.35,264114981.7330858
2021-06-01,2021-09-01,854233,3,343416372,422419146.1196283,573766915.7412748,573766915.7412748,532757991.0,537842251.5087621,537842251.5087621,19.0,15.89,22.11,True,True,False,349569585.01812947,488734658.8284179,502653096.67046976,False,591353993.1394405,846523124.232447,846523124.232447,False,19.0,349569585.01812947
2021-03-01,2021-09-01,854233,6,343416372,409717509.7426106,409717509.7426106,580776960.9965268,681107675.0,687607678.590218,687607678.590218,17.95,15.0,20.9,True,True,True,362620481.9976975,369268148.5932714,532862861.7143134,True,440862651.7827941,440862651.7827941,705533120.4033331,True,17.95,362620481.9976975
2021-08-01,2021-09-01,854239,1,5528839173,4248057835.4534593,4912912824.358754,4912912824.358754,3894961359.0,3993809827.901385,3993809827.901385,18.35,15.32,21.41,True,False,False,3393119203.8371086,4065484491.2851124,4205414074.3484983,False,5978695540.756622,5978695540.756622,5978695540.756622,False,18.35,3393119203.8371086
2021-06-01,2021-09-01,854239,3,5528839173,5196716971.955686,5196716971.955686,5196716971.955686,3353374516.0,3438478296.50185,3438478296.50185,19.0,15.89,22.11,True,False,False,4300501556.406152,4426563516.711853,4552625477.017554,False,6701428425.892831,6701428425.892831,6701428425.892831,False,19.0,4300501556.406152
2021-03-01,2021-09-01,854239,6,5528839173,3372090795.7860103,3439329325.965824,4076466387.373636,4128265570.0,4233034961.3239675,4233034961.3239675,17.95,15.0,20.9,True,False,False,2984468958.8104086,3099781538.259848,3740157910.415311,True,4117635317.5119987,4117635317.5119987,4117635317.5119987,False,17.95,2984468958.8104086
2021-09-01,2021-10-01,854231,1,10211091043,9248697142.401487,10612483148.389463,12260254271.550385,11573013160.0,12114649033.476877,12114649033.476877,18.35,15.32,21.41,True,False,False,7387359847.704618,8781935930.123764,10494679574.412956,True,12161623074.898216,13173853802.75087,15060281105.196684,False,18.35,7387359847.704618
2021-07-01,2021-10-01,854231,3,10211091043,7705511984.588215,9006972943.971334,10509233457.189463,7734991642.0,8097001854.589356,8097001854.589356,18.35,15.32,21.41,True,False,False,6418706894.185952,7717804906.500717,9253422095.989151,False,11572149460.091618,11961189433.420534,13467042428.397312,False,18.35,6418706894.185952
2021-04-01,2021-10-01,854231,6,10211091043,7037690150.055435,9390393374.02166,11496006928.635963,7340963178.0,7684532216.426431,7684532216.426431,19.0,15.89,22.11,True,False,False,6181871839.3579445,8409097266.436396,10491313403.107824,False,11944212268.164143,12312939633.004896,14289444409.270077,False,19.0,6181871839.3579445
2021-09-01,2021-10-01,854232,1,1332305835,945488539.9988406,945488539.9988406,1024975669.4074453,636911176.0,641807753.0341183,641807753.0341183,18.35,15.32,21.41,True,False,False,755205189.3699138,782401221.7344406,877370973.2074178,False,1028186682.3093021,1148479635.5964384,1431957945.4801772,False,18.35,755205189.3699138
2021-07-01,2021-10-01,854232,3,1332305835,711374462.0142143,933890424.4332962,933890424.4332962,544270195.0,548454547.6030263,548454547.6030263,18.35,15.32,21.41,True,False,False,592576349.6067646,800222687.9841585,822294254.275215,False,787589817.634403,1135129061.0531397,1394497081.8618674,False,18.35,592576349.6067646
2021-04-01,2021-10-01,854232,6,1332305835,634565960.7854418,1019354552.0317947,1026100489.1767484,848113278.0,854633578.0918696,854633578.0918696,19.0,15.89,22.11,True,False,False,557399567.1241281,912832001.344472,936424436.9251465,False,758052956.445276,1258351066.2903118,1258351066.2903118,False,19.0,557399567.1241281
2021-09-01,2021-10-01,854233,1,313533306,415066806.9752224,415066806.9752224,586073424.4822347,261449137.0,293485432.3930666,293485432.3930666,18.35,15.32,21.41,True,False,False,331532951.804231,343471933.4400663,501674162.769397,False,536708419.48794097,536708419.48794097,693821006.0560513,False,18.35,331532951.804231
2021-07-01,2021-10-01,854233,3,313533306,441338291.5810074,562116307.2623281,562116307.2623281,514803346.0,577884036.3822179,577884036.3822179,18.35,15.32,21.41,True,True,False,367635679.56356233,481660600.20387113,494945657.00970894,False,669920841.5698166,860785890.0025213,860785890.0025213,False,18.35,367635679.56356233
2021-04-01,2021-10-01,854233,6,313533306,398621482.2734318,398621482.2734318,664978037.9928215,595656409.0,668644313.6091374,668644313.6091374,19.0,15.89,22.11,True,True,True,350147116.92157114,356965537.3758581,606862282.3624388,True,572168620.216749,572168620.216749,886810005.9718466,False,19.0,350147116.92157114
2021-09-01,2021-10-01,854239,1,5547431961,4835029104.85165,5149925254.0108795,5149925254.0108795,3833871283.0,4076061266.1283555,4076061266.1283555,18.35,15.32,21.41,True,False,False,3861960157.383836,4261614646.9465427,4408294818.0312805,False,6395641276.867133,6395641276.867133,6395641276.867133,False,18.35,3861960157.383836
2021-07-01,2021-10-01,854239,3,5547431961,4588997366.890129,4588997366.890129,4588997366.890129,3714744787.0,3949409414.70385,3949409414.70385,18.35,15.32,21.41,True,False,False,3822643984.6142116,3932174173.767145,4040630537.536226,False,6942266005.266455,6942266005.266455,6942266005.266455,False,18.35,3822643984.6142116
2021-04-01,2021-10-01,854239,6,5547431961,4097308586.5842233,4637409551.846013,4637409551.846013,2927896194.0,3112854706.553807,3112854706.553807,19.0,15.89,22.11,True,False,False,3599055375.912649,4152800253.6781044,4232123144.062431,False,7926461548.439381,7926461548.439381,7926461548.439381,False,19.0,3599055375.912649
2021-10-01,2021-11-01,854231,1,11167987454,8899579674.886637,9745904706.841686,11715174555.581764,11201719928.0,11056053890.129202,11056053890.129202,18.48,15.44,21.56,True,False,False,7095955259.655412,8052924108.406803,10014880981.28285,True,11873586407.442291,13650117991.651182,14672168216.665232,False,18.48,7095955259.655412
2021-08-01,2021-11-01,854231,3,11167987454,7902266215.128719,10315506326.276836,10666651325.12965,10248217902.0,10114951108.452568,10114951108.452568,18.35,15.32,21.41,True,False,False,6582603561.734653,8839047905.796833,9392029158.381956,False,11936238841.73588,12122538745.108414,12476625177.881124,False,18.35,6582603561.734653
2021-05-01,2021-11-01,854231,6,11167987454,7219359192.968792,9380141591.403288,10944663756.107994,8553109548.0,8441885772.781537,8441885772.781537,19.0,15.89,22.11,True,False,False,6341449018.307822,8399916795.101644,9988154867.142937,False,11206166613.502054,11942450359.08915,13571543499.592283,False,19.0,6341449018.307822
2021-10-01,2021-11-01,854232,1,1732576716,999357721.9254177,1032046028.0689995,1032046028.0689995,615658309.0,588172748.5196677,588172748.5196677,18.48,15.44,21.56,True,False,False,796823888.5691248,852767248.4410775,882258995.7391772,False,1247355926.3994794,1247355926.3994794,1398573495.3030684,False,18.48,796823888.5691248
2021-08-01,2021-11-01,854232,3,1732576716,759261536.3295474,906013782.2416834,906013782.2416834,784323750.0,749308259.1804227,749308259.1804227,18.35,15.32,21.41,True,False,False,632466378.2855856,776336029.5894313,797748759.3189311,False,748720118.2435877,1039719234.2987173,1088375460.5604508,False,18.35,632466378.2855856
2021-05-01,2021-11-01,854232,6,1732576716,655662670.034946,1010317335.1441594,1010317335.1441594,874122677.0,835098186.7028773,835098186.7028773,19.0,15.89,22.11,True,False,False,575930811.0453464,904739173.6215948,922020651.6392356,False,744891621.7503688,1262770756.3649642,1262770756.3649642,False,19.0,575930811.0453464
2021-10-01,2021-11-01,854233,1,372936481,426963171.51945794,426963171.51945794,534355238.90762293,251984689.0,269516791.7664346,269516791.7664346,18.48,15.44,21.56,True,False,False,340433107.3266385,352794545.0684699,456801056.9535262,False,587666441.719651,587666441.719651,642715074.0282799,False,18.48,340433107.3266385
2021-08-01,2021-11-01,854233,3,372936481,274503565.0318336,320484136.82031846,374300994.4998334,291134002.0,311389959.860469,311389959.860469,18.35,15.32,21.41,True,False,False,228662018.67864746,274613242.3172263,329573522.8610813,False,332536245.7084114,390139185.26146525,724648377.2658523,False,18.35,228662018.67864746
2021-05-01,2021-11-01,854233,6,372936481,434246805.89282686,434246805.89282686,601372438.4083774,435038259.0,465306508.6082879,465306508.6082879,19.0,15.89,22.11,True,False,False,381440223.06222963,388868014.67702645,548815494.1536772,False,549709484.2149011,549709484.2149011,870516036.607522,False,19.0,381440223.06222963
2021-10-01,2021-11-01,854239,1,6339158601,6058399065.534816,6058399065.534816,6058399065.534816,4818027752.0,4621018502.920481,4621018502.920481,18.48,15.44,21.56,True,False,False,4830579677.317268,5005982447.062632,5179107258.759356,False,6441640727.453647,6462286536.016117,6462286536.016117,False,18.48,4830579677.317268
2021-08-01,2021-11-01,854239,3,6339158601,4609847542.913756,4609847542.913756,4609847542.913756,3894961359.0,3735696312.7968507,3735696312.7968507,18.35,15.32,21.41,True,False,False,3840012222.942245,3950040064.0965104,4058989200.925734,False,5641097786.63497,5641097786.63497,5641097786.63497,False,18.35,3840012222.942245
2021-05-01,2021-11-01,854239,6,6339158601,3195260240.2914257,3596012098.8434973,4131768621.3076158,3009123238.0,2886080129.9024954,2886080129.9024954,19.0,15.89,22.11,True,False,False,2806700618.770787,3220228834.514352,3770672702.6484365,False,5264793591.916518,5264793591.916518,5264793591.916518,False,19.0,2806700618.770787
2021-11-01,2021-12-01,854231,1,14637149253,8635372688.158552,9705533333.30059,11077031492.583612,10880135502.0,11701503397.431227,11701503397.431227,18.48,15.44,21.56,True,False,False,6885293517.685588,8019565726.906279,9469355449.875998,True,11503111207.51715,13001489734.637564,14111440717.848295,False,18.48,6885293517.685588
2021-09-01,2021-12-01,854231,3,14637149253,8817308359.731659,9884044588.989723,11260621138.773045,11573013160.0,12446688075.287565,12446688075.287565,18.35,15.32,21.41,True,False,True,7344835498.273191,8469341286.967625,9915021955.174221,True,12831075268.821344,12831075268.821344,13049550471.596905,False,18.35,7344835498.273191
2021-06-01,2021-12-01,854231,6,14637149253,7388762494.538115,10192474722.920513,12209218740.943213,10728980477.0,11538937311.903048,11538937311.903048,19.0,15.89,22.11,True,False,False,6490252031.389808,9127361114.375319,11142194069.07848,True,11672652352.806335,12580531331.594467,14882457336.986048,False,19.0,6490252031.389808
2021-11-01,2021-12-01,854232,1,991191349,1143104041.1144662,1143104041.1144662,1216994468.02268,570494666.0,531592339.81091917,531592339.81091917,18.48,15.44,21.56,True,False,False,911438003.726044,944533151.9243901,1040364758.9117404,False,1393623240.8551157,1393623240.8551157,1503532174.311546,False,18.48,911438003.726044
2021-09-01,2021-12-01,854232,3,991191349,774518544.6890227,1027588775.9162185,1027588775.9162185,636911176.0,593479873.660316,593479873.660316,18.35,15.32,21.41,True,False,False,645175496.7630453,880509994.4193302,904796027.549334,False,788181505.6910586,1294072634.2883623,1382583206.7485855,False,18.35,645175496.7630453
2021-06-01,2021-12-01,854232,6,991191349,670793325.3623809,914871582.7909125,919359971.4311048,704946657.0,656875980.0403032,656875980.0403032,19.0,15.89,22.11,True,False,False,589221503.0316886,819267502.3892621,839012506.7278833,False,818199692.328633,1251410354.0077403,1251410354.0077403,False,19.0,589221503.0316886
2021-11-01,2021-12-01,854233,1,382262505,409275514.077499,456867517.13874066,572592977.5606103,257803673.0,236503754.47551724,236503754.47551724,18.48,15.44,21.56,True,False,False,326330101.29249674,377504147.0015358,489489123.1693736,False,500267771.06278557,681269800.0477309,690420998.5089391,False,18.48,326330101.29249674
2021-09-01,2021-12-01,854233,3,382262505,303666455.230831,316957433.43235797,339023452.9765898,261449137.0,239848027.70782816,239848027.70782816,18.35,15.32,21.41,True,False,False,252954764.54019272,271591315.98518455,298511506.43969923,False,376664626.63557,428323056.56122863,735771470.7096846,False,18.35,252954764.54019272
2021-06-01,2021-12-01,854233,6,382262505,408859264.31034243,408859264.31034243,615520525.2421025,532757991.0,488741155.7489091,488741155.7489091,19.0,15.89,22.11,True,True,False,359139933.4738833,366133471.1899116,561727108.938569,True,571227521.3783951,571227521.3783951,830614711.708112,False,19.0,359139933.4738833
2021-11-01,2021-12-01,854239,1,6827858123,5035253309.602805,5213228616.169206,5213228616.169206,3947026876.0,3860755070.4915595,3860755070.4915595,18.48,15.44,21.56,True,False,False,4014788732.8654623,4307628246.797221,4456601467.732872,False,6281267869.325912,6281267869.325912,6281267869.325912,False,18.48,4014788732.8654623
2021-09-01,2021-12-01,854239,3,6827858123,5565294291.800349,5565294291.800349,5565294291.800349,3833871283.0,3750072766.277822,3750072766.277822,18.35,15.32,21.41,True,False,False,4635901275.658275,4768733719.814965,4900263885.107374,False,6020194853.72814,6020194853.72814,6020194853.72814,False,18.35,4635901275.658275
2021-06-01,2021-12-01,854239,6,6827858123,5037757204.418658,5037757204.418658,5037757204.418658,3353374516.0,3280078416.6497726,3280078416.6497726,19.0,15.89,22.11,True,False,False,4425140739.575328,4511311576.556909,4597482413.538489,False,8013010652.411405,8013010652.411405,8013010652.411405,False,19.0,4425140739.575328
2021-12-01,2022-01-01,854231,1,9392142152,8086945111.602882,8913795479.525358,11016894413.47324,11828645704.0,10392899424.175,10392899424.175,18.48,15.44,21.56,True,False,False,6448012467.504996,7365362239.186049,9417946425.879389,True,11225849210.032045,12476086186.477814,14004770775.922318,False,18.48,6448012467.504996
2021-10-01,2022-01-01,854231,3,9392142152,8269565519.580441,8516223018.216112,10123087226.618221,11201719928.0,9842069117.862963,9842069117.862963,18.48,15.44,21.56,True,False,False,6878889225.283638,7288660567.478369,8903943585.742136,True,12339179103.496592,12339179103.496592,12878483322.499174,False,18.48,6878889225.283638
2021-07-01,2022-01-01,854231,6,9392142152,7510369183.669012,9115799957.285362,11022734531.733599,7734991642.0,6796127992.484864,6796127992.484864,18.35,15.32,21.41,True,False,False,6625985660.446067,8195787846.596336,10093958920.089725,False,14423579105.580437,14423579105.580437,14423579105.580437,False,18.35,6625985660.446067
2021-12-01,2022-01-01,854232,1,1133481025,1391246652.549891,1391246652.549891,1391246652.549891,769387093.0,818106978.4620038,818106978.4620038,18.48,15.44,21.56,True,False,False,1109291040.95752,1149570414.0421443,1189326678.38541,False,1846386532.1433308,1846386532.1433308,1846386532.1433308,False,18.48,1109291040.95752
2021-10-01,2022-01-01,854232,3,1133481025,788079393.2214196,927447238.6143196,927447238.6143196,615658309.0,654643629.3557848,654643629.3557848,18.48,15.44,21.56,True,False,False,655549657.8221599,793761283.851497,815752912.7735199,False,868239286.4585387,1076320979.1689775,1250328396.7073288,False,18.48,655549657.8221599
2021-07-01,2022-01-01,854232,6,1133481025,583332239.659131,975688803.4267299,989908920.0535358,544270195.0,578735007.0588924,578735007.0588924,18.35,15.32,21.41,True,False,False,514641951.77807003,877217410.9408872,906499194.4498249,False,729382225.3936778,1262469502.8141818,1262469502.8141818,False,18.35,514641951.77807003
2021-12-01,2022-01-01,854233,1,349602711,527156196.0845694,527156196.0845694,571172448.2143216,244789184.0,250729263.17392698,250729263.17392698,18.48,15.44,21.56,True,False,False,420320612.76128626,435582838.9503267,488274763.7702879,False,701350419.1851273,701350419.1851273,708394517.9589491,False,18.48,420320612.76128626
2021-10-01,2022-01-01,854233,3,349602711,498671207.0506416,533391655.4122809,533391655.4122809,251984689.0,258099375.02827388,258099375.02827388,18.48,15.44,21.56,True,False,False,414810667.5033493,456506448.63453305,469154231.5676691,False,591491455.7543687,712737040.1204127,738907993.82491,False,18.48,414810667.5033493
2021-07-01,2022-01-01,854233,6,349602711,423158141.4746104,423158141.4746104,627153273.2363538,514803346.0,527295616.2231914,527295616.2231914,18.35,15.32,21.41,True,True,False,373329154.5252676,380450906.04628533,574309338.4334586,True,598454876.5643867,598454876.5643867,885567689.8005271,False,18.35,373329154.5252676
2021-12-01,2022-01-01,854239,1,5950743962,5467455443.344568,5473938242.564974,5473938242.564974,4342974757.0,4447242902.60886,4447242902.60886,18.48,15.44,21.56,True,False,False,4359399053.374585,4523049482.572527,4679472741.792064,False,6306750812.556139,6306750812.556139,6306750812.556139,False,18.48,4359399053.374585
2021-10-01,2022-01-01,854239,3,5950743962,5968161076.899492,5968161076.899492,5968161076.899492,4818027752.0,4933701189.5173025,4933701189.5173025,18.48,15.44,21.56,True,False,False,4964507364.919458,5107886466.630892,5249403502.086332,False,6570807143.005563,6570807143.005563,6570807143.005563,False,18.48,4964507364.919458
2021-07-01,2022-01-01,854239,6,5950743962,4910793029.852746,4910793029.852746,4910793029.852746,3714744787.0,3803930097.074937,3803930097.074937,18.35,15.32,21.41,True,False,False,4332522596.622436,4415171243.3148575,4497009609.157353,False,9232391275.256979,9232391275.256979,9232391275.256979,False,18.35,4332522596.622436
2022-01-01,2022-02-01,854231,1,10144241332,6604390808.44617,9788259065.26432,12856827773.604565,9747111924.0,8524260429.252547,8524260429.252547,16.6,13.81,19.4,True,False,False,5400014100.617927,8260899120.720476,11187831533.001862,False,10460801496.000889,11986084774.40439,15513518942.887085,False,16.6,5400014100.617927
2021-11-01,2022-02-01,854231,3,10144241332,7948126450.004173,8473455018.759289,10083644409.101114,10880135502.0,9515137329.678251,9515137329.678251,18.48,15.44,21.56,True,False,False,6611505921.159872,7252057318.53525,8869250945.624249,True,11080219337.320677,11080219337.320677,12078985062.187387,False,18.48,6611505921.159872
2021-08-01,2022-02-01,854231,6,10144241332,7382877905.672966,8614366179.577253,11089444990.930016,10248217902.0,8962498739.475452,8962498739.475452,18.35,15.32,21.41,True,False,False,6513507117.890446,7744961272.903419,10155048355.994253,False,11699473603.94515,11861913089.467472,14324608272.643711,False,18.35,6513507117.890446
2022-01-01,2022-02-01,854232,1,1253118831,0.0,1086586115.8971434,2420735672.2916603,564438691.0,500321882.86663777,500321882.86663777,16.6,13.81,19.4,True,False,False,0.0,917035218.3725531,2106490291.7287908,False,0.0,1424191598.6464722,2957561203.1238465,False,16.6,0.0
2021-11-01,2022-02-01,854232,3,1253118831,930037410.2576464,1122967471.427913,1122967471.427913,570494666.0,505689935.87736464,505689935.87736464,18.48,15.44,21.56,True,False,False,773634879.0494386,961098448.2264078,987726252.9089066,False,1094166242.056017,1246426433.4068365,1481946442.0559828,False,18.48,773634879.0494386
2021-08-01,2022-02-01,854232,6,1253118831,640582322.1341138,1047450926.4490587,1082022452.9632373,784323750.0,695229334.2644403,695229334.2644403,18.35,15.32,21.41,True,False,False,565150550.7912111,941736941.6971873,990851241.0765549,False,739259526.0067425,1274220065.87074,1355359261.5981717,False,18.35,565150550.7912111
2022-01-01,2022-02-01,854233,1,342698963,0.0,503391023.92482704,1787860639.1725574,275887862.0,247057945.75183195,247057945.75183195,16.6,13.81,19.4,True,False,False,0.0,424841888.55159706,1555771298.1590111,False,0.0,750272510.7286974,2275555789.132199,False,16.6,0.0
2021-11-01,2022-02-01,854233,3,342698963,482249767.47359765,558762808.3466182,558762808.3466182,257803673.0,230863530.55524066,230863530.55524066,18.48,15.44,21.56,True,False,False,401150788.5770977,478220502.10030323,491469885.81181824,False,580010234.9766289,757462898.4868523,757462898.4868523,False,18.48,401150788.5770977
2021-08-01,2022-02-01,854233,6,342698963,341943167.86522573,377594832.8464119,549867847.5478332,291134002.0,260710884.31077743,260710884.31077743,18.35,15.32,21.41,True,False,False,301677650.1332561,339486074.34138775,503535982.71345276,False,401161155.2459264,501944349.49355906,823751658.421067,False,18.35,301677650.1332561
2022-01-01,2022-02-01,854239,1,6186499041,4435904399.557959,6437456507.734354,7580282140.978423,4289302319.0,4039825260.192016,4039825260.192016,16.6,13.81,19.4,True,False,False,3626972873.2545695,5432955794.267486,6596255395.12945,False,4547010766.21607,6521097324.478005,8046380602.881506,False,16.6,3626972873.2545695
2021-11-01,2022-02-01,854239,3,6186499041,5455295844.2715435,5455295844.2715435,5455295844.2715435,3947026876.0,3717457453.555999,3717457453.555999,18.48,15.44,21.56,True,False,False,4537889652.732087,4668947680.094866,4798303655.154233,False,5526465687.675355,5526465687.675355,5724593478.635409,False,18.48,4537889652.732087
2021-08-01,2022-02-01,854239,6,6186499041,5038501685.042809,5038501685.042809,5038501685.042809,3894961359.0,3668420203.411646,3668420203.411646,18.35,15.32,21.41,True,False,False,4445192919.120592,4529990902.479863,4613957533.061102,False,7842570668.043108,7842570668.043108,7842570668.043108,False,18.35,4445192919.120592
2022-02-01,2022-03-01,854231,1,15893014894,8184758779.684459,9556059121.538914,11536245054.599586,9780814160.0,10059176667.241367,10059176667.241367,16.6,13.81,19.4,True,False,False,6692186168.6212015,8064931656.213982,10038678939.081797,False,10490443444.385952,12015726722.789454,13918689649.333836,False,16.6,6692186168.6212015
2021-12-01,2022-03-01,854231,3,15893014894,8310936321.828083,8581750080.444409,9867349977.831614,11828645704.0,12165289609.259035,12165289609.259035,18.48,15.44,21.56,True,False,True,6913302782.458899,7344742296.84883,8679005285.301397,True,12631537088.650173,12631537088.650173,12631537088.650173,False,18.48,6913302782.458899
2021-09-01,2022-03-01,854231,6,15893014894,7458663443.665923,10045701130.978136,12390823536.296297,11573013160.0,11902381749.041359,11902381749.041359,18.35,15.32,21.41,True,False,False,6580368529.857042,9031838744.334167,11346772745.127972,True,13412415123.099823,13412415123.099823,14884871551.974373,False,18.35,6580368529.857042
2022-02-01,2022-03-01,854232,1,1182805405,0.0,1198356720.145065,2442266060.6750355,542343250.0,565729098.2897125,565729098.2897125,16.6,13.81,19.4,True,False,False,0.0,1011365137.5336292,2125225734.2745664,False,0.0,1483506988.7948236,3053068564.7611704,False,16.6,0.0
2021-12-01,2022-03-01,854232,3,1182805405,1040632868.9060866,1406444504.4652627,1406444504.4652627,769387093.0,802563074.8767191,802563074.8767191,18.48,15.44,21.56,True,False,False,865631720.6078879,1203713967.8136218,1237063579.9035022,False,1166125536.4553685,1615185144.459696,1697945518.749427,False,18.48,865631720.6078879
2021-09-01,2022-03-01,854232,6,1182805405,706442275.0573664,1051842070.7610049,1144733941.1952965,636911176.0,664374794.5403956,664374794.5403956,18.35,15.32,21.41,True,False,False,623255164.9579861,945684909.7694504,1048278659.3101808,False,820352508.1334891,1375248842.2544262,1439021828.9425316,False,18.35,623255164.9579861
2022-02-01,2022-03-01,854233,1,404453949,0.0,634385720.282406,1798262462.3457928,252895658.0,254625887.02446055,254625887.02446055,16.6,13.81,19.4,True,False,False,0.0,535396172.4895394,1564822819.058836,False,0.0,877778016.0699544,2403061294.4734554,False,16.6,0.0
2021-12-01,2022-03-01,854233,3,404453949,477877378.685278,582421188.9871323,582421188.9871323,244789184.0,246463951.19205207,246463951.19205207,18.48,15.44,21.56,True,False,False,397513695.66653216,498468669.1217711,512279040.355034,False,586898190.6705433,704638428.3874111,778186428.0722152,False,18.48,397513695.66653216
2021-09-01,2022-03-01,854233,6,404453949,425041318.42895067,648106902.8361541,660695725.8067133,261449137.0,263237886.11825323,263237886.11825323,18.35,15.32,21.41,True,False,False,374990577.9773496,582696713.6674153,605025503.9502397,False,519439604.0314125,772231127.7061121,787791077.5633135,False,18.35,374990577.9773496
2022-02-01,2022-03-01,854239,1,6864853896,3781393588.1572638,6173233092.982008,7316058726.226077,3439596090.0,3534207443.9478545,3534207443.9478545,16.6,13.81,19.4,True,False,False,3091818653.420905,5209961801.153096,6366331878.739765,False,3485599251.9390225,6306936488.242431,7832219766.645932,False,16.6,3091818653.420905
2021-12-01,2022-03-01,854239,3,6864853896,5384110260.220493,5384110260.220493,5384110260.220493,4342974757.0,4462434923.5921545,4462434923.5921545,18.48,15.44,21.56,True,False,False,4478675205.979733,4608023070.87127,4735691093.361619,False,6190131878.442521,6190131878.442521,6190131878.442521,False,18.48,4478675205.979733
2021-09-01,2022-03-01,854239,6,6864853896,5210905034.260941,5210905034.260941,5210905034.260941,3833871283.0,3939327779.476721,3939327779.476721,18.35,15.32,21.41,True,False,False,4597294911.951543,4684994443.678155,4771834176.074114,False,7957101150.143448,7957101150.143448,7957101150.143448,False,18.35,4597294911.951543
2022-03-01,2022-04-01,854231,1,10949323255,7353891682.445332,10856943281.183062,11999768914.427132,17742933078.0,16750395595.202316,16750395595.202316,16.6,13.81,19.4,True,True,True,6012835995.234601,9162825851.587257,10442030912.569689,True,10327445798.414421,11983341181.619385,13734070673.249054,True,16.6,6012835995.234601
2022-01-01,2022-04-01,854231,3,10949323255,6225816472.937124,9310534496.857147,12963144609.86666,9747111924.0,9201859688.021622,9201859688.021622,16.6,13.81,19.4,True,False,False,5283725924.252278,8105006490.204083,11566780598.781042,False,4762843795.49358,10120999042.43206,14811221553.628916,False,16.6,5283725924.252278
2021-10-01,2022-04-01,854231,6,10949323255,8033928125.839667,9756129712.803965,11202997634.74678,11201719928.0,10575097100.113247,10575097100.113247,18.48,15.44,21.56,True,False,False,7081264928.677599,8764516688.79457,10251639075.604084,False,13141744604.428053,13141744604.428053,14794682862.243313,False,18.48,7081264928.677599
2022-03-01,2022-04-01,854232,1,1072465024,0.0,1065835256.0199642,2366155214.515383,692604863.0,695737786.920323,695737786.920323,16.6,13.81,19.4,True,False,False,0.0,899522322.670609,2058995141.498283,False,0.0,1272290074.7453425,2946077288.6240845,False,16.6,0.0
2022-01-01,2022-04-01,854232,3,1072465024,0.0,1308689311.8857956,4447867429.913189,564438691.0,566991868.9677812,566991868.9677812,16.6,13.81,19.4,True,False,False,0.0,1139240219.7828226,3968752046.0978003,False,0.0,1292763885.4664938,5758547131.6160345,False,16.6,0.0
2021-10-01,2022-04-01,854232,6,1072465024,746168804.3539773,959621670.341328,1293226905.1604683,615658309.0,618443173.4242218,618443173.4242218,18.48,15.44,21.56,True,False,False,657688107.5336827,862085723.7678355,1183406076.3742414,False,892464051.2200804,1278407472.9502459,1779883658.0447948,False,18.48,657688107.5336827
2022-03-01,2022-04-01,854233,1,416888521,0.0,504842602.7738126,1784381649.221847,282103408.0,273906504.7875767,273906504.7875767,16.6,13.81,19.4,True,False,False,0.0,426066963.0369869,1552743929.8097622,False,0.0,750598153.1467165,2275881431.5502176,False,16.6,0.0
2022-01-01,2022-04-01,854233,3,416888521,0.0,612644099.91085,3743541629.8566265,275887862.0,267871560.0406263,267871560.0406263,16.6,13.81,19.4,True,False,False,0.0,533318941.8543932,3340294812.5717306,False,0.0,706107584.0919455,4928832374.383835,False,16.6,0.0
2021-10-01,2022-04-01,854233,6,416888521,596660927.4631368,596660927.4631368,655834544.9938413,251984689.0,244662926.66685727,244662926.66685727,18.48,15.44,21.56,True,False,False,525908874.68455803,536016310.7957836,600141075.4329643,False,744669879.7921361,764187901.6772915,852982343.381462,False,18.48,525908874.68455803
2022-03-01,2022-04-01,854239,1,6844596355,5086149377.063018,6877538745.425819,8020364378.6698885,4587184430.0,4583739323.725191,4583739323.725191,16.6,13.81,19.4,True,False,False,4158639176.661806,5804367599.589575,6979208797.217236,False,3848709215.455661,6932868581.0871315,8458151859.490633,False,16.6,4158639176.661806
2022-01-01,2022-04-01,854239,3,6844596355,2467023614.664627,5628492097.134525,8713210121.054548,4289302319.0,4286080930.6823435,4286080930.6823435,16.6,13.81,19.4,True,False,False,2093713601.2935758,4899714940.397547,7774640553.234795,False,2777813060.67349,6866221935.968213,10954630811.262936,False,16.6,2093713601.2935758
2021-10-01,2022-04-01,854239,6,6844596355,6524497830.6595955,6524497830.6595955,6524497830.6595955,4818027752.0,4814409275.809668,4814409275.809668,18.48,15.44,21.56,True,False,False,5750822877.899981,5861347871.151355,5970437474.879983,False,7348275232.403933,7348275232.403933,7348275232.403933,False,18.48,5750822877.899981
2022-04-01,2022-05-01,854231,1,12362946187,7233074132.138471,10139624278.0455,13350772664.497017,12570026058.0,13210095072.295916,13210095072.295916,15.77,13.08,18.46,True,False,True,5977962176.433274,8636546654.316591,11709268463.85178,True,9486178421.061623,11515581697.070171,15384123867.931213,False,15.77,5977962176.433274
2022-02-01,2022-05-01,854231,3,12362946187,8165596390.587896,11250314414.50792,14335032438.427942,9780814160.0,10278855774.990799,10278855774.990799,16.6,13.81,19.4,True,False,False,6929978344.764135,9793623704.117434,12790891414.22536,False,8833312881.495176,12975799217.649042,17118285553.80291,False,16.6,6929978344.764135
2021-11-01,2022-05-01,854231,6,12362946187,7272734317.370526,9853780670.531567,11577836527.664862,10880135502.0,11434154847.229517,11434154847.229517,18.48,15.44,21.56,True,False,False,6410333482.016729,8852242403.17874,10594646649.735561,True,10261500343.650234,12116169453.922298,15130323933.033895,False,18.48,6410333482.016729
2022-04-01,2022-05-01,854232,1,1335148678,0.0,1064320160.8807731,2341132499.114109,695969916.0,684963735.5885185,684963735.5885185,15.77,13.08,18.46,True,False,False,0.0,906547468.8721291,2053285576.0830312,False,0.0,1246289190.5796125,2928854793.275963,False,15.77,0.0
2022-02-01,2022-05-01,854232,3,1335148678,0.0,1267149895.8736098,4519420803.514013,542343250.0,533766546.4425301,533766546.4425301,16.6,13.81,19.4,True,False,False,0.0,1103079327.3558948,4032597833.401091,False,0.0,1424718045.8414624,5876111246.291742,False,16.6,0.0
2021-11-01,2022-05-01,854232,6,1335148678,868255156.9053942,939082735.4343773,1367233727.3164442,570494666.0,561472771.4131312,561472771.4131312,18.48,15.44,21.56,True,False,False,765297460.3995526,843634366.2048272,1251128239.1927316,False,1133516642.251986,1436754541.092714,1841304052.189746,False,18.48,765297460.3995526
2022-04-01,2022-05-01,854233,1,428811498,0.0,477104370.781289,1793374707.7063699,238372697.0,235420309.93396077,235420309.93396077,15.77,13.08,18.46,True,False,False,0.0,406379373.0654123,1572875700.6444564,False,0.0,704553796.5764283,2217140997.765467,False,15.77,0.0
2022-02-01,2022-05-01,854233,3,428811498,0.0,575929587.3108132,3691881444.9266224,252895658.0,249763395.45846957,249763395.45846957,16.6,13.81,19.4,True,False,False,0.0,501358224.3458091,3294199359.4420166,False,0.0,662083731.0904217,4961005772.870817,False,16.6,0.0
2021-11-01,2022-05-01,854233,6,428811498,598543912.181718,609590081.9594133,655379102.2631768,257803673.0,254610621.7851513,254610621.7851513,18.48,15.44,21.56,True,False,False,527568575.07520986,547631346.0290586,599724308.8989878,False,735508934.6509173,852524710.3329911,875528251.0458443,False,18.48,527568575.07520986
2022-04-01,2022-05-01,854239,1,8335687231,3227646879.126217,6570166683.482809,7712992316.726878,4001548201.0,3961651861.805089,3961651861.805089,15.77,13.08,18.46,True,False,False,2667572682.072719,5596218314.656685,6764664485.400676,False,3805441922.722723,6456166356.999296,7968753558.188335,False,15.77,2667572682.072719
2022-02-01,2022-05-01,854239,3,8335687231,2843513044.074853,5972707726.1110935,9057425750.031116,3439596090.0,3405302540.251971,3405302540.251971,16.6,13.81,19.4,True,False,False,2413232650.245446,5199361529.734229,8081777963.089265,False,1736259892.6635952,5878746228.817462,10021232564.971329,False,16.6,2413232650.245446
2021-11-01,2022-05-01,854239,6,8335687231,5084654766.203948,5084654766.203948,5084654766.203948,3947026876.0,3907674126.7273626,3907674126.7273626,18.48,15.44,21.56,True,False,False,4481716404.027484,4567850455.766979,4652865883.457909,False,7278581104.560991,7278581104.560991,7278581104.560991,False,18.48,4481716404.027484
2022-05-01,2022-06-01,854231,1,15732363391,7314004499.261151,9966254405.093212,12193549399.442654,14704496724.0,14961072859.027365,14961072859.027365,15.77,13.08,18.46,True,False,True,6044849182.53136,8488876784.591004,10694328113.68238,True,9253836117.301155,11453768436.107687,14360706813.936262,True,15.77,6044849182.53136
2022-03-01,2022-06-01,854231,3,15732363391,5760495535.649992,8910369222.375544,14508316063.190786,17742933078.0,18052526345.872417,18052526345.872417,16.6,13.81,19.4,True,False,True,4888817351.195436,7756654615.4623575,12945509273.496002,True,7913595722.4306965,12056082058.584562,16249560961.129297,True,16.6,4888817351.195436
2021-12-01,2022-06-01,854231,6,15732363391,6541746131.376038,9123575512.662094,11207382791.491936,11828645704.0,12035041628.614466,12035041628.614466,18.48,15.44,21.56,True,False,True,5766025875.117467,8196255297.5551195,10255651844.83844,True,13252048105.352348,13252048105.352348,14830226036.814941,False,18.48,5766025875.117467
2022-05-01,2022-06-01,854232,1,1084476936,0.0,1075550705.9258008,2288563871.0969877,953435340.0,978404778.0310745,978404778.0310745,15.77,13.08,18.46,True,False,False,0.0,916113220.380772,2007180366.017871,False,0.0,1363931639.765699,2876518840.9547386,False,15.77,0.0
2022-03-01,2022-06-01,854232,3,1084476936,0.0,984451475.2075003,4284949443.6831503,692604863.0,710743433.5785768,710743433.5785768,16.6,13.81,19.4,True,False,False,0.0,856984698.1976331,3823383259.5084887,False,0.0,1030557361.3528305,5463585376.565882,False,16.6,0.0
2021-12-01,2022-06-01,854232,6,1084476936,1003320684.0523349,1082955446.516292,1626686676.5720525,769387093.0,789536506.9503703,789536506.9503703,18.48,15.44,21.56,True,False,False,884346917.337409,972883854.9323763,1488548443.9975538,False,1220713292.422395,1330333351.9366422,2012076933.6785934,False,18.48,884346917.337409
2022-05-01,2022-06-01,854233,1,491086245,0.0,647850688.4858642,1814428258.9016228,274710441.0,280163726.5279038,280163726.5279038,15.77,13.08,18.46,True,False,False,0.0,551814598.1260966,1591340675.6131506,False,0.0,929361525.7621925,2441948726.951232,False,15.77,0.0
2022-03-01,2022-06-01,854233,3,491086245,0.0,574746334.2079991,3742028774.1864824,282103408.0,287703451.5462835,287703451.5462835,16.6,13.81,19.4,True,False,False,0.0,500328178.85474735,3338944918.688663,False,0.0,673568433.5559292,4910727165.610434,False,16.6,0.0
2021-12-01,2022-06-01,854233,6,491086245,624511049.1961018,624511049.1961018,681275928.3388436,244789184.0,249648501.72245446,249648501.72245446,18.48,15.44,21.56,True,False,False,550456528.9824281,561035746.15581,623421976.5043089,False,763281780.5967748,833934754.8629576,873150881.2603979,False,18.48,550456528.9824281
2022-05-01,2022-06-01,854239,1,8074507566,5461636784.666341,7274899661.594199,8417725294.838268,4949540990.0,4926143174.792561,4926143174.792561,15.77,13.08,18.46,True,False,False,4513911723.243898,6196483085.558799,7382749134.387314,False,4021232402.740348,7335311097.31722,8847898298.50626,False,15.77,4513911723.243898
2022-03-01,2022-06-01,854239,3,8074507566,2584018034.79548,6330353023.538086,9415071047.458109,4587184430.0,4565499571.983382,4565499571.983382,16.6,13.81,19.4,True,False,False,2193004425.770228,5510698914.050374,8400898424.368016,False,2091790004.7697039,6234276340.923571,10376762677.077438,False,16.6,2193004425.770228
2021-12-01,2022-06-01,854239,6,8074507566,5820756072.302129,5820756072.302129,5820756072.302129,4342974757.0,4322444343.973789,4322444343.973789,18.48,15.44,21.56,True,False,False,5130530817.248542,5229134425.11334,5326457466.642232,False,7695774907.283014,7695774907.283014,7695774907.283014,False,18.48,5130530817.248542
2022-06-01,2022-07-01,854231,1,9305510816,7548856775.87465,10478304355.667953,12492333552.040314,15480777499.0,15324200297.202566,15324200297.202566,15.77,13.08,18.46,True,True,True,6238948952.697777,8925021474.592447,10956376157.149853,True,10126187968.027857,11854688820.917109,13367276022.106148,True,15.77,6238948952.697777
2022-04-01,2022-07-01,854231,3,9305510816,7197043976.945713,10281762000.865736,13366480024.785759,12570026058.0,12442889064.602247,12442889064.602247,15.77,13.08,18.46,True,True,False,6160756008.793254,9017043584.187246,12002778266.737017,True,5676477680.114752,10855157980.009745,14997644316.163612,False,15.77,6160756008.793254
2022-01-01,2022-07-01,854231,6,9305510816,6136335366.7729435,9066887523.37082,14113382850.911434,9747111924.0,9648526726.275602,9648526726.275602,16.6,13.81,19.4,True,False,False,5481588383.13827,8239080692.487062,13041400856.470457,False,6550345515.018785,13266384819.070408,18122501641.676086,False,16.6,5481588383.13827
2022-06-01,2022-07-01,854232,1,1543050651,4763869.67036891,1172981198.4599774,2338533934.97848,997911927.0,1037768466.0226861,1037768466.0226861,15.77,13.08,18.46,True,False,False,3937223.9496878153,999100811.5626673,2051006510.605006,False,0.0,1433126388.5682728,2945713589.7573123,False,15.77,3937223.9496878153
2022-04-01,2022-07-01,854232,3,1543050651,0.0,1099047297.1305828,4338107460.594113,695969916.0,723766910.2688836,723766910.2688836,15.77,13.08,18.46,True,False,False,0.0,963857885.2997384,3895516385.0344596,False,0.0,1257285612.933543,5682732551.006999,False,15.77,0.0
2022-01-01,2022-07-01,854232,6,1543050651,0.0,943534332.5818135,4306660368.394135,564438691.0,586982336.4912271,586982336.4912271,16.6,13.81,19.4,True,False,False,0.0,857389648.0170939,3979547980.112759,False,0.0,1288421416.9615831,5395112242.426969,False,16.6,0.0
2022-06-01,2022-07-01,854233,1,439546705,0.0,506938553.52431256,1781562588.4944034,316570655.0,287550541.4145492,287550541.4145492,15.77,13.08,18.46,True,False,False,0.0,431790996.2269755,1562515905.1138396,False,0.0,766880451.9518292,2279467653.1408687,False,15.77,0.0
2022-04-01,2022-07-01,854233,3,439546705,0.0,574455067.4685469,3756932508.101006,238372697.0,216521010.39117566,216521010.39117566,15.77,13.08,18.46,True,False,False,0.0,503793647.4395108,3373635225.894509,False,0.0,718425836.924766,4987364969.943885,False,15.77,0.0
2022-01-01,2022-07-01,854233,6,439546705,0.0,599438274.4811807,3673951928.437726,275887862.0,250597150.54069817,250597150.54069817,16.6,13.81,19.4,True,False,False,0.0,544709560.0210489,3394896909.7132387,False,0.0,763206426.9960277,4618200712.316478,False,16.6,0.0
2022-06-01,2022-07-01,854239,1,6790652840,5667777406.407955,7514832292.412463,8657657925.656532,5165541075.0,5199675354.188465,5199675354.188465,15.77,13.08,18.46,True,False,False,4684281999.738421,6400848583.049825,7593181568.38121,False,4055510502.235496,7594909375.482791,9164699815.195433,False,15.77,4684281999.738421
2022-04-01,2022-07-01,854239,3,6790652840,2272985496.63698,6071261157.705543,9155979181.625565,4001548201.0,4027990728.8002524,4027990728.8002524,15.77,13.08,18.46,True,False,False,1945702860.9472146,5324459607.740815,8221849561.599398,False,1604626417.167804,5985891281.280385,10469814327.954659,False,15.77,1945702860.9472146
2022-01-01,2022-07-01,854239,6,6790652840,3764103893.1919365,6694656049.789812,9625208206.387688,4289302319.0,4317646347.390187,4317646347.390187,16.6,13.81,19.4,True,False,False,3362474007.788357,6083433952.444002,8894125517.07151,False,2381520345.7105074,6301148669.289546,10328175874.285362,False,16.6,3362474007.788357
2022-07-01,2022-08-01,854231,1,9284253916,7135057362.803797,10239001182.734694,13319761298.033794,12542491149.0,13554744770.314005,13554744770.314005,11.19,9.16,13.25,True,True,True,6246385968.266584,9162001604.327562,12172876571.227894,True,10273678677.094196,12550897940.902557,15002540996.280573,False,11.19,6246385968.266584
2022-05-01,2022-08-01,854231,3,9284253916,6385384083.237856,10217069238.041681,14938650097.258951,14704496724.0,15891237051.869848,15891237051.869848,15.77,13.08,18.46,True,True,True,5465965399.860603,8960308419.347126,13414549259.736204,True,6460001142.686852,11488856636.95168,16943431514.93665,True,15.77,5465965399.860603
2022-02-01,2022-08-01,854231,6,9284253916,4281031340.4843473,8934717697.22095,14938903829.992046,9780814160.0,10570184025.622643,10570184025.622643,16.6,13.81,19.4,True,False,False,3824245296.4546676,8118977971.464676,13804219389.585001,True,6312115824.0481415,12190989226.792545,17794141207.946808,False,16.6,3824245296.4546676
2022-07-01,2022-08-01,854232,1,1374757483,0.0,1053330667.2501483,2230381248.9563274,936180082.0,968158249.5620766,968158249.5620766,11.19,9.16,13.25,True,False,False,0.0,942535027.6847742,2038336501.8961918,False,0.0,1210559531.8718946,2773917480.657695,False,11.19,0.0
2022-05-01,2022-08-01,854232,3,1374757483,0.0,1061271923.4464148,4268260297.422583,953435340.0,986002915.0299988,986002915.0299988,15.77,13.08,18.46,True,False,False,0.0,930729109.2309651,3832795308.838341,False,0.0,1263040308.9785836,5522739183.572154,False,15.77,0.0
2022-02-01,2022-08-01,854232,6,1374757483,0.0,1090313637.9256425,4293768110.184348,542343250.0,560868685.0718617,560868685.0718617,16.6,13.81,19.4,True,False,False,0.0,990768002.7830312,3967634953.375296,False,0.0,1527944018.9747217,5570890580.571749,False,16.6,0.0
2022-07-01,2022-08-01,854233,1,454915049,0.0,517967716.54729027,1675711891.131987,337167156.0,359966358.6473454,359966358.6473454,11.19,9.16,13.25,True,False,False,0.0,463484764.314547,1531426394.4579585,False,0.0,795080784.2759641,2307667985.4650035,False,11.19,0.0
2022-05-01,2022-08-01,854233,3,454915049,0.0,627056736.2703238,3711774760.1903467,274710441.0,293286328.07039016,293286328.07039016,15.77,13.08,18.46,True,False,False,0.0,549924995.3686564,3333084652.056687,False,0.0,707481766.554686,4893513550.646095,False,15.77,0.0
2022-02-01,2022-08-01,854233,6,454915049,0.0,581794434.1912222,3578133451.945196,252895658.0,269996432.06049526,269996432.06049526,16.6,13.81,19.4,True,False,False,0.0,528676602.3495636,3306356325.602699,False,0.0,762666267.0584581,4608639436.001953,False,16.6,0.0
2022-07-01,2022-08-01,854239,1,7995422743,4833360288.148729,7310797536.59266,8453623169.836729,5132813343.0,5079872642.682708,5079872642.682708,11.19,9.16,13.25,True,False,False,4231365264.259805,6541803986.908625,7725732400.421107,False,5247103161.008311,7794414122.146756,9339926235.096556,False,11.19,4231365264.259805
2022-05-01,2022-08-01,854239,3,7995422743,2856122461.562438,6739401210.044923,9824119233.964947,4949540990.0,4898490591.563615,4898490591.563615,15.77,13.08,18.46,True,False,False,2444875100.5669856,5910414424.802137,8821823293.238907,False,2446494226.282082,6719044514.269599,10861530850.423464,False,15.77,2444875100.5669856
2022-02-01,2022-08-01,854239,6,7995422743,2172383868.3312902,5192675604.311329,8123227760.9092045,3439596090.0,3404119517.2815404,3404119517.2815404,16.6,13.81,19.4,True,False,False,1940590509.5803416,4718584321.637704,7506227996.329346,False,1471880479.0900326,6542257547.16446,10334041799.044195,False,16.6,1940590509.5803416
2022-08-01,2022-09-01,854231,1,12739791163,6989975922.887547,10174802086.164318,12397315204.746212,15422237298.0,15824225783.734362,15824225783.734362,11.19,9.16,13.25,True,False,True,6119374421.691903,9104555353.929039,11329856776.356745,True,9176773782.229448,11801213586.154966,13199899415.964912,True,11.19,6119374421.691903
2022-06-01,2022-09-01,854231,3,12739791163,7547062131.345608,10631780155.26563,13716498179.185654,15480777499.0,15884291864.948748,15884291864.948748,15.77,13.08,18.46,True,False,True,6460375749.177417,9324007405.487026,12317086168.952417,True,7431652908.93904,11520061784.233763,15608470659.528486,True,15.77,6460375749.177417
2022-03-01,2022-09-01,854231,6,12739791163,4796326651.603506,9557795421.641844,14177642945.63575,17742933078.0,18205411683.580547,18205411683.580547,16.6,13.81,19.4,True,True,True,4284558597.877412,8685168699.645943,13100780075.699987,True,6521613219.140199,11414497749.395021,17136055909.912,True,16.6,4284558597.877412
2022-08-01,2022-09-01,854232,1,1683571278,57748791.96367335,1200574425.2077425,2625475533.9322176,1198253513.0,1226174499.4928622,1226174499.4928622,11.19,9.16,13.25,True,False,False,50556179.92459784,1074290803.717841,2399411588.558518,False,0.0,1466560333.38373,2931080023.453207,False,11.19,50556179.92459784
2022-06-01,2022-09-01,854232,3,1683571278,0.0,994843662.7271321,4377349108.547783,997911927.0,1021164673.7122337,1021164673.7122337,15.77,13.08,18.46,True,False,False,0.0,872471923.1497185,3930754443.097304,False,0.0,1200156937.3386931,5455729007.262135,False,15.77,0.0
2022-03-01,2022-09-01,854232,6,1683571278,0.0,1081898759.1804886,4335010251.941966,692604863.0,708743527.1598886,708743527.1598886,16.6,13.81,19.4,True,False,False,0.0,983121402.46731,4005744548.255714,False,0.0,1223720009.5368638,5310371213.458741,False,16.6,0.0
2022-08-01,2022-09-01,854233,1,412625795,0.0,607935183.994975,1806057499.1418655,348782673.0,352111204.90460056,352111204.90460056,11.19,9.16,13.25,True,False,False,0.0,543988913.7312795,1650548724.2357545,False,0.0,839556484.8984718,2238242314.708417,False,11.19,0.0
2022-06-01,2022-09-01,854233,3,412625795,0.0,617261576.4537745,3748511740.478685,316570655.0,319591778.4869107,319591778.4869107,15.77,13.08,18.46,True,False,False,0.0,541334698.9805015,3366073578.6680875,False,0.0,663399178.734061,4845103257.802338,False,15.77,0.0
2022-03-01,2022-09-01,854233,6,412625795,0.0,546064636.9637576,3600507583.7601967,282103408.0,284795600.7796699,284795600.7796699,16.6,13.81,19.4,True,False,False,0.0,496208935.6089665,3327031030.235691,False,0.0,640876795.5121083,4370709717.210905,False,16.6,0.0
2022-08-01,2022-09-01,854239,1,8076349029,5347368168.360333,7568253105.891049,8711078739.135118,5828396539.0,5976312787.950464,5976312787.950464,11.19,9.16,13.25,True,False,False,4681353462.991055,6772178834.694794,7961020015.380629,False,3713318325.0725408,7148706087.216987,8547391917.026931,False,11.19,4681353462.991055
2022-06-01,2022-09-01,854239,3,8076349029,2783747789.912862,6793989875.815266,9878707899.735289,5165541075.0,5296635013.87339,5296635013.87339,15.77,13.08,18.46,True,False,False,2382921513.138889,5958288357.150733,8870842604.972696,False,1769652700.1875923,6235436595.360199,10383775505.355263,False,15.77,2382921513.138889
2022-03-01,2022-09-01,854239,6,8076349029,2900948178.7207747,6196809582.425048,9127361739.022923,4587184430.0,4703600516.24076,4703600516.24076,16.6,13.81,19.4,True,False,False,2591417008.051268,5631040867.549641,8434092978.135436,False,1814721364.4385893,5813542124.168109,9468394905.981243,False,16.6,2591417008.051268
2022-09-01,2022-10-01,854231,1,12332135325,7048290233.072003,10376477951.399899,12599029918.555992,13564183498.0,14199009387.797907,14199009387.797907,11.19,9.16,13.25,True,False,True,6170425684.542886,9285017741.603949,11514203046.448648,True,8711868627.549429,11477313047.106106,12875998876.91605,False,11.19,6170425684.542886
2022-07-01,2022-10-01,854231,3,12332135325,5950157181.406456,9034875205.326479,12393543839.846972,12542491149.0,13129500172.073177,13129500172.073177,11.19,9.16,13.25,True,False,True,5335208436.708098,8246293227.655173,11508049919.577585,True,5888765045.204216,10494647237.444431,14821027195.36805,True,11.19,5335208436.708098
2022-04-01,2022-10-01,854231,6,12332135325,5947793953.269543,9670825234.763624,14321820695.034697,12570026058.0,13158323759.680998,13158323759.680998,15.77,13.08,18.46,True,False,True,5343914433.194086,8832026208.026402,13291508914.2339,True,7225976771.485473,12395292498.88935,16562959882.01868,False,15.77,5343914433.194086
2022-09-01,2022-10-01,854232,1,1229896603,0.0,1115417979.356647,2609373571.120887,1253630927.0,1263268849.2687852,1263268849.2687852,11.19,9.16,13.25,True,False,False,0.0,998091623.7800387,2384696069.1530943,True,0.0,1380209810.085926,2997417584.0999913,False,11.19,0.0
2022-07-01,2022-10-01,854232,3,1229896603,0.0,985340997.3488781,4390154717.2988825,936180082.0,943377440.2220831,943377440.2220831,11.19,9.16,13.25,True,False,False,0.0,899338464.4182734,4076486943.057312,False,0.0,1314690121.7385473,5577369247.665922,False,11.19,0.0
2022-04-01,2022-10-01,854232,6,1229896603,0.0,1053393123.0873842,4175809305.347947,695969916.0,701320536.9900811,701320536.9900811,15.77,13.08,18.46,True,False,False,0.0,962027070.5564,3875401583.921216,False,0.0,1200001438.7350922,5149935765.25405,False,15.77,0.0
2022-09-01,2022-10-01,854233,1,520434359,0.0,519949544.38806456,1772998488.9700584,343416372.0,385496405.08959955,385496405.08959955,11.19,9.16,13.25,True,False,False,0.0,465258131.6120616,1620336227.0757806,False,0.0,698117016.9162316,2096802846.7261765,False,11.19,0.0
2022-07-01,2022-10-01,854233,3,520434359,0.0,636455577.0606033,3739175454.9780216,337167156.0,378481450.3610335,378481450.3610335,11.19,9.16,13.25,True,False,False,0.0,580904461.3835998,3472018847.070752,False,0.0,776431577.6361859,5006439612.965714,False,11.19,0.0
2022-04-01,2022-10-01,854233,6,520434359,0.0,601389318.142734,3594826976.0333877,238372697.0,267581353.88202277,267581353.88202277,15.77,13.08,18.46,True,False,False,0.0,549227815.633624,3336215123.377546,False,0.0,700178502.4856458,4420141563.556581,False,15.77,0.0
2022-09-01,2022-10-01,854239,1,7648747856,5163367654.967298,7265018043.8432865,8917272951.566113,5528839173.0,5878102193.896328,5878102193.896328,11.19,9.16,13.25,True,False,False,4520270213.541121,6500839855.883587,8149460081.344464,False,3678361300.35087,7021947862.5862255,8595802284.97572,False,11.19,4520270213.541121
2022-07-01,2022-10-01,854239,3,7648747856,2612124039.831414,6597179501.076124,9681897524.996147,5132813343.0,5457058964.509085,5457058964.509085,11.19,9.16,13.25,True,False,False,2342161020.3148375,6021364479.863198,8990145310.630222,False,1966132819.6097677,6520431866.872891,10941888214.7365,False,11.19,2342161020.3148375
2022-04-01,2022-10-01,854239,6,7648747856,3461145316.4309072,6391697473.028783,9322249629.62666,4001548201.0,4254330524.596723,4254330524.596723,15.77,13.08,18.46,True,False,False,3109735232.453677,5837313592.705631,8651606991.271317,False,2280503107.2589154,6433142733.6146965,10169148073.2312,False,15.77,3109735232.453677
2022-10-01,2022-11-01,854231,1,9884640002,6940886852.710535,9768794358.5154,12817248209.170341,10211091043.0,10078307043.388132,10078307043.388132,6.03,4.67,7.41,True,False,False,6457426319.871836,9215079556.68603,12254596647.284182,False,9235606505.791706,10676489536.36703,13722640317.87483,False,6.03,6457426319.871836
2022-08-01,2022-11-01,854231,3,9884640002,5606944018.239607,9655760664.565079,13374920263.737827,15422237298.0,15221688077.27832,15221688077.27832,11.19,9.16,13.25,True,True,True,5027466353.954543,8812986562.240509,12419308960.734287,True,8753479271.751595,13051385605.218681,17349291938.68577,False,11.19,5027466353.954543
2022-05-01,2022-11-01,854231,6,9884640002,6661625449.654058,9814092920.181705,14655216843.56849,14704496724.0,14513280929.422314,14513280929.422314,15.77,13.08,18.46,True,True,True,5985270617.750682,8962867570.749744,13600920543.842173,True,5554531285.780492,12465717550.989876,17766045562.681625,False,15.77,5985270617.750682
2022-10-01,2022-11-01,854232,1,1233645253,219973316.78461742,1468820961.9032326,2817076875.825526,1332305835.0,1272826133.2386904,1272826133.2386904,6.03,4.67,7.41,True,False,False,204651295.3773017,1385565252.1406336,2693412835.1305375,False,113474105.91471231,1820794832.0460057,3369970355.0548973,False,6.03,204651295.3773017
2022-08-01,2022-11-01,854232,3,1233645253,0.0,1183112122.1306205,4556939201.531861,1198253513.0,1144758467.2564816,1144758467.2564816,11.19,9.16,13.25,True,False,False,0.0,1079847729.8868158,4231355009.460813,False,0.0,1509333664.9303308,6057768256.678023,False,11.19,0.0
2022-05-01,2022-11-01,854232,6,1233645253,0.0,935613131.4769113,4267891641.150077,953435340.0,910870000.8848315,910870000.8848315,15.77,13.08,18.46,True,False,False,0.0,854462726.5182614,3960859516.48574,False,0.0,1298686430.755175,5320468727.661733,False,15.77,0.0
2022-10-01,2022-11-01,854233,1,467728767,0.0,530334768.2698027,1782168792.4177694,313533306.0,335347719.26179934,335347719.26179934,6.03,4.67,7.41,True,False,False,0.0,500274332.93473375,1703935146.7682142,False,0.0,748057544.7953707,2188940575.3706937,False,6.03,0.0
2022-08-01,2022-11-01,854233,3,467728767,0.0,602599678.6189123,3703342877.7262254,348782673.0,373049598.46461725,373049598.46461725,11.19,9.16,13.25,True,False,False,0.0,550003573.4696964,3438746435.7984424,False,0.0,733630897.582672,5113524190.099504,False,11.19,0.0
2022-05-01,2022-11-01,854233,6,467728767,0.0,596462690.7145035,3591528416.59399,274710441.0,293823712.13459885,293823712.13459885,15.77,13.08,18.46,True,False,False,0.0,544728499.235381,3333153862.3042183,False,0.0,716376468.2658408,4514868444.947312,False,15.77,0.0
2022-10-01,2022-11-01,854239,1,7317187936,5076957339.562805,6920185793.254331,8830858341.2153,5547431961.0,5320597359.538299,5320597359.538299,6.03,4.67,7.41,True,False,False,4723326953.032898,6527935822.121089,8443201321.75263,False,5868128128.951356,7645192698.701832,9086075729.277155,False,6.03,4723326953.032898
2022-08-01,2022-11-01,854239,3,7317187936,3053939388.9166374,7386269742.027296,10470987765.947319,5828396539.0,5590073290.444735,5590073290.444735,11.19,9.16,13.25,True,False,False,2738314753.0721025,6741581346.403669,9722856632.045916,False,2204472237.8621674,7125790770.286499,11724733956.876291,False,11.19,2738314753.0721025
2022-05-01,2022-11-01,854239,6,7317187936,4386702518.379998,7317254674.977874,10247806831.575748,4949540990.0,4747154162.044634,4747154162.044634,15.77,13.08,18.46,True,False,False,3941320611.688877,6682592590.743668,9510579608.112188,False,2330576582.7176213,6648501081.3426285,10628077639.369013,False,15.77,3941320611.688877
2022-11-01,2022-12-01,854231,1,9506948455,7477530783.215102,10259726204.336658,12695889951.111511,11167987454.0,12011085993.499634,12011085993.499634,6.03,4.67,7.41,True,True,False,6956690854.041038,9678184403.622448,12138565774.037619,False,9588778738.481314,11327775881.350405,13890444397.31081,False,6.03,6956690854.041038
2022-09-01,2022-12-01,854231,3,9506948455,7055946418.764555,10140664442.684578,13225382466.6046,13564183498.0,14588176705.70842,14588176705.70842,11.19,9.16,13.25,True,True,True,6326714356.385238,9255566968.798183,12280455340.130636,True,7337575920.285127,11635482253.752213,15933388587.2193,True,11.19,6326714356.385238
2022-06-01,2022-12-01,854231,6,9506948455,5357188894.42766,9807233270.143122,14125766628.95314,15480777499.0,16649459050.03908,16649459050.03908,15.77,13.08,18.46,True,True,True,4813273505.976419,8956602892.457258,13109558977.666252,True,7033972107.626042,12412208281.452032,17191810530.320694,True,15.77,4813273505.976419
2022-11-01,2022-12-01,854232,1,933503344,0.0,1062304502.7017006,2582595756.6048527,1732576716.0,1614431414.088556,1614431414.088556,6.03,4.67,7.41,True,True,True,0.0,1002090958.8795627,2469224968.081413,True,0.0,1427435192.1067185,2988188272.38252,False,6.03,0.0
2022-09-01,2022-12-01,854232,3,933503344,0.0,1044567868.0828755,4467384989.626048,1253630927.0,1168145186.0292444,1168145186.0292444,11.19,9.16,13.25,True,True,False,0.0,953395895.420866,4148199266.8872466,False,0.0,1467353241.686119,5995636154.024641,False,11.19,0.0
2022-06-01,2022-12-01,854232,6,933503344,0.0,968155963.5398606,4425129971.6483135,997911927.0,929863796.8319815,929863796.8319815,15.77,13.08,18.46,True,False,False,0.0,884182956.0422308,4106786121.4879336,False,0.0,1150898347.7043178,5202331609.402362,False,15.77,0.0
2022-11-01,2022-12-01,854233,1,389501119,0.0,559799072.5758225,1767094325.322238,372936481.0,342124209.91142124,342124209.91142124,6.03,4.67,7.41,True,False,False,0.0,528068541.5440797,1689522418.6292424,False,0.0,794475784.1403079,2235358814.715631,False,6.03,0.0
2022-09-01,2022-12-01,854233,3,389501119,0.0,600050236.8605871,3792565989.76217,343416372.0,315043072.8206145,315043072.8206145,11.19,9.16,13.25,True,False,False,0.0,547676652.0869213,3521594734.9256425,False,0.0,735903850.5668854,5126564448.700746,False,11.19,0.0
2022-06-01,2022-12-01,854233,6,389501119,0.0,584699817.4132606,3605128581.1016455,316570655.0,290415367.6052306,290415367.6052306,15.77,13.08,18.46,True,False,False,0.0,533985878.74992144,3345775630.977193,False,0.0,684239612.2278756,4374137867.151282,False,15.77,0.0
2022-11-01,2022-12-01,854239,1,7241136951,5392844122.848075,7218697675.772546,8709901714.914158,6339158601.0,6200600978.998991,6200600978.998991,6.03,4.67,7.41,True,False,False,5017210958.315215,6809527454.114407,8327554449.432857,False,5476677473.547272,7524974756.731546,9484622639.45352,False,6.03,5017210958.315215
2022-09-01,2022-12-01,854239,3,7241136951,2998723450.3215046,7334594871.936407,10419312895.85643,5528839173.0,5407993039.237697,5407993039.237697,11.19,9.16,13.25,True,False,False,2688805381.730777,6694416762.324054,9674873828.07328,False,1510139836.9901123,6972283107.738225,11563604899.452875,False,11.19,2688805381.730777
2022-06-01,2022-12-01,854239,6,7241136951,3679563183.7557735,6610115340.353649,9540667496.951525,5165541075.0,5052635698.632286,5052635698.632286,15.77,13.08,18.46,True,False,False,3305977133.7090497,6036786986.308075,8854311877.220833,False,1798416384.815565,6421728445.736798,10729217491.922926,False,15.77,3305977133.7090497
2022-12-01,2023-01-01,854231,1,7572954940,6975177735.045598,9721523957.481037,12978319033.240128,14637149253.0,12860510311.136057,12860510311.136057,6.03,4.67,7.41,True,True,True,6489328705.088732,9170488536.523096,12408596784.318953,True,8040870173.6792345,10843046524.58368,12569813014.837618,False,6.03,6489328705.088732
2022-10-01,2023-01-01,854231,3,7572954940,6489288250.70718,9574006274.627203,12658724298.547226,10211091043.0,8971681532.832323,8971681532.832323,6.03,4.67,7.41,True,False,False,6114220368.392806,9123702463.506388,12197617607.248344,False,5268806282.171752,9420297283.488602,14851374312.9072,False,6.03,6114220368.392806
2022-07-01,2023-01-01,854231,6,7572954940,6122317355.2869,9052869511.884775,13554304287.957008,12542491149.0,11020099198.345396,11020099198.345396,11.19,9.16,13.25,True,True,False,5676153478.020367,8495710657.775827,12871438437.929735,True,5490870324.170002,10675200077.337975,14126542101.93967,False,11.19,5676153478.020367
2022-12-01,2023-01-01,854232,1,1132435511,0.0,1183138969.0240896,2523942843.6411276,991191349.0,1053956541.4935646,1053956541.4935646,6.03,4.67,7.41,True,False,False,0.0,1116076285.9818661,2413146800.6909695,False,0.0,1459595335.978319,2941979281.0709815,False,6.03,0.0
2022-10-01,2023-01-01,854232,3,1132435511,0.0,1240587490.6642728,4572686697.156528,1332305835.0,1416671414.137106,1416671414.137106,6.03,4.67,7.41,True,True,False,0.0,1182237698.6283693,4406122011.525905,False,0.0,1580695604.7159793,5881563574.0398,False,6.03,0.0
2022-07-01,2023-01-01,854232,6,1132435511,0.0,956833935.3514955,4203901509.736066,936180082.0,995461796.9934297,995461796.9934297,11.19,9.16,13.25,True,False,False,0.0,897945590.8002877,3992108951.675563,False,0.0,1129347445.5017698,4778977359.578663,False,11.19,0.0
2022-12-01,2023-01-01,854233,1,446603440,0.0,544640463.7153113,1687466096.9593804,382262505.0,391538525.7286105,391538525.7286105,6.03,4.67,7.41,True,False,False,0.0,513769152.95100003,1613389710.2350576,False,0.0,728081826.8657686,2091462163.931524,False,6.03,0.0
2022-10-01,2023-01-01,854233,3,446603440,0.0,595766124.5350255,3785353380.3408523,313533306.0,321141537.0127848,321141537.0127848,6.03,4.67,7.41,True,False,False,0.0,567744860.633645,3647468098.1085567,False,0.0,669710188.0572287,4886817219.228011,False,6.03,0.0
2022-07-01,2023-01-01,854233,6,446603440,0.0,603775427.1294348,3681966294.417064,337167156.0,345348888.414647,345348888.414647,11.19,9.16,13.25,True,False,False,0.0,566616068.4667538,3496468832.5043325,False,0.0,652121135.574398,4149611100.4139442,False,11.19,0.0
2022-12-01,2023-01-01,854239,1,6435945164,4998876609.964984,7398652585.967323,8761964508.616606,6827858123.0,6991784497.155897,6991784497.155897,6.03,4.67,7.41,True,False,False,4650684858.574483,6979282160.089523,8377331790.617354,False,4012509381.2750154,6477395364.407711,9091680435.52819,False,6.03,4650684858.574483
2022-10-01,2023-01-01,854239,3,6435945164,3109550170.3734646,7057157418.770747,10141875442.69077,5547431961.0,5680617271.951323,5680617271.951323,6.03,4.67,7.41,True,False,False,2929824389.626219,6725231076.736283,9772447487.815315,False,3282237290.044287,7348447046.7220335,11414656803.399778,False,6.03,2929824389.626219
2022-07-01,2023-01-01,854239,6,6435945164,4336754485.385164,7267306641.98304,10197858798.580915,5132813343.0,5256044298.503116,5256044298.503116,11.19,9.16,13.25,True,False,False,4020713502.26272,6820040254.702194,9684090672.308409,False,2133773030.438856,6308862988.4779825,10449242035.4373,False,11.19,4020713502.26272
2023-01-01,2023-02-01,854231,1,8402093288,8253319834.455241,10635240986.91867,12569663481.15131,9392142152.0,8213824393.980403,8213824393.980403,3.18,2.2,4.15,True,False,False,7931357827.713142,10317332363.337698,12309722840.361101,False,8487934914.792455,10622893199.614683,12621234363.682058,False,3.18,7931357827.713142
2022-11-01,2023-02-01,854231,3,8402093288,6389636685.607981,9474354709.528004,13068016589.781927,11167987454.0,9766876000.891718,9766876000.891718,6.03,4.67,7.41,True,False,False,6020328464.453211,9028737910.120064,12592001017.48253,False,5286594153.428582,9352803910.106327,15309630343.827497,False,6.03,6020328464.453211
2022-08-01,2023-02-01,854231,6,8402093288,5018898952.734265,8892563043.268492,12944437528.396126,15422237298.0,13487396898.171099,13487396898.171099,11.19,9.16,13.25,True,True,True,4653146691.553756,8345270250.770533,12292296765.715528,True,4356626178.336352,9810650776.272478,13635762634.69657,True,11.19,4653146691.553756
2023-01-01,2023-02-01,854232,1,910123193,619897766.4684451,883054279.3681787,1233147290.0795212,1133481025.0,1004724462.8409191,1004724462.8409191,3.18,2.2,4.15,True,False,False,595715554.598511,856658020.8493052,1207645804.1206768,False,543666403.7287924,953080106.3857172,1438020021.7003927,False,3.18,595715554.598511
2022-11-01,2023-02-01,854232,3,910123193,0.0,1153155907.8760943,4532238498.120987,1732576716.0,1535766520.9382608,1535766520.9382608,6.03,4.67,7.41,True,True,True,0.0,1098918372.90505,4367147178.588432,True,0.0,1433821265.4892273,5706682249.606683,False,6.03,0.0
2022-08-01,2023-02-01,854232,6,910123193,0.0,826265018.0560994,4479013259.4134445,1198253513.0,1062139189.4903307,1062139189.4903307,11.19,9.16,13.25,True,False,True,0.0,775412537.5198368,4253360571.4041953,True,0.0,1123117083.1042483,5183462534.988324,False,11.19,0.0
2023-01-01,2023-02-01,854233,1,411261754,237410454.09488308,467274718.18953145,817149999.5114561,349602711.0,313069690.6445684,313069690.6445684,3.18,2.2,4.15,True,False,False,228149072.2806417,453306942.31341,800251337.5215592,False,98782327.45488109,508196030.1118058,977669731.0264521,False,3.18,228149072.2806417
2022-11-01,2023-02-01,854233,3,411261754,0.0,569292233.5958781,3762399938.1650133,372936481.0,333965112.5781572,333965112.5781572,6.03,4.67,7.41,True,False,False,0.0,542516142.6809295,3625350758.0174146,False,0.0,661203423.6649228,4838055188.695478,False,6.03,0.0
2022-08-01,2023-02-01,854233,6,411261754,0.0,578241493.4419754,3597510283.312334,348782673.0,312335345.5296737,312335345.5296737,11.19,9.16,13.25,True,False,False,0.0,542653620.728089,3416267715.239059,False,0.0,598236976.4383954,4095597760.6507115,False,11.19,0.0
2023-01-01,2023-02-01,854239,1,6464786877,5526060428.439402,7296459286.499585,7526323550.5942335,5950743962.0,5604633105.047105,5604633105.047105,3.18,2.2,4.15,True,False,False,5310488811.12598,7078353525.50754,7370679179.567945,False,6192691115.216927,8024175392.685402,8433589095.342326,False,3.18,5310488811.12598
2022-11-01,2023-02-01,854239,3,6464786877,2904187536.2835035,7020351158.229708,11143015169.082565,6339158601.0,5970456531.180982,5970456531.180982,6.03,4.67,7.41,True,False,False,2736331305.0613894,6690155961.853532,10737119698.533564,False,2845001410.208481,7200591555.823578,12475585255.188345,False,6.03,2736331305.0613894
2022-08-01,2023-02-01,854239,6,6464786877,3500598735.251011,6475034875.165228,9405587031.763103,5828396539.0,5489401728.660927,5489401728.660927,11.19,9.16,13.25,True,False,False,3245492602.4195933,6076528853.773184,8931733557.102879,False,2052370636.8085876,5737674751.875055,10901911773.05365,False,11.19,3245492602.4195933
2023-02-01,2023-03-01,854231,1,10306921891,8795322117.691446,9025186381.786095,12185802639.534012,10144241332.0,10432946996.481926,10432946996.481926,3.18,2.2,4.15,True,False,False,8452216601.880303,8755405510.461744,11933800240.948448,False,7828260450.32424,9391721588.793875,12326666492.231642,False,3.18,8452216601.880303
2022-12-01,2023-03-01,854231,3,10306921891,6133642934.521387,9218360958.44141,12765155658.887875,14637149253.0,15053723323.243984,15053723323.243984,6.03,4.67,7.41,True,True,True,5779130640.19192,8784784569.122076,12300172098.857225,True,5967627691.8445635,10033837448.522308,15650321453.82534,True,6.03,5779130640.19192
2022-09-01,2023-03-01,854231,6,10306921891,4565984247.003442,9739032965.358362,13252904546.233564,13564183498.0,13950220904.029732,13950220904.029732,11.19,9.16,13.25,True,True,True,4233238145.003066,9139644181.505383,12585223215.194317,True,5209172751.357183,10234616164.199924,14434585657.499132,True,11.19,4233238145.003066
2023-02-01,2023-03-01,854232,1,1066343934,729595465.7287617,1047799142.0750381,1429450127.8478124,1253118831.0,1307153331.974702,1307153331.974702,3.18,2.2,4.15,True,False,False,701133946.6106827,1016478330.120131,1399889099.2039196,True,718041636.8393502,1124710174.6678712,1636072150.6690958,False,3.18,701133946.6106827
2022-12-01,2023-03-01,854232,3,1066343934,0.0,1132082150.7183554,4567499403.386255,991191349.0,1033931533.40128,1033931533.40128,6.03,4.67,7.41,True,False,False,0.0,1078835798.8414683,4401123670.118507,False,0.0,1252298774.9315805,5608808563.5573435,False,6.03,0.0
2022-09-01,2023-03-01,854232,6,1066343934,0.0,919506205.1024258,4428689767.39963,1253630927.0,1307687509.5611615,1307687509.5611615,11.19,9.16,13.25,True,False,True,0.0,862915195.7093971,4205572376.9180365,True,0.0,1250187381.464351,5010090047.317358,False,11.19,0.0
2023-02-01,2023-03-01,854233,1,416151442,276703264.687909,506567528.78255737,831474212.7546507,342698963.0,345043596.73995584,345043596.73995584,3.18,2.2,4.15,True,False,False,265909070.33243367,491425212.21218914,814279326.0348845,False,128029156.70325603,534697694.5317769,973385942.7832725,False,3.18,265909070.33243367
2022-12-01,2023-03-01,854233,3,416151442,0.0,637381019.4032514,3744797310.34426,382262505.0,384877819.49904925,384877819.49904925,6.03,4.67,7.41,True,False,False,0.0,607402440.5366389,3608389323.51766,False,0.0,734697580.5915055,4847167977.269105,False,6.03,0.0
2022-09-01,2023-03-01,854233,6,416151442,0.0,608973619.1403685,3602813090.958123,343416372.0,345765914.01668954,345765914.01668954,11.19,9.16,13.25,True,False,False,0.0,571494337.7503746,3421303367.435653,False,0.0,618999083.2157553,4085231647.4620233,False,11.19,0.0
2023-02-01,2023-03-01,854239,1,7064966768,5921456850.14407,6713937159.665921,8072021672.636409,6186499041.0,6356668164.10367,6356668164.10367,3.18,2.2,4.15,True,False,False,5690460818.41995,6513244150.089188,7905092264.446287,False,6417348947.150302,7431899050.854188,8588105912.866536,False,3.18,5690460818.41995
2022-12-01,2023-03-01,854239,3,7064966768,2933651665.9511747,7206845868.297178,11136718079.508232,6827858123.0,7015668809.1032295,7015668809.1032295,6.03,4.67,7.41,True,False,False,2764092466.9625287,6867879079.727689,10731051986.744066,False,1648701655.389378,6896427449.992079,12625454592.53227,False,6.03,2764092466.9625287
2022-09-01,2023-03-01,854239,6,7064966768,3785257020.5925303,6715809177.190406,9665726763.210505,5528839173.0,5680918355.040664,5680918355.040664,11.19,9.16,13.25,True,False,False,3509406415.2168493,6302484701.380222,9178767448.87996,False,1851635294.9336634,5962517965.185722,10822260531.290182,False,11.19,3509406415.2168493
2023-03-01,2023-04-01,854231,1,7653428861,8345973544.403172,10493423630.714483,11366849247.976917,15893014894.0,15003961605.707094,15003961605.707094,3.18,2.2,4.15,True,True,True,8020397116.436004,10179754211.545166,11131782805.528755,True,8741366431.952284,11044963393.05282,12162127283.629076,True,3.18,8020397116.436004
2023-01-01,2023-04-01,854231,3,7653428861,7899611957.464328,8878844689.85506,12008585645.413597,9392142152.0,8866746881.18185,8866746881.18185,3.18,2.2,4.15,True,False,False,7643901518.401207,8658613826.167894,11802518315.7383,False,7434100283.582957,9586947700.719662,11544570079.947435,False,3.18,7643901518.401207
2022-10-01,2023-04-01,854231,6,7653428861,5409902361.514866,9697729514.589212,13976747162.557781,10211091043.0,9639883872.467201,9639883872.467201,6.03,4.67,7.41,True,True,False,5189421790.771328,9376104315.237862,13617754411.687485,False,6376292208.58886,10534819380.414717,13954214807.412846,False,6.03,5189421790.771328
2023-03-01,2023-04-01,854232,1,974223360,619293766.4971135,958518424.4895642,1240657786.0483804,1182805405.0,1188155698.5719523,1188155698.5719523,3.18,2.2,4.15,True,False,False,595135116.666061,929866391.7447221,1215000983.0328999,True,548132987.0210034,951315266.3564752,1404725004.6680188,False,3.18,595135116.666061
2023-01-01,2023-04-01,854232,3,974223360,152095174.6909374,844993010.231366,1989225660.2084882,1133481025.0,1138608205.021626,1138608205.021626,3.18,2.2,4.15,True,False,True,147171853.88619176,824033803.6055872,1955090547.8793106,True,0.0,964563404.7483532,2546313035.0765767,False,3.18,147171853.88619176
2022-10-01,2023-04-01,854232,6,974223360,0.0,1013955393.4747716,4557117900.033237,1332305835.0,1338332377.7556741,1338332377.7556741,6.03,4.67,7.41,True,True,True,0.0,980327562.8501809,4440068326.770884,True,0.0,1425082553.6605887,5189619347.097962,False,6.03,0.0
2023-03-01,2023-04-01,854233,1,348908224,251894298.98439693,481758563.0790453,832752184.5584099,404453949.0,392701982.2395155,392701982.2395155,3.18,2.2,4.15,True,False,False,242067902.3810156,467357836.11148643,815530869.381742,False,113431572.78701985,516613852.1224917,936345796.3798895,False,3.18,242067902.3810156
2023-01-01,2023-04-01,854233,3,348908224,0.0,562375411.6243645,1326009257.5789154,349602711.0,339444522.5357621,339444522.5357621,3.18,2.2,4.15,True,False,False,0.0,548426251.9144337,1303254938.7188613,False,0.0,645436499.0527623,2134054332.0198317,False,3.18,0.0
2022-10-01,2023-04-01,854233,6,348908224,0.0,591592503.752811,3656857170.623822,313533306.0,304423163.79585797,304423163.79585797,6.03,4.67,7.41,True,False,False,0.0,571972338.365849,3562930794.1963496,False,0.0,678290665.4457502,4097686092.4438787,False,6.03,0.0
2023-03-01,2023-04-01,854239,1,5950118583,5691126427.61382,7247218906.803175,8162632197.787419,6864853896.0,6859698195.026199,6859698195.026199,3.18,2.2,4.15,True,False,False,5469115585.672605,7030585039.2410145,7993828963.937175,False,6010210469.488386,7301986607.990879,8747820832.178265,False,3.18,5469115585.672605
2023-01-01,2023-04-01,854239,3,5950118583,4617565413.687635,7186454631.109116,8357806702.562219,5950743962.0,5946274783.645367,5946274783.645367,3.18,2.2,4.15,True,False,False,4468094821.246567,7008201810.439085,8214386739.546251,False,4098138387.3453126,8207206442.748014,9488299080.44221,False,3.18,4468094821.246567
2022-10-01,2023-04-01,854239,6,5950118583,3702500388.181884,6633052544.779759,9788693463.729046,5547431961.0,5543265681.455422,5543265681.455422,6.03,4.67,7.41,True,False,False,3551604984.8615313,6413067357.132138,9537270872.113165,False,3641595273.454879,7060990700.453007,10480386127.451136,False,6.03,3551604984.8615313
2023-04-01,2023-05-01,854231,1,8835449002,8857952774.694563,10156273708.7222,11968578152.191916,10949323255.0,11506865658.706861,11506865658.706861,0.01,0.0,0.41,False,True,False,8823814224.70089,10155319018.99358,11968578152.191916,False,7447098698.829197,8752411643.918089,10715495403.774366,True,0.0,8857952774.694563
2023-02-01,2023-05-01,854231,3,8835449002,7723391781.241453,8363050611.77992,11951421597.686123,10144241332.0,10660788753.635674,10660788753.635674,3.18,2.2,4.15,True,False,True,7473385589.282667,8155613504.40533,11746335203.06983,True,7189500086.174373,8698675320.130896,12860360953.171227,False,3.18,7473385589.282667
2022-11-01,2023-05-01,854231,6,8835449002,4940805777.1245575,9888555833.627966,14800561452.23109,11167987454.0,11736664295.906904,11736664295.906904,6.03,4.67,7.41,True,True,False,4739443237.677846,9560601879.405695,14420409031.330536,False,5757130243.331585,9980611102.606707,15191874889.878145,False,6.03,4739443237.677846
2023-04-01,2023-05-01,854232,1,1081648632,706320285.5425491,936184549.6371975,1306136861.6558278,1072465024.0,1055504889.2760907,1055504889.2760907,0.01,0.0,0.41,False,False,False,703598127.1620681,936096548.2895316,1306136861.6558278,False,544802708.7601801,934736954.8704258,1364121896.1061926,False,0.0,706320285.5425491
2023-02-01,2023-05-01,854232,3,1081648632,168163949.30869842,873077584.2131327,2064410112.444161,1253118831.0,1233301807.858714,1233301807.858714,3.18,2.2,4.15,True,False,True,162720482.26957583,851421767.8143102,2028984834.9146192,True,0.0,1105762384.0249162,2736581118.736292,False,3.18,162720482.26957583
2022-11-01,2023-05-01,854232,6,1081648632,0.0,1039463145.8632389,4452375940.151458,1732576716.0,1705177468.59772,1705177468.59772,6.03,4.67,7.41,True,True,True,0.0,1004989350.6306846,4338016664.128668,True,0.0,1355135572.9827797,5056533228.2139845,True,6.03,0.0
2023-04-01,2023-05-01,854233,1,388322966,261112855.29696095,490977119.3916093,834523242.8723359,416888521.0,411725109.6996671,411725109.6996671,0.01,0.0,0.41,False,False,False,260106526.35264647,490930967.5423865,834523242.8723359,False,105518335.26282346,495452581.3730691,928095747.2500265,False,0.0,261112855.29696095
2023-02-01,2023-05-01,854233,3,388322966,0.0,606033543.9519852,1327680401.1220753,342698963.0,338454433.325923,338454433.325923,3.18,2.2,4.15,True,False,False,0.0,591001487.9278002,1304897405.4388206,False,0.0,676222701.2874905,2091480910.1806507,False,3.18,0.0
2022-11-01,2023-05-01,854233,6,388322966,0.0,531976602.2650227,3574803187.4019365,372936481.0,368317441.7525706,368317441.7525706,6.03,4.67,7.41,True,False,False,0.0,514333598.2509032,3482984367.533518,False,0.0,675319372.1174111,4110330258.6508446,False,6.03,0.0
2023-04-01,2023-05-01,854239,1,7277117128,5713868181.265386,7300029399.811676,7634577236.984157,6844596355.0,6776354183.691632,6776354183.691632,0.01,0.0,0.41,False,False,False,5691846933.294788,7299343197.048094,7634577236.984157,False,5930404538.98481,6675210987.18727,7901465195.404639,False,0.0,5713868181.265386
2023-02-01,2023-05-01,854239,3,7277117128,5484801371.694588,7754647904.638917,8394306735.177383,6186499041.0,6124818248.523966,6124818248.523966,3.18,2.2,4.15,True,False,False,5307258351.292834,7562301618.012253,8250260431.60174,False,4084679303.0029035,7993095178.260062,9668942230.063616,False,3.18,5307258351.292834
2022-11-01,2023-05-01,854239,6,7277117128,3517657346.9270887,7859732437.57685,12393958399.97397,6339158601.0,6275955758.237133,6275955758.237133,6.03,4.67,7.41,True,False,False,3374295221.753075,7599064411.284614,12075619578.47064,False,2305769336.8959208,6863878811.610794,13135263174.48347,False,6.03,3374295221.753075
2023-05-01,2023-06-01,854231,1,9666064410,8395392278.496218,9570938859.143917,11952120564.728619,12362946187.0,12578665025.240448,12578665025.240448,0.01,0.0,0.41,False,True,True,8363036436.654893,9570039190.891157,11952120564.728619,True,6938166622.616984,8128361530.207958,10753662552.910536,True,0.0,8395392278.496218
2023-03-01,2023-06-01,854231,3,9666064410,7462794411.307427,10645810747.876015,11285469578.414482,15893014894.0,16170329270.137697,16170329270.137697,3.18,2.2,4.15,True,True,True,7221223756.213406,10381752058.085697,11091810920.44889,True,7009555281.353522,10816236424.17668,12041698701.093498,True,3.18,7221223756.213406
2022-12-01,2023-06-01,854231,6,9666064410,4761691438.978618,9234237359.445515,13739093688.70066,14637149253.0,14892550254.043701,14892550254.043701,6.03,4.67,7.41,True,True,True,4567628704.383044,8927983877.419504,13386205067.306385,True,4472801831.936043,9976668655.100063,13843028188.769453,True,6.03,4567628704.383044
2023-05-01,2023-06-01,854232,1,1034193916,569124524.026993,1013081028.6243293,1366950860.8752441,1335148678.0,1370114774.5761895,1370114774.5761895,0.01,0.0,0.41,False,True,True,566931118.111393,1012985799.0076386,1366950860.8752441,True,447669838.0890995,871621455.9316843,1459128216.2133183,True,0.0,569124524.026993
2023-03-01,2023-06-01,854232,3,1034193916,215741973.9174707,855400804.4559371,1976788978.9914966,1182805405.0,1213781796.3963664,1213781796.3963664,3.18,2.2,4.15,True,False,True,208758406.22176215,834183442.902212,1942867280.1120026,True,0.0,1012913443.3156756,2316167617.6002746,False,3.18,208758406.22176215
2022-12-01,2023-06-01,854232,6,1034193916,0.0,1072395082.537607,4478182836.398951,991191349.0,1017149575.979286,1017149575.979286,6.03,4.67,7.41,True,False,False,0.0,1036829099.6252472,4363160710.246044,False,0.0,1501226588.1303918,4923894019.682174,False,6.03,0.0
2023-05-01,2023-06-01,854233,1,342118465,273752325.40738803,503616589.5020364,871289770.477084,428811498.0,437323848.4142391,437323848.4142391,0.01,0.0,0.41,False,True,False,272697283.945268,503569249.54262316,871289770.477084,False,96592174.93906857,486526421.04931426,968643744.4430465,False,0.0,273752325.40738803
2023-03-01,2023-06-01,854233,3,342118465,22599585.609753132,662258416.1482196,1301917246.686686,404453949.0,412482776.94973654,412482776.94973654,3.18,2.2,4.15,True,False,False,21868037.023565423,645831758.3940791,1279576346.7335427,False,0.0,610469483.8398143,1835931760.7566323,False,3.18,21868037.023565423
2022-12-01,2023-06-01,854233,6,342118465,0.0,613191447.4574772,3574434002.8782654,382262505.0,389850809.9031135,389850809.9031135,6.03,4.67,7.41,True,False,False,0.0,592854953.10255,3482624665.514337,False,0.0,631577300.2696017,3930365057.643036,False,6.03,0.0
2023-05-01,2023-06-01,854239,1,6589807926,5968468595.061326,7524307160.866765,7754171424.961413,8335687231.0,8296282189.229056,8296282189.229056,0.01,0.0,0.41,False,True,False,5945466117.09596,7523599875.993643,7754171424.961413,False,6033092831.486984,6730644571.488304,7987072709.944478,False,0.0,5968468595.061326
2023-03-01,2023-06-01,854239,3,6589807926,5666794114.772961,8363771208.287606,9003430038.826073,6864853896.0,6832401880.104143,6832401880.104143,3.18,2.2,4.15,True,False,False,5483359989.27776,8156316227.23724,8848931179.359818,False,4054130481.654099,7541226177.05756,9370172275.069752,False,3.18,5483359989.27776
2022-12-01,2023-06-01,854239,6,6589807926,3510897698.6865387,7201044067.956507,11860984355.518745,6827858123.0,6795580996.101296,6795580996.101296,6.03,4.67,7.41,True,False,False,3367811062.9765687,6962221441.442729,11556334972.347246,False,2011902922.7994545,5982745994.532188,11563153782.330275,False,6.03,3367811062.9765687
2023-06-01,2023-07-01,854231,1,9698551118,8122841531.13715,9057068701.304495,11490264455.573235,15732363391.0,15573241574.438637,15573241574.438637,0.01,0.0,0.41,False,True,True,8091536099.876147,9056217336.846571,11490264455.573235,True,6816119108.071933,8218104268.656392,10314950181.8326,True,0.0,8122841531.13715
2023-04-01,2023-07-01,854231,3,9698551118,7858247098.425993,10233331909.100876,11761634011.660885,10949323255.0,10838578533.2343,10838578533.2343,0.01,0.0,0.41,False,False,False,7833116424.205226,10232533709.211966,11761634011.660885,False,5947372414.590827,8495813275.452719,11675333118.960434,True,0.0,7858247098.425993
2023-01-01,2023-07-01,854231,6,9698551118,8951349921.292519,10575827030.737755,13224932021.899,9392142152.0,9297147224.442978,9297147224.442978,3.18,2.2,4.15,True,False,False,8747035359.339018,10390855815.970152,13064910344.434023,False,7630850641.959641,9550193897.736269,12402685849.148252,False,3.18,8747035359.339018
2023-06-01,2023-07-01,854232,1,1043712741,716185347.2769281,946049611.3715764,1330673781.995774,1084476936.0,1127790875.9874985,1127790875.9874985,0.01,0.0,0.41,False,False,False,713425168.9485228,945960682.7081075,1330673781.995774,False,525260705.9041132,915194952.0143588,1528680564.6964796,False,0.0,716185347.2769281
2023-04-01,2023-07-01,854232,3,1043712741,151161248.78312337,1001015825.8549644,1973895359.795418,1072465024.0,1115299208.9846656,1115299208.9846656,0.01,0.0,0.41,False,False,False,150677835.10951495,1000937746.6205477,1973895359.795418,False,0.0,1047918928.0429322,2580572243.6070547,False,0.0,151161248.78312337
2023-01-01,2023-07-01,854232,6,1043712741,0.0,881917848.7544739,2684665674.2359996,1133481025.0,1178752185.1916616,1178752185.1916616,3.18,2.2,4.15,True,False,True,0.0,866493105.5797582,2652181219.577744,True,0.0,938328808.1457775,2575243541.6302576,True,3.18,0.0
2023-06-01,2023-07-01,854233,1,388962935,277990665.85536444,507854929.9500128,819168695.2984321,491086245.0,446068242.2727651,446068242.2727651,0.01,0.0,0.41,False,False,False,276919289.8291579,507807191.5865975,819168695.2984321,False,85882443.18171236,475816689.29195803,969793407.9016218,False,0.0,277990665.85536444
2023-04-01,2023-07-01,854233,3,388962935,0.0,618325462.003099,1369836840.6432316,416888521.0,378672242.7669762,378672242.7669762,0.01,0.0,0.41,False,False,False,0.0,618277232.6170627,1369836840.6432316,False,0.0,616133973.6265439,1914706786.0746837,False,0.0,0.0
2023-01-01,2023-07-01,854233,6,388962935,0.0,626268693.7082336,2250745803.15347,349602711.0,317554540.3222676,317554540.3222676,3.18,2.2,4.15,True,False,False,0.0,615315254.2552766,2223511778.935313,False,0.0,569235794.5509316,2123323600.8062394,False,3.18,0.0
2023-06-01,2023-07-01,854239,1,6191500751,6105005180.3285885,7383115718.685275,8042522447.922971,8074507566.0,8127864511.877585,8127864511.877585,0.01,0.0,0.41,False,True,False,6081476490.363602,7382421705.807718,8042522447.922971,False,5556445511.583316,6746118712.291403,8022685293.962601,False,0.0,6105005180.3285885
2023-04-01,2023-07-01,854239,3,6191500751,4815999386.271564,8230126635.380449,8869785465.918915,6844596355.0,6889825956.221189,6889825956.221189,0.01,0.0,0.41,False,False,False,4800597820.234267,8229484685.50289,8869785465.918915,False,3631465443.062358,7132177716.8861,9066807666.178997,False,0.0,4815999386.271564
2023-01-01,2023-07-01,854239,6,6191500751,5325123045.988291,6949600155.433527,8574077264.878763,5950743962.0,5990066920.20104,5990066920.20104,3.18,2.2,4.15,True,False,False,5203577112.463608,6828051648.714994,8470330929.97373,False,4453807964.220121,7491980428.367408,8966645092.686588,False,3.18,5203577112.463608
2023-07-01,2023-08-01,854231,1,8783937860,7628562578.500223,8560567884.136057,11418890834.864374,9305510816.0,10056520875.30737,10056520875.30737,0.0,0.0,0.44,False,False,False,7597010843.675546,8560567884.136057,11418890834.864374,False,6410277242.033088,8474359569.299062,10061379164.439878,False,0.0,7628562578.500223
2023-05-01,2023-08-01,854231,3,8783937860,7870152863.942375,11538226323.19369,12391550616.463581,12362946187.0,13360709462.192638,13360709462.192638,0.01,0.0,0.41,False,True,False,7844984115.0834875,11537326341.54048,12391550616.463581,False,5264663806.009079,9150586279.76594,10344354694.503899,True,0.0,7870152863.942375
2023-02-01,2023-08-01,854231,6,8783937860,8347042533.845694,9971519643.29093,13498823418.372553,10144241332.0,10962941931.570995,10962941931.570995,3.18,2.2,4.15,True,False,False,8156521288.010666,9797117764.72977,13335487655.010244,False,6957875994.32644,8808996128.042223,12149107306.258305,False,3.18,8156521288.010666
2023-07-01,2023-08-01,854232,1,976700983,576606203.48068,918821947.2384514,1332341566.7317865,1543050651.0,1595758386.6410253,1595758386.6410253,0.0,0.0,0.44,False,True,True,574221360.2230839,918821947.2384514,1332341566.7317865,True,403618593.01116526,895137196.7999057,1483668705.9510033,True,0.0,576606203.48068
2023-05-01,2023-08-01,854232,3,976700983,131406031.98964405,1091607874.7923121,1731266705.3307786,1335148678.0,1380754869.5504084,1380754869.5504084,0.01,0.0,0.41,False,True,True,130985795.49934116,1091522729.3780782,1731266705.3307786,True,0.0,1114925563.8956141,2383143916.6207523,False,0.0,131406031.98964405
2023-02-01,2023-08-01,854232,6,976700983,0.0,886425452.399627,2833133193.067792,1253118831.0,1295923035.7928462,1295923035.7928462,3.18,2.2,4.15,True,True,True,0.0,870921871.2371575,2798852281.4316716,True,0.0,1034638701.2585924,2592490548.4810543,True,3.18,0.0
2023-07-01,2023-08-01,854233,1,396057929,212807788.02512437,442672052.11977273,816989243.9618983,439546705.0,469268800.4708529,469268800.4708529,0.0,0.0,0.44,False,False,False,211927615.01385245,442672052.11977273,816989243.9618983,False,50114554.87175917,449226088.16887206,1001951734.1640484,False,0.0,212807788.02512437
2023-05-01,2023-08-01,854233,3,396057929,36894844.722099185,676553675.2605656,1316212505.7990322,428811498.0,457807680.06114286,457807680.06114286,0.01,0.0,0.41,False,False,False,36776855.00867791,676500904.0738953,1316212505.7990322,False,0.0,618576213.5398915,1812344628.2778509,False,0.0,36894844.722099185
2023-02-01,2023-08-01,854233,6,396057929,0.0,668739084.2016927,2331617013.8353677,342698963.0,365872225.7731751,365872225.7731751,3.18,2.2,4.15,True,False,False,0.0,657042837.6190051,2303404447.96796,False,0.0,585391808.2976906,2098333266.593068,False,3.18,0.0
2023-07-01,2023-08-01,854239,1,6174216137,5873016209.603163,7191238366.556724,7421102630.651372,6790652840.0,6720612904.21089,6720612904.21089,0.0,0.0,0.44,False,False,False,5848725414.560244,7191238366.556724,7421102630.651372,False,5522518383.825893,7163635312.268298,7562746845.565411,False,0.0,5873016209.603163
2023-05-01,2023-08-01,854239,3,6174216137,5321313803.811869,8489517185.690254,9129176016.228722,8335687231.0,8249711550.579656,8249711550.579656,0.01,0.0,0.41,False,True,False,5304296242.267278,8488855003.349771,9129176016.228722,False,3886831965.5204215,7398444062.621075,8592212477.359034,False,0.0,5321313803.811869
2023-02-01,2023-08-01,854239,6,6174216137,6713969433.188696,8338446542.633932,10061543369.882328,6186499041.0,6122690449.131087,6122690449.131087,3.18,2.2,4.15,True,False,False,6560723080.876164,8192607112.603265,9939798695.106752,False,5040199339.637165,7825035906.072079,9691859928.792608,False,3.18,6560723080.876164
2023-08-01,2023-09-01,854231,1,10006843639,7787763817.797881,8448124739.046484,11634021368.544336,9284253916.0,9526252732.433084,9526252732.433084,0.0,0.0,0.44,False,False,False,7755553626.647469,8448124739.046484,11634021368.544336,False,6508824510.655751,7617296689.421697,10148179049.174635,True,0.0,7787763817.797881
2023-06-01,2023-09-01,854231,3,10006843639,8076818123.913968,9306684726.695486,12386656498.524975,15732363391.0,16142435471.617702,16142435471.617702,0.01,0.0,0.41,False,True,True,8050988459.553691,9305958805.286804,12386656498.524975,True,5430007141.219893,7951883626.658417,11977111852.131914,True,0.0,8076818123.913968
2023-03-01,2023-09-01,854231,6,10006843639,6304523509.181961,10157424655.963104,12869381134.226284,15893014894.0,16307274438.03005,16307274438.03005,3.18,2.2,4.15,True,True,True,6160622760.084883,9979771298.73031,12713661622.502146,True,7313711564.344077,11099112968.886583,12566968024.929428,True,3.18,6160622760.084883
2023-08-01,2023-09-01,854232,1,872745635,563944658.3194442,903947192.2908641,1344417073.1616268,1374757483.0,1406791259.4065495,1406791259.4065495,0.0,0.0,0.44,False,True,True,561612183.2126349,903947192.2908641,1344417073.1616268,True,391909726.24234986,857394370.9568481,1448788436.7831185,True,0.0,563944658.3194442
2023-06-01,2023-09-01,854232,3,872745635,160639474.17639518,1012002412.3450615,1741335247.4014904,1084476936.0,1109746768.7635753,1109746768.7635753,0.01,0.0,0.41,False,True,False,160125749.13797906,1011923476.1568986,1741335247.4014904,False,0.0,1006043504.7220227,2375171470.683226,False,0.0,160639474.17639518
2023-03-01,2023-09-01,854232,6,872745635,0.0,873742644.2007903,2831229728.516531,1182805405.0,1210366428.9222302,1210366428.9222302,3.18,2.2,4.15,True,True,True,0.0,858460885.3537184,2796971848.801481,True,0.0,940940827.9364699,2630628929.1350775,True,3.18,0.0
2023-08-01,2023-09-01,854233,1,357352561,252173471.33795315,482037735.4326015,814837150.2780269,454915049.0,459256432.2500774,459256432.2500774,0.0,0.0,0.44,False,True,False,251130481.86049938,482037735.4326015,814837150.2780269,False,64261599.11666765,463373132.41378057,945389158.2080991,False,0.0,252173471.33795315
2023-06-01,2023-09-01,854233,3,357352561,0.0,597510377.4684165,1237169208.006883,491086245.0,495772820.2255789,495772820.2255789,0.01,0.0,0.41,False,True,False,0.0,597463771.6589739,1237169208.006883,False,0.0,575738065.0273776,1748868822.8272302,False,0.0,0.0
2023-03-01,2023-09-01,854233,6,357352561,0.0,654562026.7029082,2279039136.1481442,404453949.0,408313767.67048824,408313767.67048824,3.18,2.2,4.15,True,False,False,0.0,643113736.8558743,2251462762.600752,False,0.0,571563041.534602,2056340218.6539009,False,3.18,0.0
2023-08-01,2023-09-01,854239,1,5893738153,6345728907.260014,6948615076.072084,7291131676.375948,7995422743.0,8198334973.319988,8198334973.319988,0.0,0.0,0.44,False,True,False,6319482972.499586,6948615076.072084,7291131676.375948,False,5679670398.501995,6562146001.608684,7418543422.026989,False,0.0,6345728907.260014
2023-06-01,2023-09-01,854239,3,5893738153,4997376672.61405,8266456274.914344,8906115105.45281,8074507566.0,8279426854.399993,8279426854.399993,0.01,0.0,0.41,False,True,False,4981395062.01503,8265811491.324901,8906115105.45281,False,4242255621.391337,7111392539.197888,8284523296.997742,False,0.0,4997376672.61405
2023-03-01,2023-09-01,854239,6,5893738153,4906896565.934037,7585115695.1895275,10126736886.272161,6864853896.0,7039073929.090528,7039073929.090528,3.18,2.2,4.15,True,False,False,4794896651.816593,7452452021.680663,10004203369.948269,False,4330027513.831965,7746038016.719786,9829609637.199547,False,3.18,4794896651.816593
2023-09-01,2023-10-01,854231,1,9666009873,7532943652.986562,9095432133.271477,10941068797.45485,12739791163.0,13336034148.217907,13336034148.217907,0.0,0.0,0.44,False,True,True,7501787398.037809,9095432133.271477,10941068797.45485,True,7555573176.043559,8388629846.199755,10801241797.791304,True,0.0,7532943652.986562
2023-07-01,2023-10-01,854231,3,9666009873,6593723348.794784,9124100210.863409,11604797323.444862,9305510816.0,9741023885.007233,9741023885.007233,0.0,0.0,0.44,False,False,False,6571093690.26172,9124100210.863409,11604797323.444862,False,4623369422.662113,6756122184.646809,10160303359.165379,True,0.0,6593723348.794784
2023-04-01,2023-10-01,854231,6,9666009873,7433097728.584236,11193221475.188982,13749285804.51227,10949323255.0,11461769424.654457,11461769424.654457,0.01,0.0,0.41,False,False,False,7416336093.206279,11192605848.007847,13749285804.51227,False,8064653278.183231,9527082072.114157,13229308140.940592,False,0.0,7433097728.584236
2023-09-01,2023-10-01,854232,1,762715927,594709301.4741404,824573565.5687888,1387093610.2282817,1683571278.0,1696514584.3287241,1696514584.3287241,0.0,0.0,0.44,False,True,True,592249583.8032434,824573565.5687888,1387093610.2282817,True,411197953.59731483,810309486.8944278,1463342213.4962468,True,0.0,594709301.4741404
2023-07-01,2023-10-01,854232,3,762715927,196516074.02948856,992336406.7790452,1917184092.699171,1543050651.0,1554913633.885023,1554913633.885023,0.0,0.0,0.44,False,True,True,195841630.86341935,992336406.7790452,1917184092.699171,True,0.0,1065008453.5329156,2567105527.1178284,True,0.0,196516074.02948856
2023-04-01,2023-10-01,854232,6,762715927,0.0,816214084.6898438,2821112596.3795204,1072465024.0,1080710141.6934812,1080710141.6934812,0.01,0.0,0.41,False,True,True,0.0,816169192.9151858,2821112596.3795204,True,0.0,795628659.7544537,2659272197.5383797,True,0.0,0.0
2023-09-01,2023-10-01,854233,1,346949386,269317109.44963807,499181373.54428643,820505388.1839849,412625795.0,463186305.5723449,463186305.5723449,0.0,0.0,0.44,False,True,False,268203213.88495436,499181373.54428643,820505388.1839849,False,63982955.85302493,463094489.15013784,909240493.6022561,False,0.0,269317109.44963807
2023-07-01,2023-10-01,854233,3,346949386,0.0,581701513.7308925,1350489726.7009797,439546705.0,493405930.70641,493405930.70641,0.0,0.0,0.44,False,True,False,0.0,581701513.7308925,1350489726.7009797,False,0.0,572032490.7839054,1876739337.7768319,False,0.0,0.0
2023-04-01,2023-10-01,854233,6,346949386,0.0,624399578.1220169,2290858056.9809513,416888521.0,467971358.5950411,467971358.5950411,0.01,0.0,0.41,False,True,False,0.0,624365236.1452202,2290858056.9809513,False,0.0,587525795.6521187,2081322250.4730902,False,0.0,0.0
2023-09-01,2023-10-01,854239,1,5532946180,6179286749.38649,7328116098.037018,7557980362.131666,8076349029.0,8586541127.452935,8586541127.452935,0.0,0.0,0.44,False,True,False,6153729219.391027,7328116098.037018,7557980362.131666,False,5980714952.939189,6774256133.222529,7744148072.6714325,True,0.0,6179286749.38649
2023-07-01,2023-10-01,854239,3,5532946180,4788319604.936619,7523017806.571815,8162676637.110281,6790652840.0,7219626056.717698,7219626056.717698,0.0,0.0,0.44,False,True,False,4771886092.052476,7523017806.571815,8162676637.110281,False,3455314072.3878794,7102663032.798689,8275793790.598542,False,0.0,4788319604.936619
2023-04-01,2023-10-01,854239,6,5532946180,5506847053.82914,8187163421.049453,9820902137.119808,6844596355.0,7276977244.543247,7276977244.543247,0.01,0.0,0.41,False,True,False,5494429113.722755,8186713127.061295,9820902137.119808,False,4647346946.548638,7069010789.010977,9782737037.799467,False,0.0,5506847053.82914
2023-10-01,2023-11-01,854231,1,9604501026,8117228298.819329,8347092562.913978,11326829986.63113,12332135325.0,12171769479.14547,12171769479.14547,0.0,0.0,0.0,False,True,True,8117228298.819329,8347092562.913978,11326829986.63113,True,6749453694.736984,7908338341.133767,10507663104.988256,True,0.0,8117228298.819329
2023-08-01,2023-11-01,854231,3,9604501026,7380325370.668353,8556430335.4118805,12044672277.730206,9284253916.0,9163522413.0502,9163522413.0502,0.0,0.0,0.44,False,False,False,7354996093.99622,8556430335.4118805,12044672277.730206,False,5362121478.083945,6582644958.731267,9699189689.573536,True,0.0,7380325370.668353
2023-05-01,2023-11-01,854231,6,9604501026,6936423718.301457,10143807201.786278,13149055334.462389,12362946187.0,12202179679.798841,12202179679.798841,0.01,0.0,0.41,False,True,False,6920782082.816688,10143249292.390179,13149055334.462389,False,6083548924.276189,7502908563.657083,10390691010.427853,True,0.0,6936423718.301457
2023-10-01,2023-11-01,854232,1,679709775,542505455.9040657,791368562.2574505,1245563316.6971045,1229896603.0,1174988877.444863,1174988877.444863,0.0,0.0,0.0,False,True,True,542505455.9040657,791368562.2574505,1245563316.6971045,True,352190061.08511156,766702631.0586154,1374183109.9315333,True,0.0,542505455.9040657
2023-08-01,2023-11-01,854232,3,679709775,161332466.14098823,1004939285.2098879,1964663345.0879662,1374757483.0,1313382562.2161632,1313382562.2161632,0.0,0.0,0.44,False,True,True,160778773.11719236,1004939285.2098879,1964663345.0879662,True,0.0,1049872858.6908205,2567875964.8647246,True,0.0,161332466.14098823
2023-05-01,2023-11-01,854232,6,679709775,0.0,889394219.029017,2925171153.2481694,1335148678.0,1275542059.8435564,1275542059.8435564,0.01,0.0,0.41,False,True,True,0.0,889345302.3469703,2925171153.2481694,True,0.0,800809310.0644621,2615634120.172623,True,0.0,0.0
2023-10-01,2023-11-01,854233,1,330048368,253147716.46996206,483011980.5646104,840803730.189019,520434359.0,556644133.0992966,556644133.0992966,0.0,0.0,0.0,False,True,False,253147716.46996206,483011980.5646104,840803730.189019,False,60132171.59692411,453900570.988038,984947222.2596177,False,0.0,253147716.46996206
2023-08-01,2023-11-01,854233,3,330048368,0.0,588387049.4379824,1296250750.1089869,454915049.0,486566247.41493875,486566247.41493875,0.0,0.0,0.44,False,True,False,0.0,588387049.4379824,1296250750.1089869,False,0.0,565841811.1192014,1914526771.214588,False,0.0,0.0
2023-05-01,2023-11-01,854233,6,330048368,0.0,661510919.4890177,2299503388.1622972,428811498.0,458646514.08847654,458646514.08847654,0.01,0.0,0.41,False,True,False,0.0,661474536.3884459,2299503388.1622972,False,0.0,588145761.6655803,2078422594.5021622,False,0.0,0.0
2023-10-01,2023-11-01,854239,1,5105571743,6247021530.513641,6755438817.395699,6985303081.490347,7648747856.0,7335990406.464008,7335990406.464008,0.0,0.0,0.0,False,True,False,6247021530.513641,6755438817.395699,6985303081.490347,False,5563054241.077657,6477081926.448105,7055613805.4049835,False,0.0,6247021530.513641
2023-08-01,2023-11-01,854239,3,5105571743,4860431683.238274,7371831088.759229,8563050230.255043,7995422743.0,7668489750.549328,7668489750.549328,0.0,0.0,0.44,False,True,False,4843750681.7014,7371831088.759229,8563050230.255043,False,4149971016.1245646,7028381069.829899,8201511827.629751,False,0.0,4860431683.238274
2023-05-01,2023-11-01,854239,6,5105571743,5257852823.371836,7794744480.850756,9613727949.651608,8335687231.0,7994840816.9752245,7994840816.9752245,0.01,0.0,0.41,False,True,False,5245996365.255132,7794315769.904308,9613727949.651608,False,4278246131.9529753,6122515993.281133,8374738578.050941,True,0.0,5257852823.371836
2023-11-01,2023-12-01,854231,1,11510211113,7024149010.657083,8044719336.2426605,11420706101.279818,9884640002.0,10630855520.551733,10630855520.551733,0.0,0.0,0.0,False,False,True,7024149010.657083,8044719336.2426605,11420706101.279818,True,6198257786.404363,7699300123.869334,9845526664.244318,True,0.0,7024149010.657083
2023-09-01,2023-12-01,854231,3,11510211113,7927573345.647911,8842072402.708986,11446060699.108395,12739791163.0,13701548987.97039,13701548987.97039,0.0,0.0,0.44,False,False,True,7900365913.925648,8842072402.708986,11446060699.108395,True,5423020248.354219,7721772876.909789,11131805310.280396,True,0.0,7927573345.647911
2023-06-01,2023-12-01,854231,6,11510211113,8344341755.046579,9968818864.491816,12501061604.646627,15732363391.0,16920037773.019379,16920037773.019379,0.01,0.0,0.41,False,True,True,8325525264.388949,9968270579.454268,12501061604.646627,True,7595729415.041744,9015089054.422638,11259906484.750227,True,0.0,8344341755.046579
2023-11-01,2023-12-01,854232,1,730545773,509256166.4116943,779741328.9105864,1233565097.7597642,1233645253.0,1149522345.4708047,1149522345.4708047,0.0,0.0,0.0,False,True,True,509256166.4116943,779741328.9105864,1233565097.7597642,True,361783377.97130704,772789480.7274845,1323788144.2462397,True,0.0,509256166.4116943
2023-09-01,2023-12-01,854232,3,730545773,204278383.62545013,987260557.3001438,1709726924.305092,1683571278.0,1568767682.238907,1568767682.238907,0.0,0.0,0.44,False,True,True,203577300.2128476,987260557.3001438,1709726924.305092,True,0.0,1020851990.813067,2340341425.92562,True,0.0,204278383.62545013
2023-06-01,2023-12-01,854232,6,730545773,0.0,938679038.8443819,2905158252.1059895,1084476936.0,1010525893.1188964,1010525893.1188964,0.01,0.0,0.41,False,True,False,0.0,938627411.4972454,2905158252.1059895,False,0.0,766689636.0456611,2599688596.8221097,True,0.0,0.0
2023-11-01,2023-12-01,854233,1,359836529,249807834.04886556,479672098.1435139,810280643.7498287,467728767.0,429084691.4027653,429084691.4027653,0.0,0.0,0.0,False,False,False,249807834.04886556,479672098.1435139,810280643.7498287,False,51731422.040887184,448057127.06088895,935651338.1319574,False,0.0,249807834.04886556
2023-09-01,2023-12-01,854233,3,359836529,0.0,584733490.7989427,1224392321.337409,412625795.0,378534365.22196144,378534365.22196144,0.0,0.0,0.44,False,False,False,0.0,584733490.7989427,1224392321.337409,False,0.0,568616142.4315796,1762384557.169539,False,0.0,0.0
2023-06-01,2023-12-01,854233,6,359836529,0.0,613234261.2842652,2297787361.1272697,491086245.0,450512358.34713537,450512358.34713537,0.01,0.0,0.41,False,True,False,0.0,613200533.3998945,2297787361.1272697,False,0.0,593323964.3218282,2034211428.171398,False,0.0,0.0
2023-11-01,2023-12-01,854239,1,4321936772,6244138390.39388,7205228388.372086,7711251916.528442,7317187936.0,7157253120.678185,7157253120.678185,0.0,0.0,0.0,False,True,False,6244138390.39388,7205228388.372086,7711251916.528442,False,5596552051.683976,6657343534.44548,8128551458.809825,False,0.0,6244138390.39388
2023-09-01,2023-12-01,854239,3,4321936772,4742295733.337941,8192148355.629326,8831807186.167793,8076349029.0,7899820914.412069,7899820914.412069,0.0,0.0,0.44,False,True,False,4726020174.381125,8192148355.629326,8831807186.167793,False,3916293778.456381,7421197183.858072,8614965598.596031,False,0.0,4742295733.337941
2023-06-01,2023-12-01,854239,6,4321936772,6095563377.128041,7720040486.573277,9621492018.13744,8074507566.0,7898019701.033564,7898019701.033564,0.01,0.0,0.41,False,True,False,6081817881.712618,7719615884.346516,9621492018.13744,False,5185325500.9849825,6604685140.365876,8555379718.810211,False,0.0,6095563377.128041
2023-12-01,2024-01-01,854231,1,9282796932,7251177981.035967,9317989390.8749,10751432056.695845,9506948455.0,8353006894.966756,8353006894.966756,0.0,0.0,0.0,False,False,False,7251177981.035967,9317989390.8749,10751432056.695845,False,6696942905.909027,8850340299.032118,9698172839.537046,False,0.0,7251177981.035967
2023-10-01,2024-01-01,854231,3,9282796932,8286337382.816428,8944873855.51612,11526008490.427563,12332135325.0,10835276102.208351,10835276102.208351,0.0,0.0,0.0,False,False,False,8286337382.816428,8944873855.51612,11526008490.427563,False,5644125563.447563,7554107625.43167,11228484112.703608,True,0.0,8286337382.816428
2023-07-01,2024-01-01,854231,6,9282796932,5967314580.712749,8127527129.450609,11565636462.776299,9305510816.0,8176019505.644382,8176019505.644382,0.0,0.0,0.44,False,False,False,5952873679.4274235,8127527129.450609,11565636462.776299,False,4992684478.660401,6468691730.50558,9996017906.536379,True,0.0,5967314580.712749
2023-12-01,2024-01-01,854232,1,743950979,480093783.0181925,741800227.6794689,1240922897.6428964,933503344.0,992615559.9597726,992615559.9597726,0.0,0.0,0.0,False,True,True,480093783.0181925,741800227.6794689,1240922897.6428964,True,369874581.6126958,790406117.2956893,1430191137.4015307,True,0.0,480093783.0181925
2023-10-01,2024-01-01,854232,3,743950979,98659068.51289523,834338710.9334371,1725322672.918293,1229896603.0,1307777324.126508,1307777324.126508,0.0,0.0,0.0,False,True,True,98659068.51289523,834338710.9334371,1725322672.918293,True,0.0,909144493.0515809,2260810887.6500454,True,0.0,98659068.51289523
2023-07-01,2024-01-01,854232,6,743950979,0.0,781324918.9451929,2828705000.051461,1543050651.0,1640761220.442566,1640761220.442566,0.0,0.0,0.44,False,True,True,0.0,781324918.9451929,2828705000.051461,True,0.0,804742062.7545178,2555485394.2906904,True,0.0,0.0
2023-12-01,2024-01-01,854233,1,432261537,162210503.7245716,406823613.0008774,820943035.6217443,389501119.0,398952792.67032504,398952792.67032504,0.0,0.0,0.0,False,False,False,162210503.7245716,406823613.0008774,820943035.6217443,False,0.0,399869186.977553,1011154913.2595977,False,0.0,162210503.7245716
2023-10-01,2024-01-01,854233,3,432261537,0.0,562634678.4590794,1202293508.9975457,520434359.0,533063271.95594144,533063271.95594144,0.0,0.0,0.0,False,False,False,0.0,562634678.4590794,1202293508.9975457,False,0.0,582797528.1770545,1781164002.0737586,False,0.0,0.0
2023-07-01,2024-01-01,854233,6,432261537,0.0,622641239.5001998,2340281725.2060833,439546705.0,450212789.9375548,450212789.9375548,0.0,0.0,0.44,False,False,False,0.0,622641239.5001998,2340281725.2060833,False,0.0,581285956.8933965,2068065395.8690023,False,0.0,0.0
2023-12-01,2024-01-01,854239,1,5000232279,6168513941.038548,6578834378.974649,6808698643.069298,7241136951.0,7414985514.306435,7414985514.306435,0.0,0.0,0.0,False,True,False,6168513941.038548,6578834378.974649,6808698643.069298,False,5579642344.772956,6570182643.7001705,6971851482.626171,False,0.0,6168513941.038548
2023-10-01,2024-01-01,854239,3,5000232279,4732136179.79343,7214634549.08297,7854293379.621436,7648747856.0,7832382530.341456,7832382530.341456,0.0,0.0,0.0,False,True,False,4732136179.79343,7214634549.08297,7854293379.621436,False,3827516062.159965,7002417742.507303,8200784216.404007,False,0.0,4732136179.79343
2023-07-01,2024-01-01,854239,6,5000232279,4656329955.319664,7326115208.762579,8950592318.207815,6790652840.0,6953685972.522612,6953685972.522612,0.0,0.0,0.44,False,True,False,4645061636.82779,7326115208.762579,8950592318.207815,False,3901325080.5787096,5651409778.357439,7617828723.4024725,False,0.0,4656329955.319664
2024-01-01,2024-02-01,854231,1,7785886742,6876993910.388687,9524685491.48915,10398535420.151934,7572954940.0,6622868458.974576,6622868458.974576,2.42,1.51,3.46,True,False,False,6653326560.447206,9308017945.928755,10250938608.398296,False,6591391635.702743,9415232602.111841,11004044270.695917,False,2.42,6653326560.447206
2023-11-01,2024-02-01,854231,3,7785886742,7364105936.4703865,8361372266.251542,11598882203.191898,9884640002.0,8644534533.248417,8644534533.248417,0.0,0.0,0.0,False,False,False,7364105936.4703865,8361372266.251542,11598882203.191898,False,5380209435.236207,6578575909.132912,10016198700.70425,True,0.0,7364105936.4703865
2023-08-01,2024-02-01,854231,6,7785886742,5630208922.7022,7787618853.277965,12175525606.3453,9284253916.0,8119471581.77434,8119471581.77434,0.0,0.0,0.44,False,False,False,5616583817.109261,7787618853.277965,12175525606.3453,False,5112147558.940451,6652366173.294466,10349083571.960419,False,0.0,5630208922.7022
2024-01-01,2024-02-01,854232,1,761708072,620753615.5003073,711352094.3858407,1118357630.9003673,1132435511.0,1003797712.8831573,1003797712.8831573,2.42,1.51,3.46,True,True,True,600564224.9097754,695170256.9427515,1102483662.6873674,True,471160515.67678773,775573723.2430643,1338944410.2877073,True,2.42,600564224.9097754
2023-11-01,2024-02-01,854232,3,761708072,89252287.51780522,761398507.6172534,1767340817.6323771,1233645253.0,1093510642.718236,1093510642.718236,0.0,0.0,0.0,False,True,True,89252287.51780522,761398507.6172534,1767340817.6323771,True,0.0,914669425.454386,2296255335.974955,False,0.0,89252287.51780522
2023-08-01,2024-02-01,854232,6,761708072,0.0,856189926.5442019,2787919886.606169,1374757483.0,1218593380.1968224,1218593380.1968224,0.0,0.0,0.44,False,True,True,0.0,856189926.5442019,2787919886.606169,True,0.0,772563457.3593497,2623603081.2380753,True,0.0,0.0
2024-01-01,2024-02-01,854233,1,385284135,274290488.64941585,364888967.53494924,606679095.845271,446603440.0,399933971.91247773,399933971.91247773,2.42,1.51,3.46,True,False,False,265369464.79658225,356588473.3014642,598067892.7588432,False,110809868.97375704,415223076.5400336,821111314.5747783,False,2.42,265369464.79658225
2023-11-01,2024-02-01,854233,3,385284135,0.0,564261745.9533006,1355302807.5589108,467728767.0,418851730.2151453,418851730.2151453,0.0,0.0,0.0,False,False,False,0.0,564261745.9533006,1355302807.5589108,False,0.0,582423719.3698144,1969514908.7889147,False,0.0,0.0
2023-08-01,2024-02-01,854233,6,385284135,0.0,628063404.8208693,2341182603.367113,454915049.0,407377028.77821416,407377028.77821416,0.0,0.0,0.44,False,False,False,0.0,628063404.8208693,2341182603.367113,False,0.0,605622186.3504497,2148651492.129104,False,0.0,0.0
2024-01-01,2024-02-01,854239,1,4043742666,4530479086.339231,4668403781.231447,5877265779.813134,6435945164.0,6061613734.142074,6061613734.142074,2.42,1.51,3.46,True,True,True,4383129784.535133,4562206932.015994,5793843869.334466,True,4784789001.862462,5089202209.428739,6848894753.457093,False,2.42,4383129784.535133
2023-11-01,2024-02-01,854239,3,4043742666,5567193167.733115,7688245753.880635,8327904584.419102,7317187936.0,6891601118.085023,6891601118.085023,0.0,0.0,0.0,False,True,False,5567193167.733115,7688245753.880635,8327904584.419102,False,3798168829.512396,6824708260.054685,8490577798.945759,False,0.0,5567193167.733115
2023-08-01,2024-02-01,854239,6,4043742666,4556602151.789671,6667922965.939641,8423853851.058188,7995422743.0,7530388012.056825,7530388012.056825,0.0,0.0,0.44,False,True,False,4545575174.58234,6667922965.939641,8423853851.058188,False,4545773745.646144,5984689544.541131,7895284362.463402,True,0.0,4556602151.789671
2024-02-01,2024-03-01,854231,1,12234081455,7040146253.329582,9805098592.215563,10544101431.45219,8402093288.0,8641217323.633814,8641217323.633814,2.42,1.51,3.46,True,False,False,6811172536.586291,9582052209.439844,10394438455.734158,False,6762883855.750651,9992660380.555176,11199149783.77994,False,2.42,6811172536.586291
2023-12-01,2024-03-01,854231,3,12234081455,7554278024.617678,9756921169.480701,11178974440.15089,9506948455.0,9777516729.26197,9777516729.26197,0.0,0.0,0.0,False,False,False,7554278024.617678,9756921169.480701,11178974440.15089,False,5277052143.323233,7384698092.340925,9554712519.984547,True,0.0,7554278024.617678
2023-09-01,2024-03-01,854231,6,12234081455,5723516221.065266,8919108650.176287,12322561855.046165,12739791163.0,13102366317.977089,13102366317.977089,0.0,0.0,0.44,False,False,True,5709665311.810287,8919108650.176287,12322561855.046165,True,5475061810.528864,6870908454.873819,11005997424.717493,True,0.0,5723516221.065266
2024-02-01,2024-03-01,854232,1,793809402,642842962.0641108,822719833.4090887,1106527734.203776,910123193.0,949367717.4159428,949367717.4159428,2.42,1.51,3.46,True,False,False,621935137.5659376,804004602.6386988,1090821679.5444875,False,492722811.4938501,797136019.0601267,1353540703.2906022,False,2.42,621935137.5659376
2023-12-01,2024-03-01,854232,3,793809402,85321137.6895566,927588018.6829591,1736824430.6451323,933503344.0,973756020.8439053,973756020.8439053,0.0,0.0,0.0,False,False,False,85321137.6895566,927588018.6829591,1736824430.6451323,False,0.0,964009081.9568456,2281093926.8133125,False,0.0,85321137.6895566
2023-09-01,2024-03-01,854232,6,793809402,0.0,852304706.3911508,2823422423.864189,1683571278.0,1756166894.3227355,1756166894.3227355,0.0,0.0,0.44,False,True,True,0.0,852304706.3911508,2823422423.864189,True,0.0,773226468.4432737,2555479532.6216054,True,0.0,0.0
2024-02-01,2024-03-01,854233,1,648467106,351752383.2825965,454172891.7023119,569168650.6872829,411261754.0,414075471.83544564,414075471.83544564,2.42,1.51,3.46,True,False,False,340311988.76871336,443841366.7618677,561089870.8594276,False,144234415.83125308,461247176.66316634,815933100.2601587,False,2.42,340311988.76871336
2023-12-01,2024-03-01,854233,3,648467106,0.0,584834120.6368318,1351519561.702019,389501119.0,392165957.7184001,392165957.7184001,0.0,0.0,0.0,False,False,False,0.0,584834120.6368318,1351519561.702019,False,0.0,606509138.3959599,1914584722.4213977,False,0.0,0.0
2023-09-01,2024-03-01,854233,6,648467106,0.0,567518554.7631687,2265351046.7720814,412625795.0,415448845.1559268,415448845.1559268,0.0,0.0,0.44,False,False,False,0.0,567518554.7631687,2265351046.7720814,False,0.0,571305262.9992197,2065568799.5722134,False,0.0,0.0
2024-02-01,2024-03-01,854239,1,4340849637,5818660018.624379,6440483490.434786,6531081969.320319,6464786877.0,6642610732.886896,6642610732.886896,2.42,1.51,3.46,True,True,False,5629413920.178639,6293975371.994375,6438379791.847786,False,5586978597.884008,6756064559.022895,7060477766.589171,False,2.42,5629413920.178639
2023-12-01,2024-03-01,854239,3,4340849637,4552261709.7789135,7144906326.24821,7784565156.786676,7241136951.0,7440315503.693362,7440315503.693362,0.0,0.0,0.0,False,True,False,4552261709.7789135,7144906326.24821,7784565156.786676,False,3670450759.9747725,6961285831.712463,8201269326.358991,False,0.0,4552261709.7789135
2023-09-01,2024-03-01,854239,6,4340849637,5053324066.896927,7502191958.3287735,9126669067.77401,8076349029.0,8298501367.994295,8298501367.994295,0.0,0.0,0.44,False,True,False,5041095022.655036,7502191958.3287735,9126669067.77401,False,4387485671.518228,6105334623.822628,7743814718.967501,True,0.0,5053324066.896927
2024-03-01,2024-04-01,854231,1,10905950416,8291227534.239914,8467933953.219432,9692356614.363375,10306921891.0,9730353954.677794,9730353954.677794,2.42,1.51,3.46,True,False,False,8021563649.916295,8275305391.651596,9554783304.5791,False,8409668420.89659,8851317176.552364,11328020072.063675,False,2.42,8021563649.916295
2024-01-01,2024-04-01,854231,3,10905950416,7203587674.816287,9422237175.001762,9700934821.818161,7572954940.0,7149324776.912267,7149324776.912267,2.42,1.51,3.46,True,False,False,7009177250.648345,9244383026.08643,9586677211.486788,False,6277670017.818398,8940436602.491499,10758175383.535168,False,2.42,7009177250.648345
2023-10-01,2024-04-01,854231,6,10905950416,5736114555.5731,8358665471.791666,10962963378.977201,12332135325.0,11642277199.560032,11642277199.560032,0.0,0.0,0.0,False,False,True,5736114555.5731,8358665471.791666,10962963378.977201,True,6398168817.026192,7794015461.371147,10498002154.256495,True,0.0,5736114555.5731
2024-03-01,2024-04-01,854232,1,806315679,555908536.429405,719219767.5825225,1061405514.2631185,1066343934.0,1071167426.5808194,1071167426.5808194,2.42,1.51,3.46,True,True,True,537828167.190575,702858956.3095553,1046339924.3936678,True,392857245.99470115,822526315.56777,1353869375.6138482,True,2.42,537828167.190575
2024-01-01,2024-04-01,854232,3,806315679,348605359.4918153,723774582.2660038,1269809073.6889753,1132435511.0,1137557961.751021,1137557961.751021,2.42,1.51,3.46,True,True,True,339197198.0498502,710112613.2511507,1254853262.4190667,True,0.0,800158898.9092408,2298589765.1354947,True,2.42,339197198.0498502
2023-10-01,2024-04-01,854232,6,806315679,0.0,799264417.6165514,2734155408.610544,1229896603.0,1235459908.5626736,1235459908.5626736,0.0,0.0,0.0,False,True,True,0.0,799264417.6165514,2734155408.610544,True,0.0,715585774.68019,2470750953.840268,True,0.0,0.0
2024-03-01,2024-04-01,854233,1,328432903,353702100.0275777,444300578.9131111,606044456.9844654,416151442.0,404059588.46314234,404059588.46314234,2.42,1.51,3.46,True,False,False,342198292.92628074,434193629.34399563,597442261.9620278,False,143878300.73466513,446471257.0701546,875594880.0276815,False,2.42,342198292.92628074
2024-01-01,2024-04-01,854233,3,328432903,153005967.6770954,439792393.67300695,894523831.9030344,446603440.0,433626761.70331204,433626761.70331204,2.42,1.51,3.46,True,True,False,148876642.62142596,431490872.4500353,883988130.2108805,False,0.0,487622963.3167196,1821516535.3145406,False,2.42,148876642.62142596
2023-10-01,2024-04-01,854233,6,328432903,0.0,619789258.2378012,2244266367.6830373,520434359.0,505312421.6246721,505312421.6246721,0.0,0.0,0.0,False,True,False,0.0,619789258.2378012,2244266367.6830373,False,0.0,573951897.8446432,2066432697.1352751,False,0.0,0.0
2024-03-01,2024-04-01,854239,1,3583249504,4607137286.432836,4697735765.318369,5282200102.413614,7064966768.0,7059660776.554666,7059660776.554666,2.42,1.51,3.46,True,True,True,4457294753.328894,4590871672.128906,5207224554.159955,True,4534583806.460513,4837176762.796002,5647759741.372369,True,2.42,4457294753.328894
2024-01-01,2024-04-01,854239,3,3583249504,5023056720.449489,5301754367.265886,6428649154.648269,6435945164.0,6431111585.710927,6431111585.710927,2.42,1.51,3.46,True,True,False,4887494465.677998,5201678451.829375,6352932524.904821,False,4828646039.189089,5993031524.357812,7967501724.900275,False,2.42,4887494465.677998
2023-10-01,2024-04-01,854239,6,3583249504,4486257749.802394,6657247496.996368,8281724606.441605,7648747856.0,7643003428.315601,7643003428.315601,0.0,0.0,0.0,False,True,False,4486257749.802394,6657247496.996368,8281724606.441605,False,4467100473.13244,5862947117.477395,7556949895.121402,True,0.0,4486257749.802394
2024-04-01,2024-05-01,854231,1,11763478688,6693869588.620669,9959240054.378407,11352989251.822157,7653428861.0,8043143460.19341,8043143460.19341,3.8,2.66,4.95,True,False,False,6382403836.662149,9603495999.63601,11069119108.569595,False,7550212477.892551,9491836646.174078,10613296172.919333,False,3.8,6382403836.662149
2024-02-01,2024-05-01,854231,3,11763478688,6999698043.518671,10142579850.175419,10421277496.991817,8402093288.0,8829930075.613483,8829930075.613483,2.42,1.51,3.46,True,False,False,6810790192.720189,9951128512.923508,10298535690.632248,False,6628075829.210579,9203120545.514843,10748443043.16609,False,2.42,6810790192.720189
2023-11-01,2024-05-01,854231,6,11763478688,5891611243.227096,8198861121.366297,12769047235.199213,9884640002.0,10387968456.018875,10387968456.018875,0.0,0.0,0.0,False,False,True,5891611243.227096,8198861121.366297,12769047235.199213,True,5582066376.83873,7018909691.740083,10029521852.18617,True,0.0,5891611243.227096
2024-04-01,2024-05-01,854232,1,824976596,182910597.67032206,773073081.232982,1400129480.1691687,974223360.0,958816834.7828386,958816834.7828386,3.8,2.66,4.95,True,False,False,174399767.560722,745458910.7713399,1365120642.6470187,True,367765994.73968416,788179163.0243806,1316111694.259232,False,3.8,174399767.560722
2024-02-01,2024-05-01,854232,3,824976596,368230595.81150854,844050955.835682,1285004714.215152,910123193.0,895730358.153915,895730358.153915,2.42,1.51,3.46,True,False,False,358292788.49174756,828118649.9933277,1269869928.691126,False,0.0,869935444.7289906,2289461637.434196,False,2.42,358292788.49174756
2023-11-01,2024-05-01,854232,6,824976596,0.0,827218944.3753161,2772761514.34993,1233645253.0,1214136188.1594937,1214136188.1594937,0.0,0.0,0.0,False,True,True,0.0,827218944.3753161,2772761514.34993,True,0.0,688015232.0092115,2575015910.613257,True,0.0,0.0
2024-04-01,2024-05-01,854233,1,311146783,0.0,655642764.8546017,1212017841.5649643,348908224.0,344586788.9500273,344586788.9500273,3.8,2.66,4.95,True,False,False,0.0,632223205.2939954,1181712547.454474,False,144329994.10810623,605585256.8602022,1193585269.0706916,False,3.8,0.0
2024-02-01,2024-05-01,854233,3,311146783,171470417.05107224,450168063.8674699,783279343.6988635,411261754.0,406168033.5422992,406168033.5422992,2.42,1.51,3.46,True,True,False,166842773.4356979,441670691.4939076,774053879.5887784,False,0.0,471789572.0491432,1852552698.5702431,False,2.42,166842773.4356979
2023-11-01,2024-05-01,854233,6,311146783,0.0,597747966.4756968,2317022597.6208644,467728767.0,461935669.13483095,461935669.13483095,0.0,0.0,0.0,False,True,False,0.0,597747966.4756968,2317022597.6208644,False,0.0,593826808.2277215,2130010527.1537867,False,0.0,0.0
2024-04-01,2024-05-01,854239,1,4257327633,3816116605.3432074,4790682245.7475195,6140610928.7786,5950118583.0,5890794557.069739,5890794557.069739,3.8,2.66,4.95,True,True,False,3638552699.696588,4619559075.929419,5987071093.115419,True,5037473888.031305,5418286078.750071,6076793116.752913,False,3.8,3638552699.696588
2024-02-01,2024-05-01,854239,3,4257327633,5056697094.486071,6795732501.5920925,7074430148.40849,6464786877.0,6400331491.955995,6400331491.955995,2.42,1.51,3.46,True,True,False,4920226953.30008,6667456254.89204,6991107510.120535,False,4684266384.787012,7246716323.586128,8411101808.754852,False,2.42,4920226953.30008
2023-11-01,2024-05-01,854239,6,4257327633,5146274213.055616,7388349596.782568,9759351203.241718,7317187936.0,7244233919.908275,7244233919.908275,0.0,0.0,0.0,False,True,False,5146274213.055616,7388349596.782568,9759351203.241718,False,4876471511.44786,6344291120.189645,8392067656.205697,False,0.0,5146274213.055616
2024-05-01,2024-06-01,854231,1,13651079199,6343984582.5920925,10120348340.827784,11871299101.546118,8835449002.0,8989617172.37094,8989617172.37094,3.8,2.66,4.95,True,False,False,6048798979.964083,9758849498.093416,11574469138.811058,False,7959912988.04637,10095108836.28927,11311420377.5057,False,3.8,6048798979.964083
2024-03-01,2024-06-01,854231,3,13651079199,8387645259.100909,10654630211.849659,10997343851.525623,10306921891.0,10486765528.797237,10486765528.797237,2.42,1.51,3.46,True,False,False,8161279488.848294,10453513411.970785,10867817135.642355,False,7556539894.775495,9409472052.300486,10849807262.821981,False,2.42,8161279488.848294
2023-12-01,2024-06-01,854231,6,13651079199,6304682788.797392,9632608967.834084,12406237918.182539,9506948455.0,9672833499.301247,9672833499.301247,0.0,0.0,0.0,False,False,False,6304682788.797392,9632608967.834084,12406237918.182539,False,5695638943.300232,7339033535.119097,10954133017.819754,True,0.0,6304682788.797392
2024-05-01,2024-06-01,854232,1,731251392,189159550.7285688,801102955.0895044,1446688696.767084,1081648632.0,1109975837.1653976,1109975837.1653976,3.8,2.66,4.95,True,True,True,180357956.8331685,772487557.5337073,1410515692.5931196,True,360606816.4064469,803244775.2208804,1377711659.7106433,True,3.8,180357956.8331685
2024-03-01,2024-06-01,854232,3,731251392,424013921.62308514,761252483.27745,1266865743.1297596,1066343934.0,1094270325.715064,1094270325.715064,2.42,1.51,3.46,True,True,True,412570633.9063213,746883081.4031048,1251944598.4071772,True,0.0,850253731.313546,2225206598.90335,True,2.42,412570633.9063213
2023-12-01,2024-06-01,854232,6,731251392,0.0,970444731.0300525,2837395650.8726892,933503344.0,957950784.6621102,957950784.6621102,0.0,0.0,0.0,False,True,False,0.0,970444731.0300525,2837395650.8726892,False,0.0,694782975.0579314,2627600581.310173,True,0.0,0.0
2024-05-01,2024-06-01,854233,1,403390691,0.0,448759727.19770753,1019812826.3972933,388322966.0,396031577.3033486,396031577.3033486,3.8,2.66,4.95,True,False,False,0.0,432730029.74220544,994313426.4860554,False,60872318.91424775,493455650.85550153,1055921514.0136688,False,3.8,0.0
2024-03-01,2024-06-01,854233,3,403390691,191035750.24930066,469733397.0656983,895632049.4354059,416151442.0,424412477.2479282,424412477.2479282,2.42,1.51,3.46,True,False,False,185880077.42157254,460866709.4626862,885083295.1571556,False,0.0,478593519.7584631,1787589010.5706236,False,2.42,185880077.42157254
2023-12-01,2024-06-01,854233,6,403390691,0.0,631364436.0009774,2322861373.0129004,389501119.0,397233117.85527843,397233117.85527843,0.0,0.0,0.0,False,False,False,0.0,631364436.0009774,2322861373.0129004,False,0.0,575306297.1850467,2130212700.5148613,False,0.0,0.0
2024-05-01,2024-06-01,854239,1,5126534055,3824841502.6651144,4484782300.686746,5400594403.926527,7277117128.0,7242716232.614379,7242716232.614379,3.8,2.66,4.95,True,True,True,3646871627.546107,4324585876.906216,5265557941.450748,True,3977054261.2199974,4927924125.619087,5311704794.62883,True,3.8,3646871627.546107
2024-03-01,2024-06-01,854239,3,5126534055,4382565787.722362,4869113179.282534,6145796957.356215,7064966768.0,7031568764.585473,7031568764.585473,2.42,1.51,3.46,True,True,True,4264289102.2433105,4777203798.910397,6073411760.792473,True,4059034867.914206,5329620408.9207325,6982042431.226294,True,2.42,4264289102.2433105
2023-12-01,2024-06-01,854239,6,5126534055,4684963975.639434,6713334678.979364,8337811788.424601,7241136951.0,7206906143.615322,7206906143.615322,0.0,0.0,0.0,False,True,False,4684963975.639434,6713334678.979364,8337811788.424601,False,4325752791.933263,5762596106.834616,7758106837.485627,True,0.0,4684963975.639434
2024-06-01,2024-07-01,854231,1,13779395122,8001654946.58812,9418722271.60547,10773340514.22648,9666064410.0,9568298951.010015,9568298951.010015,3.8,2.66,4.95,True,False,False,7629337941.923375,9082285512.063723,10503963908.00876,False,8940400175.980612,9511887698.874046,11146844890.16415,False,3.8,7629337941.923375
2024-04-01,2024-07-01,854231,3,13779395122,7989560014.174203,9544496914.326986,9917659962.345726,7653428861.0,7576019798.355148,7576019798.355148,3.8,2.66,4.95,True,False,False,7681083102.026937,9261598025.786335,9711888353.446978,False,8000354291.983156,9015348769.832478,10007438246.493269,False,3.8,7681083102.026937
2024-01-01,2024-07-01,854231,6,13779395122,6516393347.650831,9055365528.279634,12284402200.941772,7572954940.0,7496359814.598847,7496359814.598847,2.42,1.51,3.46,True,False,False,6392386382.245036,8934838613.098232,12182380240.66295,False,6318430121.211028,8743812721.221926,11965752767.917334,False,2.42,6392386382.245036
2024-06-01,2024-07-01,854232,1,757749992,165402540.25758326,771716861.1149765,1390792941.8633637,1034193916.0,1075499555.3603747,1075499555.3603747,3.8,2.66,4.95,True,True,True,157706360.0593979,744151134.8359495,1356017555.1450121,True,368055882.53228986,771375151.6324335,1322310141.9330065,True,3.8,157706360.0593979
2024-04-01,2024-07-01,854232,3,757749992,497358965.5492846,831944595.3917928,1101501247.9722133,974223360.0,1013133779.1603198,1013133779.1603198,3.8,2.66,4.95,True,True,False,478155935.8894267,807285757.58438,1078647300.0792859,True,572245347.8822476,850577748.370719,1226950811.6601934,False,3.8,478155935.8894267
2024-01-01,2024-07-01,854232,6,757749992,0.0,850097255.0002488,3382267811.139877,1132435511.0,1177664913.428865,1177664913.428865,2.42,1.51,3.46,True,True,True,0.0,838782460.5361954,3354178076.96836,True,0.0,837327019.4401866,3600922131.728437,True,2.42,0.0
2024-06-01,2024-07-01,854233,1,375540049,0.0,477654960.5267981,1146848203.417159,342118465.0,310756377.08322805,310756377.08322805,3.8,2.66,4.95,True,False,False,0.0,460593125.3367809,1118172410.9389164,False,138382719.02466232,564568196.2877345,1109723130.4728327,False,3.8,0.0
2024-04-01,2024-07-01,854233,3,375540049,433534650.65118957,567659884.0857272,824932930.71732,348908224.0,316923717.1246615,316923717.1246615,3.8,2.66,4.95,True,False,False,416795877.78954715,550834445.1214262,807817222.270797,False,494176459.84917665,607081338.1657643,856907915.2478809,False,3.8,416795877.78954715
2024-01-01,2024-07-01,854233,6,375540049,0.0,526386529.69930893,2814285430.0361195,446603440.0,405663187.47895354,405663187.47895354,2.42,1.51,3.46,True,False,False,0.0,519380324.9890111,2790912789.5396695,False,0.0,480001325.87261814,3138005095.7474604,False,2.42,0.0
2024-06-01,2024-07-01,854239,1,3932066531,4153567916.5765142,4671908199.318086,5415249838.467377,6589807926.0,6633353866.353294,6633353866.353294,3.8,2.66,4.95,True,True,True,3960302401.418209,4505027638.438444,5279846931.506338,True,4599248950.175816,4983029619.185558,5393486506.274925,True,3.8,3960302401.418209
2024-04-01,2024-07-01,854239,3,3932066531,5291597532.914796,5425722766.349334,5758453599.4898615,5950118583.0,5989437408.6501465,5989437408.6501465,3.8,2.66,4.95,True,True,False,5087288952.168956,5264904343.55474,5638977204.207646,False,5855715007.55924,5968619885.875828,6327723983.065521,False,3.8,5087288952.168956
2024-01-01,2024-07-01,854239,6,3932066531,2885196928.2663956,5991738992.570154,8835605739.998505,6435945164.0,6478474367.791034,6478474367.791034,2.42,1.51,3.46,True,True,False,2830291630.721486,5911988946.579045,8762226034.327818,False,2941867526.0620356,5828346879.455112,9597446096.280622,False,2.42,2830291630.721486
2024-07-01,2024-08-01,854231,1,12817651481,8011613352.122929,10158738916.87021,11825420632.139961,9698551118.0,10481281866.945135,10481281866.945135,4.91,3.57,6.25,True,False,False,7540931067.685707,9689872480.900982,11428583166.566608,False,8496357006.67198,10315024091.811543,11653938277.08217,False,4.91,7540931067.685707
2024-05-01,2024-08-01,854231,3,12817651481,7811819421.982898,9704787013.69034,10807444652.394522,8835449002.0,9548522277.632551,9548522277.632551,3.8,2.66,4.95,True,False,False,7510205074.100138,9417137126.604559,10583211790.746641,False,8628171517.756607,9281718743.980274,9973313516.11014,False,3.8,7510205074.100138
2024-02-01,2024-08-01,854231,6,12817651481,6027490980.550385,8866607828.682436,12343590970.378351,8402093288.0,9080192180.505434,9080192180.505434,2.42,1.51,3.46,True,False,False,5912787827.190512,8748593278.482672,12241077447.369358,False,5868988630.062196,8864586860.601147,11929731298.104267,False,2.42,5912787827.190512
2024-07-01,2024-08-01,854232,1,914944472,171873798.67477715,731797227.9780223,1408616992.7701588,1043712741.0,1079364023.8675756,1079364023.8675756,4.91,3.57,6.25,True,False,True,161776213.002634,698021858.7179247,1361346623.7267778,True,376703514.7105297,777059332.4120334,1345613160.136695,True,4.91,161776213.002634
2024-05-01,2024-08-01,854232,3,914944472,516550571.00155735,815626814.2249905,1127594952.6632318,1081648632.0,1118595734.2321823,1118595734.2321823,3.8,2.66,4.95,True,False,True,496606553.4551872,791451635.4513618,1104199612.585375,True,569511921.6719954,873307120.5992945,1299801426.053169,True,3.8,496606553.4551872
2024-02-01,2024-08-01,854232,6,914944472,0.0,978799233.6666932,3407356204.8462753,910123193.0,941211305.776027,941211305.776027,2.42,1.51,3.46,True,False,False,0.0,965771415.8665894,3379058111.5650268,False,0.0,927793543.1027116,3666085702.383628,False,2.42,0.0
2024-07-01,2024-08-01,854233,1,316277150,0.0,421091127.09209937,1078264188.7614827,388962935.0,415264562.0107022,415264562.0107022,4.91,3.57,6.25,True,True,False,0.0,401656087.2122906,1042079799.1150249,False,37528045.28397243,478928956.33963645,947915283.2747501,False,4.91,0.0
2024-05-01,2024-08-01,854233,3,316277150,324763839.6307292,458889073.06526685,650878299.6250138,388322966.0,414581318.383683,414581318.383683,3.8,2.66,4.95,True,True,False,312224707.78258675,445287600.9396123,637373876.664394,False,351551228.1453729,464936441.1678242,820094690.9726001,False,3.8,312224707.78258675
2024-02-01,2024-08-01,854233,6,316277150,0.0,491918577.9121266,2827299602.4386177,411261754.0,439071224.4768596,439071224.4768596,2.42,1.51,3.46,True,True,False,0.0,485371141.64011616,2803818879.240365,False,0.0,468482958.90406126,3103994776.729061,False,2.42,0.0
2024-07-01,2024-08-01,854239,1,3926994028,5173377230.889772,5691717513.631344,6210057796.372915,6191500751.0,6127640570.652705,6127640570.652705,4.91,3.57,6.25,True,True,False,4869441318.574999,5429021983.507203,6001660676.842233,False,5740354219.719819,6376839909.80445,6762530921.142337,False,4.91,4869441318.574999
2024-05-01,2024-08-01,854239,3,3926994028,4311755818.506182,4802427288.18925,5123958683.629282,7277117128.0,7202059717.706153,7202059717.706153,3.8,2.66,4.95,True,True,True,4145278926.3536577,4660083343.367321,5017646788.861341,True,5348732418.882645,5462117631.905096,5575502844.927547,True,3.8,4145278926.3536577
2024-02-01,2024-08-01,854239,6,3926994028,3627408685.383626,7823765275.510156,10025171607.243229,6464786877.0,6398107977.573982,6398107977.573982,2.42,1.51,3.46,True,True,False,3558379098.1007757,7719630959.693115,9941912557.045074,False,2658736288.0815883,7677523880.970355,10162133807.396948,False,2.42,3558379098.1007757
2024-08-01,2024-09-01,854231,1,17127381323,7391928434.926811,10356392162.820665,11366760741.126717,8783937860.0,9012895683.10288,9012895683.10288,4.91,3.57,6.25,True,False,False,6957652639.374862,9878403238.93784,10985314984.175987,False,8682360583.036522,10287930292.708948,11678006966.287012,False,4.91,6957652639.374862
2024-06-01,2024-09-01,854231,3,17127381323,8730499846.33412,9818601916.13234,9952727149.566877,9666064410.0,9918015311.811802,9918015311.811802,3.8,2.66,4.95,True,False,False,8393415247.267159,9527578555.338177,9746227966.667664,False,9635629385.924295,9749192564.587376,10464131827.359915,False,3.8,8393415247.267159
2024-03-01,2024-09-01,854231,6,17127381323,7300928001.064289,9549642884.298546,12992770392.967745,10306921891.0,10575577070.108335,10575577070.108335,2.42,1.51,3.46,True,False,False,7161991341.204036,9422537137.508532,12884865434.854147,False,6156945901.112477,9377030996.103842,12514257825.849466,False,2.42,7161991341.204036
2024-08-01,2024-09-01,854232,1,1182350829,177142949.0693251,823834113.4320176,1405191310.6272352,976700983.0,999459484.9848036,999459484.9848036,4.91,3.57,6.25,True,False,False,166735800.81150225,785810873.7606761,1358035900.6252065,True,352800751.4437066,822069355.2680053,1376985892.7273235,False,4.91,166735800.81150225
2024-06-01,2024-09-01,854232,3,1182350829,485471589.124436,743030045.148544,1146196208.1609225,1034193916.0,1058292083.9138514,1058292083.9138514,3.8,2.66,4.95,True,False,True,466727531.06834155,721006634.6103411,1122414929.2339997,True,568250184.3177738,867457527.1973432,1263810366.172719,False,3.8,466727531.06834155
2024-03-01,2024-09-01,854232,6,1182350829,0.0,862911369.2674037,3161993095.266403,1066343934.0,1091191242.3992198,1091191242.3992198,2.42,1.51,3.46,True,False,True,0.0,851426018.9424546,3135732742.6102157,True,0.0,911352603.2547967,3621156076.711253,False,2.42,0.0
2024-08-01,2024-09-01,854233,1,351490021,0.0,447973669.47077125,1077436505.8341086,396057929.0,399837622.0719277,399837622.0719277,4.91,3.57,6.25,True,False,False,0.0,427297892.73001724,1041279891.5713276,False,79238925.82994261,486573949.7285942,1025346786.1724447,False,4.91,0.0
2024-06-01,2024-09-01,854233,3,351490021,306890171.15580064,600969004.0287511,834766570.5992103,342118465.0,345383398.4788069,345383398.4788069,3.8,2.66,4.95,True,False,False,295041141.6474752,583156282.749339,817446833.7924179,False,333335097.76028687,555206924.4716123,888385739.1282262,False,3.8,295041141.6474752
2024-03-01,2024-09-01,854233,6,351490021,0.0,499335056.4867195,2760576987.408616,416151442.0,420122893.16163075,420122893.16163075,2.42,1.51,3.46,True,False,False,0.0,492688906.88488126,2737650395.5281873,False,0.0,480514582.6971589,3099179075.6310744,False,2.42,0.0
2024-08-01,2024-09-01,854239,1,4780265869,4120236460.7449303,4638576743.486502,5363631645.480143,6174216137.0,6330908785.669913,6330908785.669913,4.91,3.57,6.25,True,True,True,3878172568.6761656,4424487872.467626,5183638894.72112,True,5015676932.169641,5405239509.685441,5794802087.201242,False,4.91,3878172568.6761656
2024-06-01,2024-09-01,854239,3,4780265869,4764381966.671062,4898507200.1056,5401751308.132081,6589807926.0,6757047691.378969,6757047691.378969,3.8,2.66,4.95,True,True,True,4580429178.937893,4753315446.69447,5289675771.990956,True,5761912289.902743,5875475468.565826,5989038647.228909,False,3.8,4580429178.937893
2024-03-01,2024-09-01,854239,6,4780265869,2652959484.789034,5100333617.957632,7751485744.929816,7064966768.0,7244265375.479707,7244265375.479707,2.42,1.51,3.46,True,True,True,2602473665.7934985,5032448177.502616,7687109655.818174,True,2773985764.517752,5272552873.816358,8578635288.462863,True,2.42,2602473665.7934985
2024-09-01,2024-10-01,854231,1,13739891159,8342312209.247534,9803408757.380136,11540191138.957554,10006843639.0,10475180226.906921,10475180226.906921,4.91,3.57,6.25,True,False,False,7852201366.954242,9350942229.592014,11152925404.716417,False,9438039960.54908,11048376549.47402,11759123338.782232,False,4.91,7852201366.954242
2024-07-01,2024-10-01,854231,3,13739891159,9378823488.156101,10282170117.159548,10724174211.851059,9698551118.0,10152459113.578403,10152459113.578403,4.91,3.57,6.25,True,False,False,8921605843.108492,9888383566.012571,10425548856.747854,False,10064235863.739828,10179081301.203829,10643085493.594831,False,4.91,8921605843.108492
2024-04-01,2024-10-01,854231,6,13739891159,8407401264.923277,9016094803.802084,10831995892.375027,7653428861.0,8011621802.536488,8011621802.536488,3.8,2.66,4.95,True,False,False,8178509765.485741,8827658422.40262,10673523792.46958,False,9687851738.396881,9768016141.329994,10748735993.432144,False,3.8,8178509765.485741
2024-09-01,2024-10-01,854232,1,663831279,219388720.34321523,874471005.078632,1529304888.2212985,872745635.0,879455308.803821,879455308.803821,4.91,3.57,6.25,True,True,False,206499633.02305135,834110670.3102328,1477984474.7823682,False,374541252.4193283,881115804.384585,1500680376.2884657,False,4.91,206499633.02305135
2024-07-01,2024-10-01,854232,3,663831279,467940859.7102555,788804113.5831835,1096121892.0155287,1043712741.0,1051736810.9651301,1051736810.9651301,4.91,3.57,6.25,True,True,True,445128742.79938054,758594493.6411748,1065599281.8104643,True,564764167.9890633,910427923.1010478,1269430247.6146653,False,4.91,445128742.79938054
2024-04-01,2024-10-01,854232,6,663831279,301330312.07252157,1008130446.0756745,1465402760.9494514,974223360.0,981713195.1770759,981713195.1770759,3.8,2.66,4.95,True,True,False,293126594.3263472,987060519.7526929,1443963918.556761,False,682038210.6809505,991407430.6182009,1215130977.7166893,False,3.8,293126594.3263472
2024-09-01,2024-10-01,854233,1,368316453,0.0,459157020.2997737,1082224433.63407,357352561.0,401140245.0406815,401140245.0406815,4.91,3.57,6.25,True,False,False,0.0,437965087.1848579,1045907146.0901778,False,93272024.88584116,489924157.37135273,1023632601.6100562,False,4.91,0.0
2024-07-01,2024-10-01,854233,3,368316453,331436375.70956004,478072169.67248267,749976830.6008368,388962935.0,436623950.9268346,436623950.9268346,4.91,3.57,6.25,True,False,False,315278852.393719,459762961.71836597,729092975.7759259,False,363909127.5639144,490981318.77219826,761877931.0232793,False,4.91,315278852.393719
2024-04-01,2024-10-01,854233,6,368316453,207648570.03514326,628135140.1869019,1120413162.0285513,348908224.0,391661193.305591,391661193.305591,3.8,2.66,4.95,True,False,False,201995337.71593648,615007115.7569957,1104021517.4680736,False,578737449.1103946,658901852.0435089,918108342.4636812,False,3.8,201995337.71593648
2024-09-01,2024-10-01,854239,1,4576452353,3980200816.594198,4498541099.33577,5336737094.871457,5893738153.0,6266052254.98025,6266052254.98025,4.91,3.57,6.25,True,True,True,3746364018.6192894,4290915433.4370265,5157646871.441761,True,4890584551.158577,5280147128.674377,5740334335.78142,False,4.91,3746364018.6192894
2024-07-01,2024-10-01,854239,3,4576452353,4777289040.332511,5804867667.964089,5938992901.398627,6191500751.0,6582624852.915731,6582624852.915731,4.91,3.57,6.25,True,True,False,4544396199.616302,5582552846.016401,5773615705.066281,False,6024217488.918522,6672502107.150951,6787347544.614954,False,4.91,4544396199.616302
2024-04-01,2024-10-01,854239,6,4576452353,4557793937.927766,6378743983.759056,6764453316.487378,5950118583.0,6325994300.481276,6325994300.481276,3.8,2.66,4.95,True,True,False,4433707997.967682,6245428234.498491,6665489364.467168,False,5521053125.919792,6149525439.694575,6653821695.437888,False,3.8,4433707997.967682
2024-10-01,2024-11-01,854231,1,12923783797,7977959448.333597,10801230629.115341,12390870957.199686,9666009873.0,9540314054.030231,9540314054.030231,3.46,2.27,4.64,True,False,False,7629992769.035079,10449931404.133993,12126474552.71496,False,9487851992.147507,11135944384.539951,12260939883.172335,False,3.46,7629992769.035079
2024-08-01,2024-11-01,854231,3,12923783797,8875215952.506914,9553839942.014183,9687965175.44872,8783937860.0,8669712416.65793,8669712416.65793,4.91,3.57,6.25,True,False,False,8442549174.822203,9187946979.914925,9418194097.173176,False,9738234742.009731,9855973775.313463,10412782719.44649,False,4.91,8442549174.822203
2024-05-01,2024-11-01,854231,6,12923783797,8598529140.276817,9085114455.36026,10675679416.574327,8835449002.0,8720553712.95481,8720553712.95481,3.8,2.66,4.95,True,False,False,8364434184.43278,8895235563.24323,10519494226.709845,False,10540360889.66418,10625652681.926958,11218914156.919735,False,3.8,8364434184.43278
2024-10-01,2024-11-01,854232,1,1139768618,367692709.7147441,1099096326.8379538,1759944982.5941572,762715927.0,728665099.7238734,728665099.7238734,3.46,2.27,4.64,True,False,False,351655424.4878258,1063349317.9038762,1722391276.5555632,False,648921562.5288943,1180339646.7685707,1938111551.8113024,False,3.46,351655424.4878258
2024-08-01,2024-11-01,854232,3,1139768618,465703727.58402777,792071057.4456583,1113192634.9258075,976700983.0,933096968.326584,933096968.326584,4.91,3.57,6.25,True,False,False,443000670.86430645,761736320.0876045,1082194672.8136635,False,581889886.245304,927810969.9590241,1315034699.7189257,False,4.91,443000670.86430645
2024-05-01,2024-11-01,854232,6,1139768618,332984142.31994975,887334243.8269339,1475843281.7936184,1081648632.0,1033359315.5744749,1033359315.5744749,3.8,2.66,4.95,True,False,False,323918649.0452891,868788958.1309509,1454251694.5809777,False,731681620.9230573,1022343658.5527613,1380036956.9259171,False,3.8,323918649.0452891
2024-10-01,2024-11-01,854233,1,334322647,0.0,391408069.37604386,952041547.9302812,346949386.0,371088758.5715747,371088758.5715747,3.46,2.27,4.64,True,False,False,0.0,378677913.3276574,931726885.3805449,False,62510758.8930363,459295230.7570968,934570183.3328563,False,3.46,0.0
2024-08-01,2024-11-01,854233,3,334322647,334995932.64276135,469121166.077299,762648790.5415006,396057929.0,423614080.6862211,423614080.6862211,4.91,3.57,6.25,True,True,False,318664880.92642677,451154763.65887064,741412072.320082,False,368254459.69845754,524464848.6411846,771766792.2122264,False,4.91,318664880.92642677
2024-05-01,2024-11-01,854233,6,334322647,88808806.59517574,514131502.5445641,1054322015.3497345,388322966.0,415340949.4080264,415340949.4080264,3.8,2.66,4.95,True,False,False,86390986.83562207,503386154.1413827,1038897284.265168,False,483830940.14956546,569122732.4123431,870564097.4394013,False,3.8,86390986.83562207
2024-10-01,2024-11-01,854239,1,4200219416,5074311700.392704,5592651983.134275,6110992265.875847,5532946180.0,5306703902.40691,5306703902.40691,3.46,2.27,4.64,True,True,False,4852990521.268376,5410756570.034817,5980595912.906589,False,5667913024.456839,6144972371.691582,6541756843.555642,False,3.46,4852990521.268376
2024-08-01,2024-11-01,854239,3,4200219416,4675750182.636187,4809875416.0707245,5362966106.131882,6174216137.0,5921752318.314005,5921752318.314005,4.91,3.57,6.25,True,True,False,4447807361.232673,4625666807.386048,5213628951.940533,True,4739570839.356853,4857309872.6605835,5744481878.956438,False,4.91,4447807361.232673
2024-05-01,2024-11-01,854239,6,4200219416,3790680830.637327,4951028617.892924,5932398903.435379,7277117128.0,6979555666.205624,6979555666.205624,3.8,2.66,4.95,True,True,True,3687479545.023226,4847552119.778962,5845607907.478119,True,4802314807.091473,5792070403.005957,6436054828.332773,False,3.8,3687479545.023226
2024-11-01,2024-12-01,854231,1,15633393908,7966849707.141499,10465833678.635788,13133908298.717327,9604501026.0,10329568171.803703,10329568171.803703,3.46,2.27,4.64,True,False,False,7619367590.3148155,10125442904.071838,12853656963.439297,False,9265837230.795416,12163718824.171925,13277376642.635384,False,3.46,7619367590.3148155
2024-09-01,2024-12-01,854231,3,15633393908,9491168625.272911,9731006514.736746,10014630317.234379,10006843639.0,10762284607.374329,10762284607.374329,4.91,3.57,6.25,True,False,False,9028474154.790857,9358328427.23536,9735762921.42067,False,11030005107.492004,11154242785.002617,11433008917.975626,False,4.91,9028474154.790857
2024-06-01,2024-12-01,854231,6,15633393908,8942209989.217768,9444134738.721785,10906895535.739996,9666064410.0,10395779125.417372,10395779125.417372,3.8,2.66,4.95,True,False,False,8698758322.261314,9246752322.682499,10747327654.05212,False,10819515325.423296,10907314119.770306,11336073826.046276,False,3.8,8698758322.261314
2024-11-01,2024-12-01,854232,1,1124518825,218680226.58925903,777837799.5337267,1530763484.9168248,679709775.0,633360014.0699711,633360014.0699711,3.46,2.27,4.64,True,False,False,209142269.8263419,752539402.9416918,1498100053.6756697,False,436533425.7808854,835766356.1628406,1524735041.693,False,3.46,209142269.8263419
2024-09-01,2024-12-01,854232,3,1124518825,540056436.4372138,868741934.4930843,1142466445.9937196,872745635.0,813232658.9875889,813232658.9875889,4.91,3.57,6.25,True,False,False,513728685.16089964,835470855.8858682,1110653325.3385785,False,632073446.5582862,933321903.8100652,1402943360.8013287,False,4.91,513728685.16089964
2024-06-01,2024-12-01,854232,6,1124518825,369375906.4126123,866373652.8827217,1446464837.9070919,1034193916.0,963671698.2462676,963671698.2462676,3.8,2.66,4.95,True,False,False,359319647.36052895,848266443.5374727,1425303057.328511,False,738871398.5934212,1006933471.7836057,1332886753.9895947,False,3.8,359319647.36052895
2024-11-01,2024-12-01,854233,1,318907797,0.0,367653832.62808913,1014243322.1883205,330048368.0,302779542.5960326,302779542.5960326,3.46,2.27,4.64,True,False,False,0.0,355696259.37569314,992601398.1794661,False,32452986.913065456,429237458.77712595,944483013.6824744,False,3.46,0.0
2024-09-01,2024-12-01,854233,3,318907797,301082501.94661427,464723304.4320379,772706965.6060562,357352561.0,327827844.2058554,327827844.2058554,4.91,3.57,6.25,True,False,False,286404729.9767168,446925331.31889975,751190167.44179,False,356650228.89442736,553029741.0110893,940823539.0521305,False,4.91,286404729.9767168
2024-06-01,2024-12-01,854233,6,318907797,141497769.73486698,568295059.8217852,1050369484.345359,342118465.0,313852399.7984344,313852399.7984344,3.8,2.66,4.95,True,False,False,137645492.95383522,556417693.0715098,1035002578.7893864,False,442819169.9018928,600780738.2922342,1019806977.7115053,False,3.8,137645492.95383522
2024-11-01,2024-12-01,854239,1,4903897583,4693971393.050531,5212311675.792103,5730651958.533674,5105571743.0,4993977141.225243,4993977141.225243,3.46,2.27,4.64,True,False,False,4489239136.771239,5042786450.84864,5608371307.042483,False,5348608871.403801,5745393343.267861,6142177815.131922,False,3.46,4489239136.771239
2024-09-01,2024-12-01,854239,3,4903897583,5205995104.86777,5340120338.302308,5554547767.086924,5893738153.0,5764916270.700435,5764916270.700435,4.91,3.57,6.25,True,False,False,4952202843.505466,5135604409.586006,5399875829.964621,False,5691461804.359972,5815699481.870586,6426908187.497786,False,4.91,4952202843.505466
2024-06-01,2024-12-01,854239,6,4903897583,4054054070.1059847,4920863661.063863,5663670807.9081135,6589807926.0,6445771757.615457,6445771757.615457,3.8,2.66,4.95,True,True,True,3943682448.047349,4818017610.547627,5580811303.988418,True,5631389997.250499,5719188791.59751,6825597318.096156,False,3.8,3943682448.047349
