{
  "model_name": "TimeSeries_value_usd_xgboost",
  "model_type": "time_series",
  "config": {
    "objective": "reg:squarederror",
    "max_depth": 6,
    "learning_rate": 0.1,
    "n_estimators": 100,
    "subsample": 0.8,
    "colsample_bytree": 0.8,
    "random_state": 42
  },
  "metrics": {
    "test": {
      "mae": 65611270.83138088,
      "rmse": 188032343.36803377,
      "r2": 0.023619400364941034,
      "mape": 128452.16886664489
    }
  },
  "feature_importance": {
    "feature_0": 0.0,
    "feature_1": 0.010312598198652267,
    "feature_2": 0.012723120860755444,
    "feature_3": 0.016582977026700974,
    "feature_4": 0.01960342936217785,
    "feature_5": 0.02226385660469532,
    "feature_6": 0.03373035043478012,
    "feature_7": 0.026397092267870903,
    "feature_8": 0.023196641355752945,
    "feature_9": 0.02752378024160862,
    "feature_10": 0.0,
    "feature_11": 0.0,
    "feature_12": 0.0,
    "feature_13": 0.01760242134332657,
    "feature_14": 0.0,
    "feature_15": 0.0,
    "feature_16": 0.0,
    "feature_17": 0.0,
    "feature_18": 0.0,
    "feature_19": 0.0,
    "feature_20": 0.0,
    "feature_21": 0.0,
    "feature_22": 0.0,
    "feature_23": 0.0,
    "feature_24": 0.03024788573384285,
    "feature_25": 0.02958420105278492,
    "feature_26": 0.04333813488483429,
    "feature_27": 0.10704432427883148,
    "feature_28": 0.0989888533949852,
    "feature_29": 0.260185182094574,
    "feature_30": 0.1338774859905243,
    "feature_31": 0.0,
    "feature_32": 0.0,
    "feature_33": 0.0,
    "feature_34": 0.0,
    "feature_35": 0.0,
    "feature_36": 0.0,
    "feature_37": 0.0,
    "feature_38": 0.0249823909252882,
    "feature_39": 0.0,
    "feature_40": 0.0,
    "feature_41": 0.0,
    "feature_42": 0.0,
    "feature_43": 0.0,
    "feature_44": 0.0,
    "feature_45": 0.0,
    "feature_46": 0.02341863512992859,
    "feature_47": 0.0,
    "feature_48": 0.03839663788676262
  },
  "training_history": [],
  "saved_at": "2026-03-06T19:12:34.095610"
}