{
  "model_name": "TimeSeries_log_value_usd_xgboost",
  "model_type": "time_series",
  "config": {
    "objective": "reg:squarederror",
    "max_depth": 8,
    "learning_rate": 0.05,
    "n_estimators": 200,
    "subsample": 0.8,
    "colsample_bytree": 0.8,
    "random_state": 42,
    "min_child_weight": 3
  },
  "metrics": {
    "test": {
      "mae": 5.485147900357432,
      "rmse": 7.10425526156177,
      "r2": -0.10374098994341918,
      "mape": 22.410115501522473
    }
  },
  "feature_importance": {
    "feature_0": 0.058655329048633575,
    "feature_1": 0.0,
    "feature_2": 0.01319296658039093,
    "feature_3": 0.020152384415268898,
    "feature_4": 0.023052595555782318,
    "feature_5": 0.024198440834879875,
    "feature_6": 0.02546214871108532,
    "feature_7": 0.03264376521110535,
    "feature_8": 0.023565856739878654,
    "feature_9": 0.026779133826494217,
    "feature_10": 0.02787354215979576,
    "feature_11": 0.0,
    "feature_12": 0.0,
    "feature_13": 0.03290191665291786,
    "feature_14": 0.05519406124949455,
    "feature_15": 0.0,
    "feature_16": 0.0,
    "feature_17": 0.025229983031749725,
    "feature_18": 0.0337664894759655,
    "feature_19": 0.0,
    "feature_20": 0.022711968049407005,
    "feature_21": 0.0,
    "feature_22": 0.01572723686695099,
    "feature_23": 0.0,
    "feature_24": 0.0,
    "feature_25": 0.13096226751804352,
    "feature_26": 0.1823239028453827,
    "feature_27": 0.025796469300985336,
    "feature_28": 0.029624417424201965,
    "feature_29": 0.028580443933606148,
    "feature_30": 0.029165377840399742,
    "feature_31": 0.03099137730896473,
    "feature_32": 0.0,
    "feature_33": 0.0,
    "feature_34": 0.0,
    "feature_35": 0.0,
    "feature_36": 0.0,
    "feature_37": 0.0,
    "feature_38": 0.0,
    "feature_39": 0.028244683519005775,
    "feature_40": 0.0,
    "feature_41": 0.0,
    "feature_42": 0.0,
    "feature_43": 0.0,
    "feature_44": 0.0,
    "feature_45": 0.0,
    "feature_46": 0.0,
    "feature_47": 0.024120064452290535,
    "feature_48": 0.0,
    "feature_49": 0.02908320538699627
  },
  "training_history": [],
  "saved_at": "2026-03-12T21:39:09.066992"
}