{
  "model_name": "TimeSeries_log_value_usd_xgboost",
  "model_type": "time_series",
  "config": {
    "objective": "reg:pseudohubererror",
    "max_depth": 8,
    "learning_rate": 0.05,
    "n_estimators": 200,
    "subsample": 0.8,
    "colsample_bytree": 0.8,
    "random_state": 42,
    "min_child_weight": 2
  },
  "metrics": {
    "test": {
      "mae": 5.611055218496207,
      "rmse": 7.478581202373087,
      "r2": -0.22311835437834038,
      "mape": 22.44685062656955
    }
  },
  "feature_importance": {
    "feature_0": 0.024894174188375473,
    "feature_1": 0.0,
    "feature_2": 0.0027668504044413567,
    "feature_3": 0.004154464695602655,
    "feature_4": 0.004799169488251209,
    "feature_5": 0.004402328282594681,
    "feature_6": 0.005177668295800686,
    "feature_7": 0.017134785652160645,
    "feature_8": 0.004652414470911026,
    "feature_9": 0.005224449094384909,
    "feature_10": 0.005841545294970274,
    "feature_11": 0.0,
    "feature_12": 0.0,
    "feature_13": 0.005365733988583088,
    "feature_14": 0.01103969570249319,
    "feature_15": 0.0,
    "feature_16": 0.0,
    "feature_17": 0.024720152840018272,
    "feature_18": 0.05209705978631973,
    "feature_19": 0.0,
    "feature_20": 0.009982246905565262,
    "feature_21": 0.0,
    "feature_22": 0.0007131703314371407,
    "feature_23": 0.0,
    "feature_24": 0.0,
    "feature_25": 0.7491381764411926,
    "feature_26": 0.007348206359893084,
    "feature_27": 0.005984306335449219,
    "feature_28": 0.008683227933943272,
    "feature_29": 0.006242568604648113,
    "feature_30": 0.017434274777770042,
    "feature_31": 0.006532014347612858,
    "feature_32": 0.0,
    "feature_33": 0.0,
    "feature_34": 0.0,
    "feature_35": 0.0,
    "feature_36": 0.0,
    "feature_37": 0.0,
    "feature_38": 0.0,
    "feature_39": 0.005064727738499641,
    "feature_40": 0.0,
    "feature_41": 0.0,
    "feature_42": 0.0,
    "feature_43": 0.0,
    "feature_44": 0.0,
    "feature_45": 0.0,
    "feature_46": 0.0,
    "feature_47": 0.004553362261503935,
    "feature_48": 0.0,
    "feature_49": 0.006053199525922537
  },
  "training_history": [],
  "saved_at": "2026-03-12T21:46:25.421413"
}