{
  "model_name": "TimeSeries_log_value_usd_xgboost",
  "model_type": "time_series",
  "config": {
    "objective": "reg:squarederror",
    "max_depth": 6,
    "learning_rate": 0.05,
    "n_estimators": 150,
    "subsample": 0.8,
    "colsample_bytree": 0.8,
    "random_state": 42,
    "min_child_weight": 2
  },
  "metrics": {
    "test": {
      "mae": 5.084505535825628,
      "rmse": 6.017257059972224,
      "r2": 0.036887987692198254,
      "mape": 28.657418527622603
    }
  },
  "feature_importance": {
    "feature_0": 0.05946004390716553,
    "feature_1": 0.0,
    "feature_2": 0.021202843636274338,
    "feature_3": 0.028818657621741295,
    "feature_4": 0.034943483769893646,
    "feature_5": 0.031681858003139496,
    "feature_6": 0.050775498151779175,
    "feature_7": 0.13688357174396515,
    "feature_8": 0.041346240788698196,
    "feature_9": 0.039964474737644196,
    "feature_10": 0.042728301137685776,
    "feature_11": 0.0,
    "feature_12": 0.0,
    "feature_13": 0.0,
    "feature_14": 0.0,
    "feature_15": 0.0,
    "feature_16": 0.0,
    "feature_17": 0.0,
    "feature_18": 0.0,
    "feature_19": 0.0,
    "feature_20": 0.0,
    "feature_21": 0.0,
    "feature_22": 0.0,
    "feature_23": 0.0,
    "feature_24": 0.0,
    "feature_25": 0.08190880715847015,
    "feature_26": 0.08256959170103073,
    "feature_27": 0.04531340301036835,
    "feature_28": 0.04635133594274521,
    "feature_29": 0.04158693552017212,
    "feature_30": 0.03732891380786896,
    "feature_31": 0.04146932065486908,
    "feature_32": 0.0,
    "feature_33": 0.0,
    "feature_34": 0.0,
    "feature_35": 0.0,
    "feature_36": 0.0,
    "feature_37": 0.0,
    "feature_38": 0.0,
    "feature_39": 0.03340946137905121,
    "feature_40": 0.0,
    "feature_41": 0.0,
    "feature_42": 0.0,
    "feature_43": 0.0,
    "feature_44": 0.0,
    "feature_45": 0.0,
    "feature_46": 0.0,
    "feature_47": 0.0528266616165638,
    "feature_48": 0.0,
    "feature_49": 0.04943056404590607
  },
  "training_history": [],
  "saved_at": "2026-03-12T21:41:37.739070"
}