{
  "model_name": "TimeSeries_log_value_usd_xgboost",
  "model_type": "time_series",
  "config": {
    "objective": "reg:squarederror",
    "max_depth": 6,
    "learning_rate": 0.05,
    "n_estimators": 150,
    "subsample": 0.8,
    "colsample_bytree": 0.8,
    "random_state": 42,
    "min_child_weight": 2
  },
  "metrics": {
    "test": {
      "mae": 5.327235735485041,
      "rmse": 6.29570307121447,
      "r2": 0.06691514258057174,
      "mape": 29.224540776643902
    }
  },
  "feature_importance": {
    "feature_0": 0.05199806019663811,
    "feature_1": 0.0,
    "feature_2": 0.014944720081984997,
    "feature_3": 0.02119378186762333,
    "feature_4": 0.02596035599708557,
    "feature_5": 0.028514031320810318,
    "feature_6": 0.04590746760368347,
    "feature_7": 0.06012904644012451,
    "feature_8": 0.029124783352017403,
    "feature_9": 0.03145488351583481,
    "feature_10": 0.03227490931749344,
    "feature_11": 0.0,
    "feature_12": 0.0,
    "feature_13": 0.0,
    "feature_14": 0.0,
    "feature_15": 0.0,
    "feature_16": 0.0,
    "feature_17": 0.0,
    "feature_18": 0.0,
    "feature_19": 0.0,
    "feature_20": 0.0,
    "feature_21": 0.0,
    "feature_22": 0.0,
    "feature_23": 0.0,
    "feature_24": 0.0,
    "feature_25": 0.15155208110809326,
    "feature_26": 0.23771703243255615,
    "feature_27": 0.0376816987991333,
    "feature_28": 0.034719835966825485,
    "feature_29": 0.033077485859394073,
    "feature_30": 0.03289014473557472,
    "feature_31": 0.03400067612528801,
    "feature_32": 0.0,
    "feature_33": 0.0,
    "feature_34": 0.0,
    "feature_35": 0.0,
    "feature_36": 0.0,
    "feature_37": 0.0,
    "feature_38": 0.0,
    "feature_39": 0.02830330841243267,
    "feature_40": 0.0,
    "feature_41": 0.0,
    "feature_42": 0.0,
    "feature_43": 0.0,
    "feature_44": 0.0,
    "feature_45": 0.0,
    "feature_46": 0.0,
    "feature_47": 0.03343450278043747,
    "feature_48": 0.0,
    "feature_49": 0.03512124344706535
  },
  "training_history": [],
  "saved_at": "2026-03-12T21:41:37.498929"
}