{
  "model_name": "TimeSeries_log_value_usd_xgboost",
  "model_type": "time_series",
  "config": {
    "objective": "reg:squarederror",
    "max_depth": 6,
    "learning_rate": 0.05,
    "n_estimators": 150,
    "subsample": 0.8,
    "colsample_bytree": 0.8,
    "random_state": 42,
    "min_child_weight": 2
  },
  "metrics": {
    "test": {
      "mae": 5.493432938504012,
      "rmse": 6.774752087637216,
      "r2": 0.058727800416052856,
      "mape": 25.19723530735086
    }
  },
  "feature_importance": {
    "feature_0": 0.0823940709233284,
    "feature_1": 0.0,
    "feature_2": 0.01850634254515171,
    "feature_3": 0.025984350591897964,
    "feature_4": 0.030347006395459175,
    "feature_5": 0.03547421097755432,
    "feature_6": 0.03144829720258713,
    "feature_7": 0.10074682533740997,
    "feature_8": 0.03569968044757843,
    "feature_9": 0.03658170625567436,
    "feature_10": 0.040306687355041504,
    "feature_11": 0.0,
    "feature_12": 0.0,
    "feature_13": 0.0,
    "feature_14": 0.0,
    "feature_15": 0.0,
    "feature_16": 0.0,
    "feature_17": 0.0,
    "feature_18": 0.0,
    "feature_19": 0.0,
    "feature_20": 0.0,
    "feature_21": 0.0,
    "feature_22": 0.0,
    "feature_23": 0.0,
    "feature_24": 0.0,
    "feature_25": 0.10629383474588394,
    "feature_26": 0.12526479363441467,
    "feature_27": 0.04624703899025917,
    "feature_28": 0.049628742039203644,
    "feature_29": 0.03463246673345566,
    "feature_30": 0.037940945476293564,
    "feature_31": 0.0411190427839756,
    "feature_32": 0.0,
    "feature_33": 0.0,
    "feature_34": 0.0,
    "feature_35": 0.0,
    "feature_36": 0.0,
    "feature_37": 0.0,
    "feature_38": 0.0,
    "feature_39": 0.04140453785657883,
    "feature_40": 0.0,
    "feature_41": 0.0,
    "feature_42": 0.0,
    "feature_43": 0.0,
    "feature_44": 0.0,
    "feature_45": 0.0,
    "feature_46": 0.0,
    "feature_47": 0.03987059369683266,
    "feature_48": 0.0,
    "feature_49": 0.04010888561606407
  },
  "training_history": [],
  "saved_at": "2026-03-12T21:41:37.250639"
}