{
  "model_name": "TimeSeries_log_value_usd_xgboost",
  "model_type": "time_series",
  "config": {
    "objective": "reg:squarederror",
    "max_depth": 6,
    "learning_rate": 0.05,
    "n_estimators": 150,
    "subsample": 0.8,
    "colsample_bytree": 0.8,
    "random_state": 42,
    "min_child_weight": 2
  },
  "metrics": {
    "test": {
      "mae": 5.462108859304983,
      "rmse": 6.797523883424259,
      "r2": 0.03564112155359089,
      "mape": 23.946610138699956
    }
  },
  "feature_importance": {
    "feature_0": 0.09441634267568588,
    "feature_1": 0.0,
    "feature_2": 0.018540306016802788,
    "feature_3": 0.023904407396912575,
    "feature_4": 0.03511403501033783,
    "feature_5": 0.036005884408950806,
    "feature_6": 0.04646335542201996,
    "feature_7": 0.12362819164991379,
    "feature_8": 0.03881855309009552,
    "feature_9": 0.04471095651388168,
    "feature_10": 0.045667123049497604,
    "feature_11": 0.0,
    "feature_12": 0.0,
    "feature_13": 0.0,
    "feature_14": 0.0,
    "feature_15": 0.0,
    "feature_16": 0.0,
    "feature_17": 0.0,
    "feature_18": 0.0,
    "feature_19": 0.0,
    "feature_20": 0.0,
    "feature_21": 0.0,
    "feature_22": 0.0,
    "feature_23": 0.0,
    "feature_24": 0.0,
    "feature_25": 0.07134489715099335,
    "feature_26": 0.08291076123714447,
    "feature_27": 0.05341602489352226,
    "feature_28": 0.05357113108038902,
    "feature_29": 0.03628981113433838,
    "feature_30": 0.0399332195520401,
    "feature_31": 0.044679898768663406,
    "feature_32": 0.0,
    "feature_33": 0.0,
    "feature_34": 0.0,
    "feature_35": 0.0,
    "feature_36": 0.0,
    "feature_37": 0.0,
    "feature_38": 0.0,
    "feature_39": 0.035254012793302536,
    "feature_40": 0.0,
    "feature_41": 0.0,
    "feature_42": 0.0,
    "feature_43": 0.0,
    "feature_44": 0.0,
    "feature_45": 0.0,
    "feature_46": 0.0,
    "feature_47": 0.03369797021150589,
    "feature_48": 0.0,
    "feature_49": 0.041633136570453644
  },
  "training_history": [],
  "saved_at": "2026-03-12T21:41:38.004433"
}